txn_id,timestamp,sender_id,receiver_id,amount,currency,txn_type,channel,sender_country,receiver_country,is_cross_border,label_is_laundering,pattern_label
T-000001,2025-02-22 18:32:00.000000,C-N0196,C-LAY08,13283.8,USD,deposit,atm,SG,GB,True,,
T-000002,2025-02-07 23:33:00.000000,C-N0068,C-N0168,14693.98,USD,withdrawal,atm,US,CA,True,,
T-000003,2025-01-30 14:32:00.000000,C-N0022,C-N0131,4038.14,USD,withdrawal,branch,AU,DE,True,,
T-000004,2025-02-10 19:21:00.000000,C-N0195,C-N0143,10542.21,USD,transfer,mobile,CA,FR,True,,
T-000005,2025-03-25 19:29:00.000000,C-N0117,C-N0011,5837.52,USD,deposit,branch,SG,US,True,,
T-000006,2025-03-18 03:57:00.000000,C-SMF16,C-N0043,14422.21,USD,withdrawal,branch,CA,JP,True,,
T-000007,2025-01-20 11:10:00.000000,C-N0051,C-N0077,3537.82,USD,transfer,mobile,FR,CA,True,,
T-000008,2025-03-01 05:07:00.000000,C-N0074,C-LAY13,9367.56,USD,withdrawal,atm,SG,JP,True,,
T-000009,2025-01-09 09:24:00.000000,C-SMF19,C-N0156,2841.05,USD,deposit,online,SG,US,True,,
T-000010,2025-01-23 13:30:00.000000,C-N0184,C-N0069,8522.19,USD,deposit,atm,SG,CA,True,,
T-000011,2025-03-13 14:22:00.000000,C-LAY15,C-N0047,9826.1,USD,transfer,mobile,JP,JP,False,,
T-000012,2025-01-25 12:59:00.000000,C-N0093,C-N0146,4042.45,USD,transfer,mobile,DE,FR,True,,
T-000013,2025-01-31 21:14:00.000000,C-N0019,C-N0098,12617.55,USD,withdrawal,branch,FR,DE,True,,
T-000014,2025-02-07 10:07:00.000000,C-N0085,C-N0129,7716.13,USD,transfer,online,DE,CA,True,,
T-000015,2025-03-03 14:14:00.000000,C-RCO06,C-LAY22,13172.4,USD,withdrawal,atm,SG,US,True,,
T-000016,2025-03-27 16:20:00.000000,C-N0021,C-N0114,14381.63,USD,transfer,online,JP,US,True,,
T-000017,2025-02-04 18:22:00.000000,C-N0046,C-N0014,11525.54,USD,transfer,online,GB,DE,True,,
T-000018,2025-01-11 05:52:00.000000,C-N0176,C-N0094,9750.25,USD,transfer,mobile,SG,JP,True,,
T-000019,2025-03-26 11:10:00.000000,C-N0048,C-N0030,5670.58,USD,withdrawal,atm,GB,DE,True,,
T-000020,2025-01-31 12:05:00.000000,C-N0117,C-HUB02,4722.23,USD,transfer,online,AU,JP,True,,
T-000021,2025-03-21 16:52:00.000000,C-N0014,C-N0114,9177.97,USD,withdrawal,branch,AU,US,True,,
T-000022,2025-03-08 08:10:00.000000,C-LAY17,C-LAY18,235276.71,USD,wire,wire,DE,SG,True,True,layering
T-000023,2025-01-14 19:56:00.000000,C-N0064,C-SMF20,9422.13,USD,transfer,mobile,FR,GB,True,,
T-000024,2025-02-21 13:22:00.000000,C-LAY06,C-N0087,1945.98,USD,transfer,mobile,SG,GB,True,,
T-000025,2025-01-05 20:54:00.000000,C-N0006,C-N0196,805.27,USD,deposit,atm,CA,DE,True,,
T-000026,2025-02-21 08:38:00.000000,C-N0181,C-N0124,5887.28,USD,withdrawal,atm,GB,US,True,,
T-000027,2025-02-21 04:36:00.000000,C-N0163,C-N0023,3049.71,USD,withdrawal,branch,AU,SG,True,,
T-000028,2025-01-08 17:11:00.000000,C-N0190,C-SMF22,10641.37,USD,transfer,mobile,CA,JP,True,,
T-000029,2025-02-28 06:41:00.000000,C-N0036,C-LAY23,9552.0,USD,deposit,atm,JP,AU,True,,
T-000030,2025-03-06 05:35:00.000000,C-N0086,C-N0137,2623.42,USD,transfer,online,SG,JP,True,,
T-000031,2025-01-16 01:39:00.000000,C-LAY04,C-N0034,4861.26,USD,transfer,mobile,SG,DE,True,,
T-000032,2025-01-31 22:38:00.000000,C-N0028,C-SMF04,10034.51,USD,withdrawal,atm,AU,CA,True,,
T-000033,2025-02-24 13:30:21.061877,C-RCO04,C-N0150,8808.44,USD,cash,atm,US,US,False,True,rapid_cashout
T-000034,2025-01-16 12:03:00.000000,C-STR01,C-N0100,8907.5,USD,cash,atm,US,US,False,True,structuring
T-000035,2025-03-13 00:33:00.000000,C-N0062,C-STR03,3768.4,USD,deposit,branch,AU,GB,True,,
T-000036,2025-02-26 14:41:00.000000,C-N0088,C-RCO07,333.11,USD,transfer,online,GB,CA,True,,
T-000037,2025-03-29 08:21:00.000000,C-N0079,C-SMF06,12945.69,USD,transfer,online,DE,CA,True,,
T-000038,2025-02-01 00:35:00.000000,C-N0196,C-N0194,10096.57,USD,deposit,branch,JP,GB,True,,
T-000039,2025-01-13 10:33:00.000000,C-HUB02,C-N0171,5800.18,USD,withdrawal,branch,SG,CA,True,,
T-000040,2025-03-07 01:23:00.000000,C-N0115,C-N0171,9617.98,USD,transfer,mobile,DE,FR,True,,
T-000041,2025-03-13 21:41:00.000000,C-N0190,C-N0133,860.18,USD,transfer,mobile,AU,FR,True,,
T-000042,2025-03-26 21:58:00.000000,C-N0168,C-N0086,12839.85,USD,transfer,mobile,FR,FR,False,,
T-000043,2025-02-04 19:22:00.000000,C-N0193,C-N0184,189.98,USD,deposit,branch,CA,SG,True,,
T-000044,2025-01-11 17:54:00.000000,C-N0040,C-N0191,13161.02,USD,deposit,branch,JP,GB,True,,
T-000045,2025-03-22 21:48:00.000000,C-N0158,C-N0187,11712.74,USD,deposit,atm,GB,AU,True,,
T-000046,2025-02-25 07:35:00.000000,C-N0152,C-N0189,6266.89,USD,withdrawal,branch,SG,AU,True,,
T-000047,2025-03-31 07:41:00.000000,C-N0079,C-N0162,1913.09,USD,transfer,online,GB,FR,True,,
T-000048,2025-01-15 13:33:00.000000,C-SMF11,C-N0135,5131.76,USD,transfer,mobile,SG,SG,False,,
T-000049,2025-02-24 04:21:00.000000,C-N0081,C-N0186,7248.67,USD,deposit,online,AU,GB,True,,
T-000050,2025-01-17 07:56:00.000000,C-N0031,C-N0167,6221.7,USD,deposit,atm,AU,DE,True,,
T-000051,2025-03-31 12:23:00.000000,C-N0167,C-N0196,6479.55,USD,transfer,online,GB,CA,True,,
T-000052,2025-01-30 16:15:00.000000,C-STR06,C-N0094,9349.02,USD,cash,branch,US,US,False,True,structuring
T-000053,2025-02-05 19:12:00.000000,C-N0007,C-N0010,7188.63,USD,transfer,online,JP,SG,True,,
T-000054,2025-02-15 14:19:12.958124,C-HUB01,C-SMF03,9052.63,USD,transfer,online,US,US,False,True,smurfing
T-000055,2025-01-11 00:41:00.000000,C-N0031,C-N0006,9293.76,USD,transfer,online,CA,CA,False,,
T-000056,2025-03-05 15:01:00.000000,C-N0119,C-N0148,1765.91,USD,transfer,mobile,CA,JP,True,,
T-000057,2025-03-19 20:56:00.000000,C-N0025,C-N0063,14434.17,USD,transfer,online,FR,FR,False,,
T-000058,2025-01-01 14:37:00.000000,C-N0070,C-N0156,6487.71,USD,transfer,mobile,SG,AU,True,,
T-000059,2025-01-13 15:59:00.000000,C-N0166,C-N0024,10441.3,USD,withdrawal,atm,DE,DE,False,,
T-000060,2025-02-18 11:46:00.000000,C-STR09,C-N0091,9212.42,USD,transfer,atm,US,US,False,True,structuring
T-000061,2025-03-27 11:55:00.000000,C-N0051,C-SMF22,3140.72,USD,withdrawal,branch,CA,SG,True,,
T-000062,2025-03-05 01:49:00.000000,C-RCO05,C-HUB02,1168.72,USD,transfer,online,DE,JP,True,,
T-000063,2025-03-18 17:32:00.000000,C-LAY08,C-N0157,5015.72,USD,withdrawal,branch,DE,DE,False,,
T-000064,2025-01-19 00:23:00.000000,C-N0033,C-N0065,5688.49,USD,withdrawal,atm,GB,US,True,,
T-000065,2025-03-10 11:44:00.000000,C-N0134,C-N0056,7797.47,USD,transfer,mobile,CA,DE,True,,
T-000066,2025-02-26 06:52:00.000000,C-N0186,C-LAY19,13218.66,USD,deposit,branch,FR,SG,True,,
T-000067,2025-03-20 13:04:00.000000,C-LAY15,C-N0053,14484.19,USD,transfer,mobile,AU,DE,True,,
T-000068,2025-01-21 18:32:00.000000,C-N0083,C-LAY09,10796.67,USD,transfer,online,US,SG,True,,
T-000069,2025-02-15 07:15:00.000000,C-N0052,C-SMF15,11664.36,USD,deposit,online,CA,CA,False,,
T-000070,2025-01-25 23:15:00.000000,C-N0061,C-N0002,1012.92,USD,withdrawal,atm,US,FR,True,,
T-000071,2025-01-12 23:04:00.000000,C-N0166,C-SMF18,13044.15,USD,transfer,mobile,DE,US,True,,
T-000072,2025-01-29 14:24:00.000000,C-SMF03,C-SMF10,749.54,USD,transfer,online,SG,SG,False,,
T-000073,2025-03-29 21:04:00.000000,C-SMF23,C-N0013,10573.34,USD,transfer,online,AU,SG,True,,
T-000074,2025-02-16 06:38:00.000000,C-LAY22,C-N0147,3853.18,USD,deposit,atm,FR,FR,False,,
T-000075,2025-02-03 19:08:00.000000,C-HUB02,C-N0103,2216.87,USD,withdrawal,branch,US,JP,True,,
T-000076,2025-03-08 15:54:00.000000,C-STR10,C-SMF18,2326.23,USD,transfer,online,DE,GB,True,,
T-000077,2025-03-31 08:39:00.000000,C-N0077,C-N0057,9062.05,USD,withdrawal,branch,GB,AU,True,,
T-000078,2025-03-30 16:04:00.000000,C-N0186,C-N0102,5005.96,USD,transfer,mobile,DE,AU,True,,
T-000079,2025-01-17 16:15:00.000000,C-N0037,C-N0175,9296.26,USD,transfer,mobile,AU,AU,False,,
T-000080,2025-02-07 09:33:00.000000,C-N0191,C-N0174,8939.99,USD,deposit,atm,DE,GB,True,,
T-000081,2025-01-21 02:52:00.000000,C-SMF11,C-N0120,11121.69,USD,deposit,atm,GB,AU,True,,
T-000082,2025-01-01 22:59:00.000000,C-N0041,C-LAY01,5728.45,USD,withdrawal,atm,DE,US,True,,
T-000083,2025-02-23 22:36:00.000000,C-RCO03,C-STR08,9117.56,USD,deposit,online,CA,SG,True,,
T-000084,2025-01-26 14:50:00.000000,C-N0191,C-N0007,11135.84,USD,transfer,online,CA,SG,True,,
T-000085,2025-02-25 10:51:00.000000,C-N0064,C-N0009,9362.45,USD,transfer,mobile,JP,FR,True,,
T-000086,2025-02-19 18:58:00.000000,C-N0003,C-N0025,1598.13,USD,transfer,online,DE,DE,False,,
T-000087,2025-03-29 22:42:00.000000,C-N0038,C-N0167,6602.0,USD,transfer,mobile,CA,GB,True,,
T-000088,2025-02-22 23:01:00.000000,C-N0011,C-N0118,12901.55,USD,deposit,branch,GB,US,True,,
T-000089,2025-02-12 14:55:00.000000,C-N0127,C-N0056,11473.27,USD,transfer,online,GB,SG,True,,
T-000090,2025-03-17 14:07:00.000000,C-N0143,C-N0074,2711.29,USD,transfer,online,JP,AU,True,,
T-000091,2025-02-28 03:10:00.000000,C-SMF14,C-N0143,2926.78,USD,withdrawal,atm,GB,GB,False,,
T-000092,2025-01-13 00:00:00.000000,C-N0063,C-SMF21,13463.26,USD,transfer,mobile,JP,SG,True,,
T-000093,2025-01-19 14:17:00.000000,C-STR04,C-N0160,9652.75,USD,transfer,atm,US,US,False,True,structuring
T-000094,2025-03-16 07:07:00.000000,C-N0183,C-N0125,8042.6,USD,transfer,online,CA,FR,True,,
T-000095,2025-01-13 07:06:00.000000,C-N0036,C-N0094,2857.45,USD,deposit,online,FR,SG,True,,
T-000096,2025-01-08 09:39:00.000000,C-N0148,C-N0021,10321.35,USD,transfer,mobile,SG,FR,True,,
T-000097,2025-02-19 19:36:00.000000,C-N0192,C-N0006,4605.13,USD,withdrawal,atm,JP,GB,True,,
T-000098,2025-03-12 18:25:00.000000,C-N0118,C-SMF17,9102.91,USD,withdrawal,atm,JP,DE,True,,
T-000099,2025-01-28 19:12:00.000000,C-N0018,C-N0164,10576.9,USD,deposit,atm,SG,FR,True,,
T-000100,2025-03-26 02:41:00.000000,C-N0033,C-N0031,11546.13,USD,deposit,atm,JP,DE,True,,
T-000101,2025-01-24 15:42:00.000000,C-LAY23,C-SMF18,12803.24,USD,deposit,online,US,DE,True,,
T-000102,2025-01-09 12:36:00.000000,C-SMF19,C-N0128,2004.19,USD,deposit,branch,US,CA,True,,
T-000103,2025-01-05 21:38:00.000000,C-SMF04,C-N0142,10661.89,USD,transfer,mobile,GB,SG,True,,
T-000104,2025-01-27 22:26:00.000000,C-STR04,C-N0040,11867.95,USD,withdrawal,branch,JP,DE,True,,
T-000105,2025-03-22 23:56:00.000000,C-N0189,C-N0102,14815.55,USD,deposit,atm,AU,US,True,,
T-000106,2025-03-14 12:07:00.000000,C-N0160,C-N0004,7821.35,USD,withdrawal,atm,DE,GB,True,,
T-000107,2025-02-23 11:03:00.000000,C-N0088,C-N0005,1685.32,USD,transfer,mobile,CA,SG,True,,
T-000108,2025-01-09 02:49:00.000000,C-N0005,C-N0120,11796.59,USD,deposit,atm,JP,FR,True,,
T-000109,2025-03-18 06:48:00.000000,C-N0165,C-N0136,603.21,USD,transfer,mobile,US,SG,True,,
T-000110,2025-03-04 23:25:00.000000,C-LAY03,C-N0156,13346.87,USD,transfer,mobile,GB,US,True,,
T-000111,2025-02-04 17:41:00.000000,C-N0013,C-N0106,6198.78,USD,withdrawal,atm,CA,DE,True,,
T-000112,2025-02-16 02:21:00.000000,C-N0097,C-HUB03,138863.76,USD,wire,wire,US,US,False,True,smurfing
T-000113,2025-01-19 12:56:00.000000,C-STR04,C-N0082,1651.74,USD,withdrawal,atm,AU,AU,False,,
T-000114,2025-01-12 22:37:00.000000,C-LAY08,C-N0040,12265.78,USD,withdrawal,branch,US,AU,True,,
T-000115,2025-02-15 00:34:00.000000,C-N0195,C-N0118,6923.33,USD,transfer,online,JP,US,True,,
T-000116,2025-02-23 03:05:00.000000,C-N0102,C-LAY01,13625.73,USD,deposit,atm,GB,JP,True,,
T-000117,2025-03-11 19:50:00.000000,C-N0089,C-N0193,223.46,USD,deposit,atm,SG,AU,True,,
T-000118,2025-03-03 14:58:00.000000,C-N0126,C-N0079,7088.47,USD,transfer,online,AU,GB,True,,
T-000119,2025-02-09 06:54:00.000000,C-N0058,C-LAY21,2553.82,USD,transfer,mobile,SG,SG,False,,
T-000120,2025-02-19 20:50:00.000000,C-STR03,C-N0186,9163.53,USD,transfer,atm,US,US,False,True,structuring
T-000121,2025-01-19 08:41:00.000000,C-LAY11,C-LAY01,11421.94,USD,withdrawal,branch,JP,DE,True,,
T-000122,2025-03-25 17:15:00.000000,C-N0037,C-N0007,5445.84,USD,withdrawal,branch,SG,US,True,,
T-000123,2025-02-13 19:12:00.000000,C-SMF04,C-N0096,2847.12,USD,withdrawal,atm,FR,DE,True,,
T-000124,2025-02-21 08:48:00.000000,C-N0109,C-N0057,6301.79,USD,withdrawal,branch,AU,CA,True,,
T-000125,2025-01-30 18:00:00.000000,C-N0131,C-N0003,7383.74,USD,withdrawal,atm,US,FR,True,,
T-000126,2025-02-08 20:17:00.000000,C-N0045,C-N0068,14667.78,USD,transfer,mobile,US,FR,True,,
T-000127,2025-03-14 13:22:00.000000,C-RCO05,C-N0143,4955.9,USD,withdrawal,atm,SG,FR,True,,
T-000128,2025-03-16 16:07:00.000000,C-N0106,C-N0126,12936.52,USD,transfer,mobile,US,SG,True,,
T-000129,2025-03-18 17:28:00.000000,C-STR05,C-N0138,9930.35,USD,transfer,branch,US,US,False,True,structuring
T-000130,2025-01-19 18:54:00.000000,C-N0129,C-N0160,12345.5,USD,deposit,branch,DE,SG,True,,
T-000131,2025-02-28 16:46:00.000000,C-N0189,C-N0147,2142.16,USD,transfer,online,GB,GB,False,,
T-000132,2025-03-19 16:26:00.000000,C-N0104,C-SMF19,14035.71,USD,transfer,mobile,JP,DE,True,,
T-000133,2025-02-24 11:53:17.839829,C-RCO04,C-N0157,8808.44,USD,cash,atm,US,US,False,True,rapid_cashout
T-000134,2025-02-26 15:48:00.000000,C-N0083,C-N0069,13840.58,USD,deposit,online,DE,FR,True,,
T-000135,2025-02-17 22:43:00.000000,C-N0037,C-N0155,14609.68,USD,transfer,online,CA,DE,True,,
T-000136,2025-02-14 20:31:00.000000,C-SMF14,C-LAY23,12736.5,USD,deposit,branch,DE,GB,True,,
T-000137,2025-01-27 10:12:00.000000,C-N0110,C-N0019,9922.04,USD,withdrawal,branch,CA,US,True,,
T-000138,2025-01-17 02:07:00.000000,C-STR08,C-N0002,9023.38,USD,transfer,branch,US,US,False,True,structuring
T-000139,2025-01-10 01:10:00.000000,C-N0170,C-LAY05,9775.55,USD,withdrawal,atm,SG,SG,False,,
T-000140,2025-02-13 21:37:00.000000,C-LAY04,C-LAY25,8014.45,USD,withdrawal,branch,SG,AU,True,,
T-000141,2025-03-12 03:06:00.000000,C-N0177,C-N0066,2171.09,USD,transfer,online,SG,GB,True,,
T-000142,2025-03-05 00:41:00.000000,C-SMF21,C-N0178,13504.47,USD,transfer,mobile,CA,DE,True,,
T-000143,2025-03-28 14:50:00.000000,C-LAY23,C-SMF22,3567.45,USD,deposit,online,AU,DE,True,,
T-000144,2025-03-26 09:41:00.000000,C-N0080,C-N0173,5517.12,USD,transfer,online,AU,CA,True,,
T-000145,2025-01-18 11:04:00.000000,C-N0015,C-N0090,7248.36,USD,transfer,mobile,US,DE,True,,
T-000146,2025-01-31 08:32:00.000000,C-N0173,C-LAY25,11824.74,USD,transfer,mobile,AU,AU,False,,
T-000147,2025-03-07 21:59:00.000000,C-N0179,C-N0166,4470.31,USD,transfer,online,DE,SG,True,,
T-000148,2025-03-17 04:22:00.000000,C-N0009,C-N0149,6816.61,USD,withdrawal,atm,FR,AU,True,,
T-000149,2025-03-06 10:39:00.000000,C-N0070,C-N0033,13292.57,USD,transfer,online,US,CA,True,,
T-000150,2025-03-21 18:44:00.000000,C-N0053,C-LAY25,6435.67,USD,transfer,online,US,CA,True,,
T-000151,2025-03-24 06:36:00.000000,C-N0157,C-N0052,11360.64,USD,deposit,online,SG,DE,True,,
T-000152,2025-02-09 05:38:00.000000,C-N0035,C-N0124,11539.81,USD,transfer,mobile,US,CA,True,,
T-000153,2025-03-10 20:00:00.000000,C-LAY19,C-N0143,14813.47,USD,transfer,mobile,SG,JP,True,,
T-000154,2025-03-13 17:16:00.000000,C-N0053,C-N0065,89.93,USD,transfer,mobile,CA,DE,True,,
T-000155,2025-01-02 21:20:00.000000,C-N0135,C-N0052,6870.24,USD,withdrawal,atm,CA,FR,True,,
T-000156,2025-02-17 23:50:30.627723,C-HUB03,C-SMF22,8008.83,USD,transfer,online,US,US,False,True,smurfing
T-000157,2025-02-02 01:19:00.000000,C-N0002,C-N0168,14780.0,USD,transfer,mobile,AU,SG,True,,
T-000158,2025-01-25 10:54:00.000000,C-N0147,C-N0121,5776.38,USD,transfer,online,DE,CA,True,,
T-000159,2025-01-26 01:46:00.000000,C-STR05,C-N0169,1774.36,USD,deposit,atm,AU,US,True,,
T-000160,2025-01-30 11:47:00.000000,C-N0151,C-N0077,10923.11,USD,deposit,online,SG,CA,True,,
T-000161,2025-02-03 04:08:00.000000,C-N0064,C-SMF20,7098.58,USD,transfer,mobile,GB,CA,True,,
T-000162,2025-02-22 06:58:00.000000,C-N0108,C-N0195,4077.65,USD,transfer,online,FR,CA,True,,
T-000163,2025-02-07 06:38:00.000000,C-LAY12,C-SMF14,4284.53,USD,withdrawal,atm,JP,GB,True,,
T-000164,2025-02-05 16:09:00.000000,C-LAY15,C-N0054,11134.41,USD,deposit,branch,JP,GB,True,,
T-000165,2025-03-05 10:07:00.000000,C-SMF15,C-N0142,5495.12,USD,transfer,mobile,AU,GB,True,,
T-000166,2025-01-15 15:54:00.000000,C-N0011,C-N0159,6424.61,USD,withdrawal,atm,DE,GB,True,,
T-000167,2025-01-26 06:26:00.000000,C-N0186,C-N0019,8558.08,USD,withdrawal,atm,GB,FR,True,,
T-000168,2025-02-03 03:28:00.000000,C-N0125,C-LAY01,407.46,USD,transfer,online,US,JP,True,,
T-000169,2025-01-24 05:17:00.000000,C-SMF13,C-N0093,2246.18,USD,transfer,online,CA,DE,True,,
T-000170,2025-01-07 21:18:00.000000,C-N0063,C-N0189,3828.86,USD,deposit,online,SG,DE,True,,
T-000171,2025-03-20 11:04:00.000000,C-N0033,C-N0012,7317.92,USD,withdrawal,branch,AU,AU,False,,
T-000172,2025-03-12 17:14:00.000000,C-N0108,C-SMF08,11916.34,USD,transfer,mobile,CA,SG,True,,
T-000173,2025-01-08 02:40:00.000000,C-N0137,C-STR04,9823.35,USD,transfer,online,FR,GB,True,,
T-000174,2025-02-24 00:53:00.000000,C-N0027,C-N0148,12716.76,USD,transfer,online,SG,CA,True,,
T-000175,2025-02-24 20:57:00.000000,C-N0115,C-N0071,2538.56,USD,deposit,online,AU,CA,True,,
T-000176,2025-03-02 21:06:00.000000,C-N0175,C-LAY01,1233.79,USD,withdrawal,atm,SG,JP,True,,
T-000177,2025-03-04 09:58:00.000000,C-N0146,C-SMF01,7870.15,USD,transfer,online,DE,FR,True,,
T-000178,2025-02-13 19:51:00.000000,C-N0184,C-N0157,3985.36,USD,deposit,branch,DE,CA,True,,
T-000179,2025-01-14 15:05:00.000000,C-N0161,C-SMF02,8435.26,USD,withdrawal,branch,DE,CA,True,,
T-000180,2025-03-03 02:46:00.000000,C-N0017,C-N0079,6000.61,USD,transfer,online,DE,AU,True,,
T-000181,2025-03-22 13:06:00.000000,C-N0028,C-N0048,14132.03,USD,transfer,online,CA,AU,True,,
T-000182,2025-02-19 06:34:00.000000,C-N0111,C-N0035,5008.9,USD,transfer,mobile,DE,FR,True,,
T-000183,2025-01-13 15:24:00.000000,C-STR01,C-N0100,9945.99,USD,cash,branch,US,US,False,True,structuring
T-000184,2025-03-14 12:49:00.000000,C-N0051,C-N0045,11261.66,USD,deposit,branch,GB,SG,True,,
T-000185,2025-01-22 21:38:00.000000,C-LAY10,C-N0124,2445.52,USD,withdrawal,atm,JP,US,True,,
T-000186,2025-01-09 17:29:00.000000,C-LAY09,C-N0103,4659.88,USD,withdrawal,branch,SG,GB,True,,
T-000187,2025-02-15 08:24:00.000000,C-N0029,C-N0072,13150.06,USD,transfer,mobile,CA,FR,True,,
T-000188,2025-03-01 11:54:00.000000,C-LAY21,C-RCO01,14898.45,USD,transfer,online,US,FR,True,,
T-000189,2025-03-10 21:20:00.000000,C-N0075,C-N0016,11697.66,USD,transfer,mobile,FR,DE,True,,
T-000190,2025-01-05 03:37:00.000000,C-N0070,C-STR09,10022.03,USD,withdrawal,branch,US,GB,True,,
T-000191,2025-02-05 21:49:00.000000,C-N0103,C-N0160,1007.19,USD,transfer,online,CA,CA,False,,
T-000192,2025-02-19 19:06:00.000000,C-N0030,C-N0056,14406.56,USD,transfer,mobile,FR,DE,True,,
T-000193,2025-02-01 06:46:00.000000,C-N0164,C-N0059,10323.97,USD,transfer,mobile,SG,JP,True,,
T-000194,2025-02-13 10:19:00.000000,C-N0192,C-N0173,6417.12,USD,transfer,online,GB,JP,True,,
T-000195,2025-02-24 09:44:00.000000,C-N0044,C-N0023,13402.11,USD,withdrawal,branch,JP,DE,True,,
T-000196,2025-01-10 22:59:00.000000,C-N0161,C-N0026,3733.63,USD,withdrawal,atm,SG,AU,True,,
T-000197,2025-02-13 21:10:00.000000,C-N0058,C-N0094,1030.11,USD,transfer,mobile,DE,DE,False,,
T-000198,2025-01-09 17:46:00.000000,C-N0111,C-RCO04,8571.91,USD,withdrawal,branch,CA,CA,False,,
T-000199,2025-02-25 10:53:00.000000,C-SMF07,C-N0085,4888.62,USD,withdrawal,atm,FR,DE,True,,
T-000200,2025-01-13 00:09:00.000000,C-N0054,C-N0171,9494.45,USD,transfer,online,SG,SG,False,,
T-000201,2025-03-10 23:18:00.000000,C-N0167,C-N0088,772.75,USD,deposit,online,DE,DE,False,,
T-000202,2025-02-11 04:16:00.000000,C-N0028,C-N0156,13463.41,USD,withdrawal,atm,SG,FR,True,,
T-000203,2025-03-21 23:57:00.000000,C-STR02,C-N0135,9272.41,USD,cash,branch,US,US,False,True,structuring
T-000204,2025-02-24 04:40:00.000000,C-STR03,C-N0186,9621.14,USD,cash,branch,US,US,False,True,structuring
T-000205,2025-01-25 05:49:00.000000,C-HUB01,C-N0148,14668.35,USD,deposit,online,SG,US,True,,
T-000206,2025-03-22 14:51:00.000000,C-N0113,C-N0016,1547.01,USD,transfer,mobile,CA,DE,True,,
T-000207,2025-03-12 12:40:00.000000,C-N0051,C-SMF12,5716.72,USD,transfer,online,AU,AU,False,,
T-000208,2025-03-21 15:06:00.000000,C-N0045,C-N0130,5184.63,USD,transfer,mobile,DE,US,True,,
T-000209,2025-01-22 19:47:00.000000,C-N0154,C-N0042,6118.57,USD,transfer,mobile,US,JP,True,,
T-000210,2025-02-02 03:25:00.000000,C-LAY13,C-N0170,7313.63,USD,withdrawal,branch,CA,AU,True,,
T-000211,2025-02-25 04:59:00.000000,C-N0054,C-N0151,8242.41,USD,deposit,atm,US,CA,True,,
T-000212,2025-02-20 14:59:00.000000,C-LAY24,C-N0197,2442.05,USD,transfer,online,DE,US,True,,
T-000213,2025-02-14 09:03:00.000000,C-N0086,C-HUB02,2481.71,USD,transfer,online,SG,CA,True,,
T-000214,2025-02-24 14:37:00.000000,C-LAY21,C-N0007,14936.28,USD,deposit,online,JP,US,True,,
T-000215,2025-01-11 12:08:00.000000,C-N0083,C-N0007,13146.29,USD,deposit,online,GB,CA,True,,
T-000216,2025-02-11 11:32:00.000000,C-N0042,C-N0165,11640.8,USD,transfer,online,US,US,False,,
T-000217,2025-01-25 05:19:00.000000,C-N0171,C-N0121,1368.7,USD,deposit,branch,JP,FR,True,,
T-000218,2025-03-05 18:09:00.000000,C-SMF08,C-N0011,4219.59,USD,transfer,mobile,SG,US,True,,
T-000219,2025-02-24 14:32:00.000000,C-N0117,C-RCO05,12547.77,USD,transfer,online,DE,US,True,,
T-000220,2025-01-25 04:02:00.000000,C-N0109,C-LAY17,736.85,USD,transfer,mobile,AU,US,True,,
T-000221,2025-02-15 08:05:00.000000,C-N0134,C-N0087,2169.85,USD,transfer,online,AU,JP,True,,
T-000222,2025-03-11 03:25:00.000000,C-N0040,C-N0127,5634.7,USD,deposit,atm,GB,JP,True,,
T-000223,2025-03-20 10:41:00.000000,C-N0041,C-N0133,248.9,USD,deposit,atm,JP,GB,True,,
T-000224,2025-02-26 19:01:00.000000,C-LAY13,C-N0171,3180.27,USD,withdrawal,atm,SG,FR,True,,
T-000225,2025-02-15 15:46:00.000000,C-N0053,C-N0022,10938.82,USD,withdrawal,atm,AU,DE,True,,
T-000226,2025-03-17 03:47:00.000000,C-SMF03,C-N0145,4021.39,USD,transfer,mobile,JP,US,True,,
T-000227,2025-03-13 21:10:00.000000,C-STR02,C-N0032,13842.04,USD,deposit,branch,FR,CA,True,,
T-000228,2025-03-01 22:41:00.000000,C-N0188,C-N0183,632.19,USD,deposit,branch,AU,GB,True,,
T-000229,2025-01-15 06:14:00.000000,C-N0163,C-RCO03,12568.2,USD,withdrawal,atm,JP,FR,True,,
T-000230,2025-02-21 10:16:00.000000,C-SMF10,C-N0153,5937.26,USD,deposit,atm,JP,US,True,,
T-000231,2025-03-26 10:16:00.000000,C-HUB01,C-N0123,5250.41,USD,deposit,online,GB,FR,True,,
T-000232,2025-02-02 06:54:00.000000,C-LAY06,C-SMF19,10010.52,USD,transfer,mobile,CA,FR,True,,
T-000233,2025-03-31 04:48:00.000000,C-N0100,C-LAY09,12118.76,USD,transfer,mobile,JP,GB,True,,
T-000234,2025-01-29 17:58:00.000000,C-N0055,C-N0176,3782.98,USD,withdrawal,atm,FR,US,True,,
T-000235,2025-02-10 03:36:00.000000,C-N0007,C-N0140,10970.18,USD,transfer,mobile,GB,DE,True,,
T-000236,2025-01-28 19:48:52.017833,C-RCO01,C-LAY04,17139.65,USD,cash,atm,US,US,False,True,rapid_cashout
T-000237,2025-01-06 20:46:00.000000,C-SMF04,C-N0035,13603.91,USD,transfer,mobile,JP,CA,True,,
T-000238,2025-02-22 20:22:00.000000,C-N0153,C-N0161,3205.47,USD,transfer,mobile,AU,DE,True,,
T-000239,2025-01-30 02:16:00.000000,C-N0162,C-N0130,2854.36,USD,transfer,mobile,JP,US,True,,
T-000240,2025-02-25 23:13:00.000000,C-LAY17,C-N0009,14731.44,USD,transfer,mobile,CA,FR,True,,
T-000241,2025-02-16 03:51:18.685624,C-HUB01,C-SMF01,8713.32,USD,transfer,online,US,US,False,True,smurfing
T-000242,2025-03-21 02:02:00.000000,C-N0058,C-N0186,10992.02,USD,transfer,online,GB,GB,False,,
T-000243,2025-01-20 07:28:00.000000,C-N0134,C-SMF16,12799.75,USD,transfer,online,GB,DE,True,,
T-000244,2025-01-12 08:25:00.000000,C-N0056,C-N0011,6473.49,USD,transfer,online,US,AU,True,,
T-000245,2025-03-04 08:08:49.447351,C-HUB02,C-SMF15,7193.73,USD,transfer,online,US,US,False,True,smurfing
T-000246,2025-03-21 06:39:00.000000,C-N0068,C-N0179,9194.58,USD,withdrawal,branch,SG,FR,True,,
T-000247,2025-03-26 02:57:00.000000,C-RCO06,C-N0162,2006.63,USD,withdrawal,branch,FR,JP,True,,
T-000248,2025-02-26 18:51:00.000000,C-N0018,C-N0186,3851.61,USD,deposit,online,SG,DE,True,,
T-000249,2025-03-12 16:40:00.000000,C-N0187,C-N0058,5089.88,USD,transfer,online,DE,US,True,,
T-000250,2025-03-21 11:10:00.000000,C-N0076,C-N0103,6576.41,USD,transfer,online,CA,CA,False,,
T-000251,2025-02-12 00:19:00.000000,C-LAY19,C-RCO02,14501.97,USD,transfer,online,JP,SG,True,,
T-000252,2025-03-23 09:26:00.000000,C-N0035,C-N0100,10883.11,USD,withdrawal,branch,JP,SG,True,,
T-000253,2025-03-11 15:08:00.000000,C-STR04,C-N0156,10364.8,USD,transfer,mobile,FR,US,True,,
T-000254,2025-02-03 00:56:00.000000,C-LAY14,C-SMF23,8164.09,USD,transfer,mobile,FR,US,True,,
T-000255,2025-02-07 18:19:00.000000,C-N0058,C-N0148,6997.8,USD,transfer,mobile,GB,DE,True,,
T-000256,2025-02-22 16:05:00.000000,C-N0101,C-SMF09,3768.49,USD,deposit,atm,SG,AU,True,,
T-000257,2025-03-24 06:16:00.000000,C-STR02,C-N0135,9241.92,USD,transfer,atm,US,US,False,True,structuring
T-000258,2025-01-17 15:03:00.000000,C-N0055,C-N0068,5420.96,USD,transfer,online,CA,US,True,,
T-000259,2025-01-07 01:03:00.000000,C-RCO07,C-N0135,14061.76,USD,withdrawal,atm,CA,GB,True,,
T-000260,2025-02-12 01:45:00.000000,C-STR06,C-N0191,14422.73,USD,transfer,mobile,JP,AU,True,,
T-000261,2025-03-24 16:50:00.000000,C-STR02,C-N0135,9269.87,USD,cash,branch,US,US,False,True,structuring
T-000262,2025-02-10 17:57:00.000000,C-N0168,C-N0163,1629.58,USD,withdrawal,atm,GB,DE,True,,
T-000263,2025-03-05 23:41:00.000000,C-STR03,C-LAY10,13964.34,USD,withdrawal,atm,AU,SG,True,,
T-000264,2025-01-31 08:47:00.000000,C-N0100,C-RCO05,6198.17,USD,withdrawal,atm,GB,US,True,,
T-000265,2025-01-02 05:39:00.000000,C-N0076,C-N0148,3174.69,USD,deposit,atm,US,AU,True,,
T-000266,2025-02-10 10:53:00.000000,C-N0137,C-N0035,3736.45,USD,withdrawal,atm,US,SG,True,,
T-000267,2025-03-28 23:52:00.000000,C-N0094,C-N0178,705.2,USD,transfer,online,SG,FR,True,,
T-000268,2025-03-08 19:14:00.000000,C-STR10,C-N0103,9188.85,USD,transfer,branch,US,US,False,True,structuring
T-000269,2025-03-06 13:13:00.000000,C-N0002,C-N0108,2208.54,USD,deposit,atm,CA,SG,True,,
T-000270,2025-01-02 09:45:00.000000,C-N0193,C-N0081,10615.78,USD,transfer,online,DE,GB,True,,
T-000271,2025-03-19 04:42:00.000000,C-N0165,C-N0054,6849.65,USD,transfer,mobile,JP,US,True,,
T-000272,2025-02-23 20:11:00.000000,C-SMF09,C-N0040,5319.61,USD,transfer,online,SG,GB,True,,
T-000273,2025-02-16 14:58:00.000000,C-N0034,C-STR10,2195.12,USD,deposit,online,AU,US,True,,
T-000274,2025-01-23 17:47:00.000000,C-N0156,C-N0124,14860.97,USD,withdrawal,branch,GB,SG,True,,
T-000275,2025-03-18 14:31:00.000000,C-N0053,C-RCO03,12474.15,USD,transfer,mobile,SG,DE,True,,
T-000276,2025-03-01 22:43:00.000000,C-N0029,C-N0159,7471.37,USD,withdrawal,atm,US,DE,True,,
T-000277,2025-01-02 11:18:00.000000,C-N0141,C-SMF01,11706.14,USD,transfer,mobile,CA,FR,True,,
T-000278,2025-02-13 22:34:00.000000,C-SMF02,C-N0113,10049.66,USD,transfer,online,JP,AU,True,,
T-000279,2025-03-28 10:43:00.000000,C-N0143,C-N0128,3963.56,USD,deposit,online,JP,GB,True,,
T-000280,2025-01-29 01:05:00.000000,C-STR03,C-SMF13,8845.87,USD,transfer,online,AU,AU,False,,
T-000281,2025-01-15 16:44:00.000000,C-N0070,C-N0183,4410.38,USD,transfer,mobile,US,FR,True,,
T-000282,2025-01-06 08:53:00.000000,C-N0135,C-STR09,10091.26,USD,transfer,mobile,US,CA,True,,
T-000283,2025-01-11 00:47:00.000000,C-N0166,C-N0009,3019.36,USD,transfer,online,JP,GB,True,,
T-000284,2025-01-26 14:39:00.000000,C-N0055,C-N0172,4993.73,USD,transfer,mobile,CA,GB,True,,
T-000285,2025-01-10 16:14:00.000000,C-N0151,C-SMF20,9309.72,USD,transfer,online,DE,AU,True,,
T-000286,2025-03-27 15:58:00.000000,C-STR10,C-SMF22,1317.43,USD,transfer,online,US,GB,True,,
T-000287,2025-03-22 22:24:00.000000,C-SMF15,C-N0038,9383.55,USD,transfer,online,DE,FR,True,,
T-000288,2025-03-21 21:37:00.000000,C-STR07,C-N0086,9615.65,USD,transfer,branch,US,US,False,True,structuring
T-000289,2025-03-12 12:59:00.000000,C-N0074,C-N0073,12295.92,USD,transfer,mobile,CA,DE,True,,
T-000290,2025-02-28 19:04:00.000000,C-N0076,C-N0029,783.02,USD,deposit,branch,AU,GB,True,,
T-000291,2025-03-25 20:35:00.000000,C-N0005,C-N0154,4121.61,USD,deposit,branch,GB,DE,True,,
T-000292,2025-01-31 14:54:00.000000,C-STR06,C-N0094,8988.74,USD,transfer,branch,US,US,False,True,structuring
T-000293,2025-01-04 09:29:00.000000,C-N0197,C-N0003,317.85,USD,withdrawal,branch,AU,CA,True,,
T-000294,2025-03-15 12:48:00.000000,C-N0186,C-N0072,1974.28,USD,transfer,online,GB,CA,True,,
T-000295,2025-01-17 00:19:00.000000,C-N0133,C-N0136,1671.04,USD,deposit,atm,DE,SG,True,,
T-000296,2025-02-08 11:52:00.000000,C-N0092,C-N0023,1117.96,USD,withdrawal,atm,DE,SG,True,,
T-000297,2025-03-18 05:53:00.000000,C-N0028,C-N0022,3113.15,USD,transfer,online,GB,JP,True,,
T-000298,2025-01-16 14:42:00.000000,C-N0069,C-N0134,2769.24,USD,transfer,online,JP,AU,True,,
T-000299,2025-02-02 16:04:00.000000,C-N0143,C-N0075,3832.09,USD,transfer,online,US,CA,True,,
T-000300,2025-02-03 08:54:00.000000,C-LAY05,C-N0156,6408.2,USD,transfer,mobile,SG,FR,True,,
T-000301,2025-03-28 14:26:00.000000,C-SMF21,C-N0073,13224.8,USD,transfer,online,DE,FR,True,,
T-000302,2025-03-19 04:16:00.000000,C-N0125,C-N0011,12726.18,USD,transfer,online,JP,DE,True,,
T-000303,2025-01-29 05:07:00.000000,C-N0176,C-N0117,11725.56,USD,transfer,mobile,FR,SG,True,,
T-000304,2025-01-05 16:02:00.000000,C-N0122,C-N0189,10299.91,USD,transfer,mobile,JP,AU,True,,
T-000305,2025-03-31 07:14:00.000000,C-N0100,C-SMF21,7634.03,USD,transfer,mobile,DE,AU,True,,
T-000306,2025-03-25 03:35:00.000000,C-N0144,C-RCO02,9965.56,USD,transfer,mobile,SG,SG,False,,
T-000307,2025-01-14 15:23:00.000000,C-N0035,C-N0072,5105.46,USD,withdrawal,atm,AU,AU,False,,
T-000308,2025-01-26 12:11:00.000000,C-N0076,C-N0015,9694.38,USD,deposit,online,FR,US,True,,
T-000309,2025-03-29 09:07:00.000000,C-N0162,C-N0004,7970.09,USD,deposit,online,GB,GB,False,,
T-000310,2025-01-04 02:10:00.000000,C-N0124,C-LAY04,203.89,USD,transfer,online,JP,GB,True,,
T-000311,2025-02-24 02:13:00.000000,C-N0199,C-N0049,857.05,USD,deposit,branch,SG,JP,True,,
T-000312,2025-01-17 01:30:00.000000,C-N0179,C-N0061,14678.44,USD,transfer,online,US,US,False,,
T-000313,2025-01-20 11:23:00.000000,C-N0095,C-N0099,3450.87,USD,transfer,online,CA,FR,True,,
T-000314,2025-03-20 13:07:00.000000,C-N0121,C-N0124,11695.13,USD,withdrawal,atm,AU,DE,True,,
T-000315,2025-02-14 15:16:00.000000,C-LAY09,C-N0048,9731.09,USD,transfer,online,SG,DE,True,,
T-000316,2025-03-26 12:37:00.000000,C-N0075,C-LAY11,5573.06,USD,deposit,branch,GB,FR,True,,
T-000317,2025-03-28 00:20:00.000000,C-N0192,C-N0036,1499.64,USD,withdrawal,branch,CA,AU,True,,
T-000318,2025-03-04 19:17:00.000000,C-STR07,C-N0006,6456.43,USD,transfer,mobile,CA,FR,True,,
T-000319,2025-01-11 05:23:00.000000,C-LAY19,C-N0163,9601.8,USD,transfer,mobile,DE,SG,True,,
T-000320,2025-02-03 01:27:00.000000,C-N0052,C-LAY16,12211.73,USD,transfer,online,SG,JP,True,,
T-000321,2025-03-24 21:46:00.000000,C-N0149,C-N0177,8456.09,USD,withdrawal,atm,GB,AU,True,,
T-000322,2025-02-24 04:11:00.000000,C-RCO08,C-SMF15,1154.1,USD,deposit,atm,GB,FR,True,,
T-000323,2025-01-24 15:47:00.000000,C-N0176,C-RCO04,14627.56,USD,transfer,online,GB,CA,True,,
T-000324,2025-03-20 07:05:00.000000,C-N0181,C-N0097,3819.06,USD,withdrawal,branch,JP,US,True,,
T-000325,2025-01-18 00:22:00.000000,C-STR08,C-N0002,9546.3,USD,transfer,branch,US,US,False,True,structuring
T-000326,2025-01-22 09:19:00.000000,C-N0011,C-N0173,11207.83,USD,transfer,online,GB,GB,False,,
T-000327,2025-03-21 02:58:00.000000,C-N0112,C-N0005,10638.41,USD,transfer,mobile,CA,FR,True,,
T-000328,2025-02-09 18:53:00.000000,C-N0006,C-N0101,13741.32,USD,withdrawal,branch,GB,AU,True,,
T-000329,2025-02-23 13:36:00.000000,C-N0200,C-N0096,1347.63,USD,transfer,online,FR,JP,True,,
T-000330,2025-01-15 17:15:00.000000,C-SMF03,C-N0092,12063.08,USD,deposit,atm,GB,JP,True,,
T-000331,2025-03-04 13:42:50.881154,C-HUB02,C-SMF12,7784.58,USD,transfer,online,US,US,False,True,smurfing
T-000332,2025-02-24 21:20:00.000000,C-N0167,C-N0009,2952.69,USD,transfer,mobile,CA,US,True,,
T-000333,2025-02-07 05:17:00.000000,C-RCO05,C-N0114,14585.74,USD,transfer,mobile,SG,US,True,,
T-000334,2025-03-04 11:27:00.000000,C-N0132,C-N0129,10239.84,USD,transfer,online,AU,SG,True,,
T-000335,2025-03-01 16:57:00.000000,C-N0180,C-N0132,10666.85,USD,transfer,online,AU,FR,True,,
T-000336,2025-02-14 03:10:00.000000,C-N0131,C-N0029,10256.94,USD,transfer,mobile,JP,SG,True,,
T-000337,2025-01-12 04:21:00.000000,C-SMF23,C-N0009,14935.63,USD,withdrawal,branch,JP,CA,True,,
T-000338,2025-03-23 01:14:00.000000,C-N0153,C-N0033,1723.39,USD,transfer,mobile,DE,CA,True,,
T-000339,2025-03-17 13:49:00.000000,C-N0054,C-N0116,10498.27,USD,withdrawal,branch,JP,CA,True,,
T-000340,2025-02-27 04:14:00.000000,C-STR10,C-N0089,7020.47,USD,deposit,atm,GB,AU,True,,
T-000341,2025-02-28 05:31:00.000000,C-N0182,C-N0086,207.69,USD,deposit,online,JP,GB,True,,
T-000342,2025-01-04 23:07:00.000000,C-LAY24,C-N0002,13807.39,USD,deposit,branch,AU,JP,True,,
T-000343,2025-03-16 16:24:00.000000,C-N0106,C-N0036,11840.22,USD,withdrawal,atm,AU,DE,True,,
T-000344,2025-03-16 04:46:00.000000,C-STR05,C-N0138,9087.68,USD,transfer,atm,US,US,False,True,structuring
T-000345,2025-01-07 19:06:00.000000,C-N0193,C-SMF19,4942.97,USD,deposit,atm,SG,SG,False,,
T-000346,2025-01-12 08:08:00.000000,C-STR01,C-N0100,8803.46,USD,cash,atm,US,US,False,True,structuring
T-000347,2025-02-04 10:40:00.000000,C-N0154,C-N0071,6629.49,USD,withdrawal,atm,US,DE,True,,
T-000348,2025-02-21 13:06:00.000000,C-N0150,C-N0149,10536.33,USD,deposit,branch,FR,DE,True,,
T-000349,2025-03-01 21:05:00.000000,C-N0137,C-N0004,13985.32,USD,deposit,branch,JP,FR,True,,
T-000350,2025-03-16 02:13:00.000000,C-N0003,C-N0047,3365.47,USD,transfer,online,GB,FR,True,,
T-000351,2025-02-19 12:40:00.000000,C-LAY14,C-STR03,7875.88,USD,transfer,mobile,JP,FR,True,,
T-000352,2025-03-12 18:53:00.000000,C-SMF23,C-N0182,4053.77,USD,deposit,online,GB,US,True,,
T-000353,2025-03-27 10:36:00.000000,C-LAY22,C-N0198,7288.36,USD,transfer,mobile,JP,GB,True,,
T-000354,2025-03-15 06:17:00.000000,C-N0017,C-N0184,10409.39,USD,deposit,online,CA,FR,True,,
T-000355,2025-03-10 13:37:00.000000,C-LAY05,C-N0112,973.28,USD,deposit,online,GB,GB,False,,
T-000356,2025-02-28 12:18:00.000000,C-N0180,C-N0115,3616.25,USD,deposit,branch,US,DE,True,,
T-000357,2025-02-08 22:18:00.000000,C-N0027,C-N0166,7782.99,USD,transfer,mobile,SG,AU,True,,
T-000358,2025-01-24 21:04:00.000000,C-RCO08,C-N0090,2899.06,USD,transfer,mobile,FR,FR,False,,
T-000359,2025-02-09 17:40:00.000000,C-LAY17,C-N0021,5276.58,USD,transfer,online,DE,GB,True,,
T-000360,2025-01-22 10:37:00.000000,C-N0186,C-N0191,9461.9,USD,transfer,online,GB,DE,True,,
T-000361,2025-03-11 08:16:00.000000,C-N0143,C-N0164,7447.76,USD,deposit,online,CA,JP,True,,
T-000362,2025-03-22 16:21:00.000000,C-N0154,C-N0200,583.69,USD,transfer,mobile,CA,DE,True,,
T-000363,2025-02-28 06:55:00.000000,C-N0168,C-N0114,727.93,USD,transfer,mobile,GB,DE,True,,
T-000364,2025-02-02 13:32:00.000000,C-SMF04,C-LAY24,2920.48,USD,transfer,online,AU,SG,True,,
T-000365,2025-02-06 15:50:00.000000,C-N0171,C-N0010,12530.29,USD,deposit,atm,CA,AU,True,,
T-000366,2025-02-19 19:38:00.000000,C-N0173,C-RCO01,9409.68,USD,deposit,online,AU,SG,True,,
T-000367,2025-01-11 11:08:00.000000,C-N0015,C-LAY10,14333.91,USD,deposit,atm,AU,JP,True,,
T-000368,2025-02-19 17:29:00.000000,C-N0193,C-N0022,3643.83,USD,deposit,online,JP,CA,True,,
T-000369,2025-02-17 14:33:00.000000,C-LAY14,C-N0049,4804.05,USD,transfer,online,US,DE,True,,
T-000370,2025-03-02 15:38:00.000000,C-N0004,C-N0190,14174.28,USD,transfer,mobile,DE,FR,True,,
T-000371,2025-02-05 22:05:00.000000,C-N0198,C-SMF04,10199.9,USD,deposit,atm,DE,JP,True,,
T-000372,2025-02-12 20:41:00.000000,C-N0001,C-N0160,7417.39,USD,transfer,mobile,GB,SG,True,,
T-000373,2025-02-20 12:18:00.000000,C-N0054,C-N0165,2861.78,USD,transfer,mobile,US,US,False,,
T-000374,2025-02-15 07:07:00.000000,C-N0017,C-N0089,10654.82,USD,deposit,atm,FR,FR,False,,
T-000375,2025-02-18 04:41:00.000000,C-LAY10,C-LAY07,8435.58,USD,withdrawal,branch,JP,US,True,,
T-000376,2025-01-28 07:36:00.000000,C-STR01,C-N0082,6554.86,USD,transfer,mobile,SG,JP,True,,
T-000377,2025-01-25 15:30:00.000000,C-N0061,C-N0148,13871.51,USD,transfer,mobile,FR,GB,True,,
T-000378,2025-02-16 12:39:00.000000,C-N0135,C-N0136,845.67,USD,transfer,mobile,DE,SG,True,,
T-000379,2025-02-24 16:05:00.000000,C-N0066,C-N0076,2268.03,USD,transfer,online,CA,FR,True,,
T-000380,2025-02-26 06:29:00.000000,C-N0181,C-N0182,13361.51,USD,withdrawal,branch,FR,JP,True,,
T-000381,2025-03-15 12:04:00.000000,C-N0047,C-N0114,3574.88,USD,transfer,online,JP,AU,True,,
T-000382,2025-01-28 06:41:00.000000,C-N0091,C-N0128,14267.65,USD,transfer,mobile,SG,GB,True,,
T-000383,2025-01-14 03:53:00.000000,C-N0068,C-N0128,9435.8,USD,transfer,mobile,DE,FR,True,,
T-000384,2025-03-13 01:23:00.000000,C-N0069,C-N0138,3947.89,USD,withdrawal,atm,JP,DE,True,,
T-000385,2025-01-10 00:30:00.000000,C-SMF20,C-STR07,359.7,USD,withdrawal,atm,JP,JP,False,,
T-000386,2025-01-19 08:24:00.000000,C-N0085,C-N0028,5218.5,USD,transfer,mobile,CA,JP,True,,
T-000387,2025-03-23 23:54:00.000000,C-N0100,C-N0151,11235.41,USD,transfer,online,SG,AU,True,,
T-000388,2025-02-01 20:24:00.000000,C-N0169,C-N0153,1565.0,USD,deposit,atm,AU,US,True,,
T-000389,2025-02-07 11:43:00.000000,C-N0012,C-N0151,4408.18,USD,withdrawal,branch,SG,US,True,,
T-000390,2025-02-05 00:58:38.363737,C-RCO05,C-N0088,18046.57,USD,cash,atm,US,US,False,True,rapid_cashout
T-000391,2025-01-31 22:42:00.000000,C-N0099,C-LAY04,13253.44,USD,withdrawal,atm,SG,DE,True,,
T-000392,2025-02-03 19:06:00.000000,C-N0166,C-N0133,7653.89,USD,deposit,branch,CA,SG,True,,
T-000393,2025-01-21 18:50:00.000000,C-STR03,C-N0024,5582.16,USD,withdrawal,atm,DE,SG,True,,
T-000394,2025-02-06 18:56:00.000000,C-N0145,C-N0199,1462.86,USD,transfer,mobile,GB,AU,True,,
T-000395,2025-03-17 23:17:51.991527,C-RCO07,C-HUB02,14340.07,USD,cash,branch,US,US,False,True,rapid_cashout
T-000396,2025-02-18 09:14:00.000000,C-N0141,C-N0116,11637.94,USD,withdrawal,branch,GB,FR,True,,
T-000397,2025-03-07 04:54:00.000000,C-N0041,C-N0020,6612.63,USD,transfer,online,DE,SG,True,,
T-000398,2025-03-25 09:16:00.000000,C-N0200,C-N0136,4485.78,USD,transfer,mobile,DE,CA,True,,
T-000399,2025-02-28 02:26:00.000000,C-STR04,C-N0040,6559.24,USD,withdrawal,atm,CA,FR,True,,
T-000400,2025-01-31 15:56:00.000000,C-N0197,C-N0034,11103.54,USD,transfer,online,DE,GB,True,,
T-000401,2025-01-21 13:33:47.139860,C-RCO06,C-SMF16,11606.11,USD,cash,atm,US,US,False,True,rapid_cashout
T-000402,2025-01-09 16:31:00.000000,C-N0082,C-N0119,1626.21,USD,deposit,atm,CA,CA,False,,
T-000403,2025-02-10 08:16:00.000000,C-N0033,C-LAY07,10922.28,USD,transfer,mobile,CA,US,True,,
T-000404,2025-03-14 07:54:00.000000,C-N0189,C-LAY03,14993.95,USD,withdrawal,atm,FR,JP,True,,
T-000405,2025-02-22 20:08:00.000000,C-LAY06,C-LAY07,304987.19,USD,wire,wire,JP,DE,True,True,layering
T-000406,2025-03-24 22:31:00.000000,C-N0140,C-N0159,2171.03,USD,transfer,online,JP,GB,True,,
T-000407,2025-01-20 01:30:00.000000,C-STR04,C-N0160,9023.8,USD,transfer,branch,US,US,False,True,structuring
T-000408,2025-02-17 09:51:00.000000,C-N0121,C-RCO02,6270.44,USD,transfer,online,AU,JP,True,,
T-000409,2025-03-18 07:26:00.000000,C-N0146,C-N0014,11767.83,USD,transfer,mobile,FR,US,True,,
T-000410,2025-03-25 10:32:00.000000,C-N0034,C-N0091,6441.96,USD,transfer,mobile,SG,CA,True,,
T-000411,2025-01-16 06:07:00.000000,C-N0087,C-N0195,2549.75,USD,transfer,mobile,DE,GB,True,,
T-000412,2025-02-05 14:15:21.449126,C-RCO05,C-N0133,18046.57,USD,cash,branch,US,US,False,True,rapid_cashout
T-000413,2025-01-21 08:44:00.000000,C-N0003,C-N0128,2546.95,USD,transfer,online,JP,FR,True,,
T-000414,2025-02-15 09:49:00.000000,C-N0176,C-N0044,5490.27,USD,withdrawal,atm,SG,DE,True,,
T-000415,2025-02-06 22:26:00.000000,C-SMF21,C-HUB02,6909.41,USD,transfer,mobile,GB,DE,True,,
T-000416,2025-01-23 16:18:00.000000,C-N0198,C-N0146,14517.06,USD,withdrawal,atm,AU,FR,True,,
T-000417,2025-03-22 22:15:00.000000,C-N0038,C-SMF22,4993.39,USD,transfer,mobile,FR,SG,True,,
T-000418,2025-02-19 04:16:00.000000,C-N0109,C-N0105,8765.92,USD,transfer,online,US,JP,True,,
T-000419,2025-03-24 05:40:00.000000,C-STR09,C-N0120,8545.27,USD,deposit,atm,DE,FR,True,,
T-000420,2025-02-15 07:28:00.000000,C-N0064,C-N0120,3854.25,USD,transfer,online,US,JP,True,,
T-000421,2025-03-26 10:52:00.000000,C-N0040,C-N0129,14124.33,USD,withdrawal,branch,SG,FR,True,,
T-000422,2025-02-15 23:12:19.640112,C-HUB01,C-SMF01,8793.39,USD,transfer,online,US,US,False,True,smurfing
T-000423,2025-02-14 00:58:00.000000,C-STR09,C-N0091,8980.78,USD,transfer,branch,US,US,False,True,structuring
T-000424,2025-01-20 19:53:36.516546,C-RCO06,C-N0089,11606.11,USD,cash,atm,US,US,False,True,rapid_cashout
T-000425,2025-01-09 21:47:00.000000,C-N0025,C-STR04,6775.33,USD,withdrawal,atm,SG,GB,True,,
T-000426,2025-01-28 05:51:00.000000,C-N0006,C-N0010,10468.0,USD,withdrawal,branch,US,FR,True,,
T-000427,2025-02-17 04:21:11.067214,C-HUB03,C-SMF23,8618.17,USD,transfer,online,US,US,False,True,smurfing
T-000428,2025-02-21 23:31:00.000000,C-N0160,C-N0012,4334.18,USD,transfer,mobile,CA,CA,False,,
T-000429,2025-02-08 14:11:00.000000,C-N0161,C-N0097,2127.31,USD,transfer,mobile,US,AU,True,,
T-000430,2025-03-08 17:44:00.000000,C-N0058,C-N0013,525.15,USD,withdrawal,atm,GB,JP,True,,
T-000431,2025-02-20 12:27:00.000000,C-N0041,C-LAY13,11275.32,USD,transfer,mobile,FR,FR,False,,
T-000432,2025-02-14 06:46:00.000000,C-N0122,C-SMF02,13464.45,USD,deposit,branch,US,CA,True,,
T-000433,2025-01-15 12:29:00.000000,C-SMF01,C-N0092,1442.24,USD,transfer,mobile,AU,US,True,,
T-000434,2025-03-26 06:24:00.000000,C-N0139,C-N0120,12520.65,USD,withdrawal,atm,SG,GB,True,,
T-000435,2025-03-17 04:06:00.000000,C-STR05,C-N0138,9754.48,USD,transfer,atm,US,US,False,True,structuring
T-000436,2025-03-17 21:23:00.000000,C-N0085,C-N0116,14387.9,USD,withdrawal,branch,FR,US,True,,
T-000437,2025-03-06 16:10:00.000000,C-SMF22,C-N0132,9183.77,USD,deposit,online,CA,DE,True,,
T-000438,2025-01-04 13:51:00.000000,C-SMF22,C-N0012,5234.36,USD,transfer,mobile,DE,US,True,,
T-000439,2025-02-23 13:17:00.000000,C-STR01,C-N0067,9708.07,USD,deposit,atm,DE,GB,True,,
T-000440,2025-02-19 11:07:00.000000,C-N0036,C-N0047,13949.22,USD,transfer,online,CA,SG,True,,
T-000441,2025-02-25 07:01:00.000000,C-N0043,C-N0021,8920.88,USD,withdrawal,branch,GB,FR,True,,
T-000442,2025-01-30 06:14:00.000000,C-N0064,C-N0189,3141.38,USD,transfer,mobile,CA,DE,True,,
T-000443,2025-01-13 22:43:00.000000,C-N0142,C-STR07,11198.96,USD,transfer,mobile,CA,US,True,,
T-000444,2025-02-19 23:58:00.000000,C-N0105,C-SMF05,12774.28,USD,withdrawal,atm,FR,FR,False,,
T-000445,2025-03-07 05:58:00.000000,C-N0048,C-LAY15,389.89,USD,transfer,online,GB,FR,True,,
T-000446,2025-03-27 07:05:00.000000,C-N0027,C-N0126,13645.41,USD,deposit,atm,AU,SG,True,,
T-000447,2025-01-11 15:47:00.000000,C-STR01,C-N0100,9837.36,USD,cash,branch,US,US,False,True,structuring
T-000448,2025-03-20 01:44:00.000000,C-N0052,C-N0147,610.11,USD,transfer,mobile,SG,SG,False,,
T-000449,2025-03-26 03:02:00.000000,C-N0083,C-N0166,9544.1,USD,withdrawal,branch,FR,CA,True,,
T-000450,2025-01-15 11:34:00.000000,C-RCO03,C-N0094,14905.6,USD,transfer,online,GB,DE,True,,
T-000451,2025-01-04 19:55:00.000000,C-N0154,C-N0074,3161.11,USD,transfer,mobile,DE,AU,True,,
T-000452,2025-03-02 03:11:00.000000,C-N0050,C-N0044,14486.13,USD,transfer,online,JP,JP,False,,
T-000453,2025-03-23 21:54:00.000000,C-N0168,C-N0120,10490.03,USD,transfer,mobile,AU,AU,False,,
T-000454,2025-01-01 23:11:00.000000,C-STR04,C-N0020,6947.29,USD,deposit,online,SG,SG,False,,
T-000455,2025-02-10 20:20:00.000000,C-N0151,C-N0008,126.1,USD,withdrawal,atm,SG,FR,True,,
T-000456,2025-02-12 20:44:00.000000,C-LAY07,C-N0155,7980.11,USD,withdrawal,branch,FR,DE,True,,
T-000457,2025-03-14 15:37:00.000000,C-N0075,C-N0098,11669.42,USD,transfer,online,FR,CA,True,,
T-000458,2025-03-10 19:23:00.000000,C-N0008,C-N0187,3397.43,USD,transfer,online,DE,DE,False,,
T-000459,2025-02-12 06:10:00.000000,C-N0075,C-N0076,3598.94,USD,transfer,online,DE,US,True,,
T-000460,2025-02-27 09:31:00.000000,C-N0184,C-LAY09,14301.73,USD,withdrawal,atm,FR,AU,True,,
T-000461,2025-03-24 23:29:00.000000,C-N0100,C-N0159,419.02,USD,withdrawal,atm,FR,US,True,,
T-000462,2025-01-13 18:21:00.000000,C-N0063,C-N0055,13695.15,USD,transfer,online,SG,AU,True,,
T-000463,2025-01-09 09:17:00.000000,C-LAY21,C-N0061,13128.62,USD,withdrawal,atm,JP,AU,True,,
T-000464,2025-01-24 13:11:00.000000,C-LAY15,C-LAY22,5785.27,USD,transfer,online,JP,GB,True,,
T-000465,2025-03-07 14:59:00.000000,C-SMF06,C-N0105,14743.06,USD,transfer,mobile,GB,GB,False,,
T-000466,2025-01-23 16:39:00.000000,C-N0045,C-LAY07,11248.33,USD,deposit,branch,SG,JP,True,,
T-000467,2025-01-22 23:27:00.000000,C-SMF08,C-N0075,9161.9,USD,transfer,online,DE,GB,True,,
T-000468,2025-01-14 06:19:00.000000,C-LAY25,C-N0143,3500.79,USD,transfer,mobile,SG,SG,False,,
T-000469,2025-02-16 03:00:00.000000,C-N0023,C-HUB03,1856.02,USD,transfer,online,JP,JP,False,,
T-000470,2025-03-10 02:01:00.000000,C-SMF04,C-N0047,654.55,USD,transfer,mobile,JP,GB,True,,
T-000471,2025-02-07 09:30:00.000000,C-N0167,C-LAY23,2116.37,USD,transfer,mobile,FR,DE,True,,
T-000472,2025-03-04 19:58:00.000000,C-N0004,C-N0082,1436.55,USD,transfer,online,AU,GB,True,,
T-000473,2025-03-18 10:34:00.000000,C-LAY06,C-N0124,14518.4,USD,transfer,mobile,US,JP,True,,
T-000474,2025-03-18 11:25:00.000000,C-N0144,C-N0175,11092.49,USD,deposit,online,SG,FR,True,,
T-000475,2025-01-28 04:19:00.000000,C-STR06,C-N0094,9179.77,USD,transfer,branch,US,US,False,True,structuring
T-000476,2025-02-18 09:30:00.000000,C-N0103,C-N0049,5289.27,USD,transfer,mobile,DE,GB,True,,
T-000477,2025-01-02 11:02:00.000000,C-N0114,C-N0075,5728.6,USD,transfer,online,AU,CA,True,,
T-000478,2025-01-04 23:23:00.000000,C-N0060,C-N0161,13546.75,USD,withdrawal,branch,JP,FR,True,,
T-000479,2025-03-14 15:21:00.000000,C-N0016,C-N0172,6855.21,USD,transfer,mobile,GB,SG,True,,
T-000480,2025-03-05 03:23:00.000000,C-LAY25,C-N0028,4548.34,USD,withdrawal,branch,CA,DE,True,,
T-000481,2025-02-02 08:20:00.000000,C-N0126,C-SMF08,14810.61,USD,deposit,branch,FR,SG,True,,
T-000482,2025-02-06 18:11:00.000000,C-N0091,C-N0164,6071.58,USD,transfer,online,SG,JP,True,,
T-000483,2025-03-04 15:25:00.000000,C-SMF05,C-N0129,5729.83,USD,transfer,mobile,AU,GB,True,,
T-000484,2025-02-17 09:59:00.000000,C-N0150,C-N0126,10597.25,USD,transfer,online,AU,JP,True,,
T-000485,2025-02-01 16:17:00.000000,C-N0059,C-N0179,4732.13,USD,transfer,mobile,GB,DE,True,,
T-000486,2025-01-11 17:35:00.000000,C-N0141,C-SMF03,4311.3,USD,transfer,mobile,CA,US,True,,
T-000487,2025-01-09 15:18:00.000000,C-N0143,C-N0073,12495.94,USD,withdrawal,atm,US,SG,True,,
T-000488,2025-01-18 02:07:00.000000,C-N0033,C-N0199,9631.51,USD,transfer,mobile,AU,JP,True,,
T-000489,2025-03-11 00:58:00.000000,C-N0098,C-N0038,1141.74,USD,transfer,mobile,DE,AU,True,,
T-000490,2025-01-29 05:57:00.000000,C-N0092,C-LAY07,11069.83,USD,withdrawal,branch,CA,SG,True,,
T-000491,2025-02-04 08:55:00.000000,C-N0076,C-N0052,2799.76,USD,deposit,atm,JP,US,True,,
T-000492,2025-03-03 06:25:00.000000,C-STR07,C-N0164,6098.75,USD,deposit,online,FR,JP,True,,
T-000493,2025-03-13 16:41:00.000000,C-N0100,C-N0058,9690.67,USD,transfer,online,US,US,False,,
T-000494,2025-02-25 06:10:00.000000,C-SMF08,C-N0112,1102.66,USD,deposit,atm,US,GB,True,,
T-000495,2025-03-27 08:40:00.000000,C-N0024,C-N0153,14942.28,USD,transfer,mobile,DE,AU,True,,
T-000496,2025-03-24 01:45:00.000000,C-STR07,C-N0086,9279.97,USD,transfer,atm,US,US,False,True,structuring
T-000497,2025-02-25 21:37:00.000000,C-LAY02,C-RCO01,12077.34,USD,transfer,mobile,JP,AU,True,,
T-000498,2025-01-08 01:52:00.000000,C-STR06,C-RCO07,1191.87,USD,transfer,online,AU,DE,True,,
T-000499,2025-01-13 10:10:00.000000,C-LAY22,C-LAY23,450681.54,USD,wire,wire,CA,DE,True,True,layering
T-000500,2025-01-22 08:03:00.000000,C-STR08,C-N0002,9775.59,USD,cash,branch,US,US,False,True,structuring
T-000501,2025-01-23 01:17:00.000000,C-N0073,C-N0041,11166.19,USD,deposit,online,DE,SG,True,,
T-000502,2025-01-28 05:52:51.827876,C-RCO08,C-N0073,12579.68,USD,cash,branch,US,US,False,True,rapid_cashout
T-000503,2025-01-05 11:59:00.000000,C-N0120,C-N0108,10638.15,USD,deposit,atm,SG,CA,True,,
T-000504,2025-02-08 01:02:00.000000,C-N0197,C-N0051,14443.39,USD,transfer,online,JP,US,True,,
T-000505,2025-02-16 17:45:00.000000,C-N0171,C-LAY06,5924.67,USD,withdrawal,atm,AU,DE,True,,
T-000506,2025-01-15 13:38:00.000000,C-N0047,C-LAY14,1655.66,USD,deposit,online,AU,SG,True,,
T-000507,2025-03-21 12:37:00.000000,C-STR08,C-SMF03,5485.23,USD,transfer,mobile,JP,SG,True,,
T-000508,2025-02-25 04:09:00.000000,C-N0040,C-N0160,8630.78,USD,transfer,mobile,SG,SG,False,,
T-000509,2025-03-15 16:04:00.000000,C-N0095,C-N0073,4377.26,USD,withdrawal,atm,SG,FR,True,,
T-000510,2025-03-30 04:01:00.000000,C-N0176,C-N0134,6924.0,USD,transfer,mobile,AU,CA,True,,
T-000511,2025-01-20 20:38:43.079144,C-RCO06,C-N0081,11606.11,USD,cash,atm,US,US,False,True,rapid_cashout
T-000512,2025-01-31 00:55:00.000000,C-N0062,C-N0003,12583.04,USD,withdrawal,branch,SG,FR,True,,
T-000513,2025-02-28 02:52:00.000000,C-N0189,C-N0111,9821.71,USD,transfer,online,FR,JP,True,,
T-000514,2025-01-22 18:21:00.000000,C-N0037,C-N0157,292.49,USD,transfer,online,CA,US,True,,
T-000515,2025-01-31 13:47:00.000000,C-N0180,C-N0042,10256.52,USD,deposit,online,US,US,False,,
T-000516,2025-02-10 08:43:00.000000,C-N0178,C-N0188,2545.68,USD,deposit,atm,JP,US,True,,
T-000517,2025-03-26 02:34:00.000000,C-N0003,C-N0189,6935.53,USD,deposit,atm,AU,GB,True,,
T-000518,2025-01-08 21:28:00.000000,C-LAY09,C-N0032,14841.58,USD,transfer,online,CA,US,True,,
T-000519,2025-02-17 08:37:09.191276,C-HUB03,C-SMF20,8630.07,USD,transfer,online,US,US,False,True,smurfing
T-000520,2025-03-02 23:38:00.000000,C-LAY02,C-N0148,10370.19,USD,withdrawal,branch,FR,JP,True,,
T-000521,2025-02-02 18:35:00.000000,C-N0007,C-N0133,7873.89,USD,transfer,mobile,DE,AU,True,,
T-000522,2025-02-14 23:44:00.411374,C-HUB01,C-SMF06,8619.39,USD,transfer,online,US,US,False,True,smurfing
T-000523,2025-03-29 08:08:00.000000,C-N0139,C-N0041,10361.0,USD,deposit,atm,FR,DE,True,,
T-000524,2025-02-08 05:57:00.000000,C-N0028,C-N0156,12670.32,USD,deposit,online,SG,AU,True,,
T-000525,2025-02-13 21:06:00.000000,C-N0167,C-N0094,7773.58,USD,transfer,mobile,FR,US,True,,
T-000526,2025-01-30 08:07:00.000000,C-N0096,C-N0188,9189.06,USD,transfer,mobile,AU,JP,True,,
T-000527,2025-01-21 04:30:00.000000,C-N0159,C-N0106,6916.86,USD,transfer,online,AU,SG,True,,
T-000528,2025-02-03 14:07:00.000000,C-LAY07,C-N0062,6942.61,USD,deposit,atm,DE,AU,True,,
T-000529,2025-01-29 19:14:00.000000,C-LAY20,C-N0157,2388.0,USD,transfer,online,DE,AU,True,,
T-000530,2025-01-24 08:12:00.000000,C-N0094,C-N0099,1331.32,USD,transfer,online,GB,FR,True,,
T-000531,2025-02-17 23:22:00.000000,C-N0168,C-N0096,2556.81,USD,transfer,online,AU,JP,True,,
T-000532,2025-03-04 14:36:00.000000,C-N0095,C-N0057,11551.92,USD,transfer,online,SG,FR,True,,
T-000533,2025-02-21 13:19:00.000000,C-N0097,C-N0060,8871.39,USD,withdrawal,branch,FR,US,True,,
T-000534,2025-03-18 00:15:54.804097,C-RCO07,C-N0068,14340.07,USD,cash,atm,US,US,False,True,rapid_cashout
T-000535,2025-01-10 06:15:00.000000,C-N0144,C-STR02,6384.87,USD,transfer,mobile,JP,SG,True,,
T-000536,2025-03-25 01:48:00.000000,C-STR02,C-N0112,9252.18,USD,deposit,atm,AU,US,True,,
T-000537,2025-02-27 07:23:00.000000,C-N0168,C-N0006,4517.39,USD,transfer,mobile,CA,SG,True,,
T-000538,2025-02-18 07:10:00.000000,C-N0110,C-N0151,4197.49,USD,withdrawal,atm,FR,GB,True,,
T-000539,2025-01-22 20:34:00.000000,C-N0069,C-N0199,8057.75,USD,withdrawal,atm,AU,GB,True,,
T-000540,2025-03-27 09:23:00.000000,C-N0075,C-N0143,12302.82,USD,transfer,online,GB,GB,False,,
T-000541,2025-03-05 04:02:00.000000,C-N0130,C-LAY06,9954.12,USD,withdrawal,atm,JP,GB,True,,
T-000542,2025-03-11 12:10:00.000000,C-N0151,C-N0011,2815.07,USD,transfer,online,CA,GB,True,,
T-000543,2025-02-01 03:55:00.000000,C-STR06,C-N0094,9131.14,USD,cash,atm,US,US,False,True,structuring
T-000544,2025-01-18 06:23:00.000000,C-N0179,C-N0157,10061.79,USD,transfer,mobile,FR,JP,True,,
T-000545,2025-02-16 12:02:18.779523,C-HUB03,C-SMF18,8192.9,USD,transfer,online,US,US,False,True,smurfing
T-000546,2025-02-18 02:04:00.000000,C-N0073,C-N0194,8122.04,USD,transfer,mobile,US,CA,True,,
T-000547,2025-02-02 17:36:00.000000,C-N0087,C-N0034,12579.73,USD,withdrawal,atm,GB,CA,True,,
T-000548,2025-03-06 11:14:00.000000,C-STR10,C-N0103,9974.63,USD,cash,branch,US,US,False,True,structuring
T-000549,2025-01-22 17:19:00.000000,C-N0098,C-N0044,11904.35,USD,transfer,mobile,SG,SG,False,,
T-000550,2025-02-16 03:37:00.000000,C-N0151,C-LAY20,5435.54,USD,deposit,atm,GB,GB,False,,
T-000551,2025-01-30 05:23:00.000000,C-N0101,C-N0126,3452.29,USD,transfer,online,AU,SG,True,,
T-000552,2025-01-31 03:31:00.000000,C-SMF09,C-N0140,11027.99,USD,transfer,mobile,SG,CA,True,,
T-000553,2025-02-04 04:51:00.000000,C-N0009,C-N0004,12556.19,USD,transfer,mobile,AU,FR,True,,
T-000554,2025-03-16 20:31:00.000000,C-N0174,C-N0128,3235.34,USD,deposit,atm,FR,FR,False,,
T-000555,2025-01-05 05:26:00.000000,C-N0023,C-N0115,2959.39,USD,transfer,mobile,US,JP,True,,
T-000556,2025-01-17 09:48:00.000000,C-STR08,C-N0002,9892.32,USD,cash,atm,US,US,False,True,structuring
T-000557,2025-02-25 13:22:00.000000,C-STR06,C-N0050,11937.71,USD,transfer,mobile,JP,SG,True,,
T-000558,2025-02-16 01:17:00.000000,C-N0027,C-N0071,3649.55,USD,transfer,mobile,FR,GB,True,,
T-000559,2025-01-26 02:29:00.000000,C-N0126,C-N0045,7439.88,USD,transfer,mobile,AU,US,True,,
T-000560,2025-03-04 03:46:07.900936,C-HUB02,C-SMF10,8652.75,USD,transfer,online,US,US,False,True,smurfing
T-000561,2025-03-30 03:13:00.000000,C-N0093,C-N0068,2981.15,USD,withdrawal,branch,JP,JP,False,,
T-000562,2025-01-11 12:36:00.000000,C-N0123,C-N0157,8643.35,USD,transfer,mobile,JP,DE,True,,
T-000563,2025-01-17 12:46:00.000000,C-N0113,C-STR01,12417.44,USD,deposit,online,AU,JP,True,,
T-000564,2025-03-18 16:19:00.000000,C-N0024,C-N0005,5620.7,USD,withdrawal,branch,FR,GB,True,,
T-000565,2025-03-23 21:41:00.000000,C-N0059,C-N0024,12276.56,USD,transfer,online,US,GB,True,,
T-000566,2025-01-07 22:40:00.000000,C-N0071,C-N0080,2356.08,USD,deposit,online,DE,JP,True,,
T-000567,2025-01-07 11:08:00.000000,C-STR01,C-STR01,4885.11,USD,transfer,mobile,GB,DE,True,,
T-000568,2025-02-25 09:34:00.000000,C-STR03,C-N0020,8548.19,USD,transfer,online,GB,FR,True,,
T-000569,2025-01-23 09:02:00.000000,C-N0019,C-STR03,6494.95,USD,deposit,online,DE,SG,True,,
T-000570,2025-01-09 12:52:00.000000,C-N0095,C-N0112,374.13,USD,transfer,mobile,AU,CA,True,,
T-000571,2025-03-10 09:36:00.000000,C-N0188,C-N0022,4500.75,USD,transfer,mobile,GB,CA,True,,
T-000572,2025-02-23 16:14:00.000000,C-N0082,C-SMF04,10241.57,USD,transfer,mobile,US,GB,True,,
T-000573,2025-02-02 06:58:00.000000,C-N0025,C-N0010,5099.13,USD,transfer,online,US,GB,True,,
T-000574,2025-02-23 07:09:00.000000,C-N0102,C-SMF18,8681.35,USD,transfer,online,FR,GB,True,,
T-000575,2025-01-16 12:03:00.000000,C-N0067,C-N0008,12276.11,USD,deposit,atm,DE,GB,True,,
T-000576,2025-02-21 19:38:00.000000,C-N0040,C-N0161,361.81,USD,transfer,mobile,GB,JP,True,,
T-000577,2025-03-03 06:52:00.000000,C-N0038,C-N0053,5594.61,USD,transfer,online,CA,CA,False,,
T-000578,2025-02-21 07:25:00.000000,C-STR03,C-N0186,9212.2,USD,transfer,atm,US,US,False,True,structuring
T-000579,2025-01-23 02:54:00.000000,C-STR08,C-N0002,9240.62,USD,cash,branch,US,US,False,True,structuring
T-000580,2025-02-02 02:12:00.000000,C-N0110,C-N0055,3230.88,USD,withdrawal,branch,US,JP,True,,
T-000581,2025-03-15 22:29:00.000000,C-STR05,C-N0138,9927.0,USD,transfer,atm,US,US,False,True,structuring
T-000582,2025-01-09 08:33:00.000000,C-N0195,C-N0064,14113.4,USD,withdrawal,atm,CA,GB,True,,
T-000583,2025-02-04 19:20:00.000000,C-N0126,C-RCO05,75320.2,USD,wire,wire,CA,US,True,True,rapid_cashout
T-000584,2025-03-26 11:54:00.000000,C-SMF06,C-N0010,13273.87,USD,withdrawal,atm,JP,JP,False,,
T-000585,2025-01-25 11:08:00.000000,C-SMF04,C-N0081,9304.7,USD,deposit,online,CA,JP,True,,
T-000586,2025-02-01 11:16:00.000000,C-N0023,C-N0161,9866.02,USD,withdrawal,atm,SG,GB,True,,
T-000587,2025-01-26 20:42:00.000000,C-STR06,C-N0094,9906.24,USD,cash,atm,US,US,False,True,structuring
T-000588,2025-02-14 18:57:00.000000,C-N0196,C-N0124,10019.27,USD,withdrawal,branch,SG,FR,True,,
T-000589,2025-02-19 13:00:00.000000,C-N0057,C-N0062,8321.81,USD,transfer,mobile,SG,JP,True,,
T-000590,2025-01-10 03:06:00.000000,C-N0193,C-N0031,7104.02,USD,transfer,mobile,FR,GB,True,,
T-000591,2025-01-09 04:56:00.000000,C-N0009,C-N0083,3353.55,USD,transfer,online,CA,JP,True,,
T-000592,2025-02-01 06:08:00.000000,C-N0017,C-LAY21,226.71,USD,withdrawal,atm,AU,US,True,,
T-000593,2025-02-11 12:22:00.000000,C-N0108,C-N0124,1659.73,USD,withdrawal,atm,GB,DE,True,,
T-000594,2025-03-12 21:36:00.000000,C-N0029,C-N0173,11128.72,USD,deposit,atm,SG,DE,True,,
T-000595,2025-02-01 10:30:00.000000,C-LAY23,C-SMF12,9579.54,USD,withdrawal,branch,DE,CA,True,,
T-000596,2025-03-04 11:48:00.000000,C-N0099,C-N0194,12823.81,USD,transfer,online,US,CA,True,,
T-000597,2025-01-02 20:47:00.000000,C-N0194,C-N0115,3963.66,USD,deposit,online,SG,CA,True,,
T-000598,2025-02-16 16:49:00.000000,C-LAY14,C-N0033,8343.09,USD,deposit,branch,DE,US,True,,
T-000599,2025-03-08 08:10:00.000000,C-LAY14,C-LAY01,14131.38,USD,transfer,mobile,FR,CA,True,,
T-000600,2025-03-12 05:03:00.000000,C-N0196,C-N0041,11227.8,USD,transfer,mobile,GB,CA,True,,
T-000601,2025-01-20 17:55:00.000000,C-N0022,C-LAY17,3623.33,USD,deposit,online,SG,CA,True,,
T-000602,2025-02-07 13:28:00.000000,C-RCO08,C-N0059,4708.02,USD,deposit,branch,SG,AU,True,,
T-000603,2025-03-26 21:58:00.000000,C-N0162,C-N0048,11290.04,USD,deposit,atm,CA,AU,True,,
T-000604,2025-01-18 21:18:00.000000,C-N0167,C-SMF02,3594.92,USD,transfer,mobile,CA,GB,True,,
T-000605,2025-03-09 07:37:00.000000,C-N0030,C-N0032,12777.57,USD,deposit,branch,US,GB,True,,
T-000606,2025-01-29 16:06:00.000000,C-N0013,C-LAY14,14942.5,USD,withdrawal,atm,FR,SG,True,,
T-000607,2025-03-13 01:25:00.000000,C-N0152,C-N0081,12939.88,USD,withdrawal,atm,JP,SG,True,,
T-000608,2025-03-06 13:03:00.000000,C-STR10,C-N0103,8919.63,USD,cash,branch,US,US,False,True,structuring
T-000609,2025-02-19 18:11:00.000000,C-N0092,C-N0019,4105.31,USD,transfer,online,JP,AU,True,,
T-000610,2025-03-27 05:39:00.000000,C-N0059,C-SMF24,14704.66,USD,withdrawal,branch,JP,SG,True,,
T-000611,2025-02-27 03:06:00.000000,C-SMF23,C-SMF03,5141.91,USD,transfer,mobile,US,AU,True,,
T-000612,2025-02-16 16:23:00.000000,C-N0022,C-N0126,4403.13,USD,transfer,mobile,US,CA,True,,
T-000613,2025-03-20 20:41:00.000000,C-SMF06,C-N0087,3657.32,USD,transfer,online,GB,AU,True,,
T-000614,2025-02-16 04:50:00.000000,C-STR05,C-LAY12,8321.17,USD,transfer,online,JP,AU,True,,
T-000615,2025-02-16 18:28:00.000000,C-N0072,C-N0194,1514.92,USD,withdrawal,branch,AU,SG,True,,
T-000616,2025-02-12 05:29:00.000000,C-LAY17,C-N0096,14614.15,USD,deposit,atm,GB,DE,True,,
T-000617,2025-01-18 19:12:00.000000,C-SMF21,C-N0142,1902.53,USD,transfer,online,AU,US,True,,
T-000618,2025-03-05 13:06:00.000000,C-SMF21,C-N0149,1493.75,USD,withdrawal,branch,DE,GB,True,,
T-000619,2025-01-31 15:55:00.000000,C-N0160,C-RCO05,10911.31,USD,withdrawal,atm,CA,FR,True,,
T-000620,2025-02-15 04:48:00.000000,C-N0182,C-LAY03,6127.4,USD,transfer,mobile,GB,FR,True,,
T-000621,2025-02-05 02:42:00.000000,C-N0162,C-N0035,5619.01,USD,deposit,branch,GB,GB,False,,
T-000622,2025-02-12 18:29:00.000000,C-N0173,C-N0194,13001.87,USD,withdrawal,branch,SG,DE,True,,
T-000623,2025-03-07 11:55:00.000000,C-N0113,C-N0043,5260.87,USD,withdrawal,branch,CA,GB,True,,
T-000624,2025-01-02 20:16:00.000000,C-N0185,C-N0196,3861.14,USD,transfer,mobile,GB,JP,True,,
T-000625,2025-02-18 22:01:00.000000,C-N0125,C-N0029,8192.4,USD,transfer,online,US,GB,True,,
T-000626,2025-01-24 21:01:00.000000,C-N0113,C-N0101,3018.67,USD,withdrawal,atm,FR,DE,True,,
T-000627,2025-02-22 23:55:00.000000,C-N0184,C-N0122,7914.98,USD,deposit,branch,DE,JP,True,,
T-000628,2025-01-23 19:53:00.000000,C-N0024,C-N0003,8728.28,USD,transfer,mobile,DE,US,True,,
T-000629,2025-02-25 02:03:00.000000,C-N0193,C-N0029,6824.4,USD,transfer,online,AU,US,True,,
T-000630,2025-02-10 19:05:00.000000,C-N0170,C-N0167,6945.56,USD,deposit,branch,AU,SG,True,,
T-000631,2025-02-06 23:19:00.000000,C-LAY09,C-RCO08,6777.12,USD,transfer,online,AU,GB,True,,
T-000632,2025-01-01 02:09:00.000000,C-SMF19,C-N0022,14005.93,USD,transfer,online,US,US,False,,
T-000633,2025-03-03 05:59:00.000000,C-N0011,C-N0144,14702.78,USD,transfer,mobile,CA,CA,False,,
T-000634,2025-01-25 03:52:00.000000,C-N0098,C-N0027,13048.63,USD,deposit,branch,SG,CA,True,,
T-000635,2025-02-19 04:07:00.000000,C-SMF03,C-N0188,3969.67,USD,withdrawal,atm,GB,US,True,,
T-000636,2025-02-22 03:53:00.000000,C-N0168,C-N0071,11908.84,USD,withdrawal,atm,GB,DE,True,,
T-000637,2025-02-24 13:56:00.000000,C-N0064,C-N0025,2063.87,USD,withdrawal,atm,SG,CA,True,,
T-000638,2025-03-07 21:05:00.000000,C-LAY22,C-N0057,6758.62,USD,transfer,online,US,GB,True,,
T-000639,2025-02-22 17:01:00.000000,C-N0025,C-N0130,4389.79,USD,transfer,mobile,DE,US,True,,
T-000640,2025-01-16 06:43:00.000000,C-N0059,C-N0173,355.01,USD,transfer,mobile,JP,FR,True,,
T-000641,2025-01-23 18:12:00.000000,C-N0085,C-SMF06,1683.65,USD,transfer,mobile,JP,GB,True,,
T-000642,2025-01-23 11:08:00.000000,C-N0057,C-N0081,13108.91,USD,withdrawal,branch,SG,SG,False,,
T-000643,2025-01-12 13:19:00.000000,C-N0036,C-N0065,13937.26,USD,transfer,mobile,JP,CA,True,,
T-000644,2025-03-12 14:17:00.000000,C-N0175,C-LAY15,12728.74,USD,transfer,online,CA,GB,True,,
T-000645,2025-02-06 19:30:00.000000,C-N0147,C-STR06,10248.9,USD,withdrawal,branch,AU,GB,True,,
T-000646,2025-03-22 08:05:00.000000,C-N0142,C-N0072,10099.96,USD,deposit,online,SG,DE,True,,
T-000647,2025-03-01 17:03:00.000000,C-N0154,C-SMF09,10089.83,USD,transfer,mobile,FR,SG,True,,
T-000648,2025-01-02 20:41:00.000000,C-N0126,C-LAY09,6262.86,USD,withdrawal,branch,FR,FR,False,,
T-000649,2025-02-16 04:58:00.000000,C-N0040,C-N0024,3860.16,USD,transfer,mobile,FR,AU,True,,
T-000650,2025-01-23 23:34:00.000000,C-N0102,C-N0133,12100.67,USD,deposit,branch,JP,JP,False,,
T-000651,2025-03-13 20:30:00.000000,C-N0020,C-N0170,4507.15,USD,withdrawal,branch,FR,DE,True,,
T-000652,2025-03-10 16:23:00.000000,C-LAY06,C-N0132,5483.91,USD,transfer,online,SG,US,True,,
T-000653,2025-01-03 07:52:00.000000,C-N0166,C-N0129,7083.99,USD,withdrawal,atm,US,DE,True,,
T-000654,2025-03-11 02:52:00.000000,C-N0049,C-N0136,783.73,USD,transfer,online,GB,CA,True,,
T-000655,2025-03-18 09:07:00.000000,C-SMF20,C-LAY16,12390.58,USD,deposit,atm,CA,US,True,,
T-000656,2025-02-01 18:17:00.000000,C-N0170,C-SMF03,968.2,USD,transfer,online,FR,FR,False,,
T-000657,2025-01-31 09:01:00.000000,C-STR06,C-LAY22,12680.57,USD,withdrawal,branch,AU,AU,False,,
T-000658,2025-02-25 20:10:00.000000,C-N0107,C-N0042,5775.18,USD,transfer,mobile,US,GB,True,,
T-000659,2025-02-11 11:04:00.000000,C-RCO07,C-STR02,9592.6,USD,transfer,mobile,FR,DE,True,,
T-000660,2025-02-28 19:10:00.000000,C-N0086,C-N0167,6297.24,USD,withdrawal,atm,FR,FR,False,,
T-000661,2025-03-31 01:42:00.000000,C-N0146,C-LAY15,5966.46,USD,transfer,mobile,GB,GB,False,,
T-000662,2025-03-10 09:28:00.000000,C-STR10,C-N0103,9955.43,USD,transfer,atm,US,US,False,True,structuring
T-000663,2025-01-17 08:32:00.000000,C-N0070,C-SMF24,5095.63,USD,transfer,online,SG,AU,True,,
T-000664,2025-01-26 16:21:00.000000,C-N0051,C-N0087,10195.2,USD,withdrawal,atm,FR,JP,True,,
T-000665,2025-03-27 19:45:00.000000,C-N0131,C-N0192,1493.64,USD,transfer,online,GB,JP,True,,
T-000666,2025-03-26 08:51:00.000000,C-N0063,C-N0155,2912.75,USD,withdrawal,atm,DE,JP,True,,
T-000667,2025-01-11 03:33:00.000000,C-RCO04,C-LAY11,7492.59,USD,deposit,branch,DE,AU,True,,
T-000668,2025-02-04 12:34:00.000000,C-N0026,C-N0055,4720.99,USD,deposit,atm,SG,AU,True,,
T-000669,2025-02-28 20:44:00.000000,C-N0174,C-N0197,570.66,USD,transfer,mobile,JP,SG,True,,
T-000670,2025-03-05 19:43:00.000000,C-N0179,C-LAY24,3673.18,USD,transfer,mobile,JP,CA,True,,
T-000671,2025-01-01 20:48:00.000000,C-N0161,C-N0063,13486.22,USD,deposit,online,SG,AU,True,,
T-000672,2025-02-27 15:41:00.000000,C-N0173,C-N0142,13500.32,USD,transfer,online,DE,CA,True,,
T-000673,2025-03-06 19:38:00.000000,C-N0022,C-N0195,12413.8,USD,transfer,online,SG,SG,False,,
T-000674,2025-02-24 12:16:00.000000,C-SMF19,C-N0010,8632.61,USD,deposit,online,FR,FR,False,,
T-000675,2025-03-20 16:17:00.000000,C-STR07,C-N0086,9918.11,USD,transfer,atm,US,US,False,True,structuring
T-000676,2025-03-04 02:19:00.000000,C-LAY04,C-N0144,2077.2,USD,withdrawal,atm,GB,US,True,,
T-000677,2025-01-15 15:30:00.000000,C-N0116,C-SMF18,499.75,USD,withdrawal,atm,GB,SG,True,,
T-000678,2025-03-28 14:56:00.000000,C-N0039,C-N0096,1994.49,USD,deposit,atm,FR,FR,False,,
T-000679,2025-01-28 04:08:35.488158,C-RCO08,C-SMF24,12579.68,USD,cash,branch,US,US,False,True,rapid_cashout
T-000680,2025-01-03 20:43:00.000000,C-N0099,C-N0051,3349.81,USD,transfer,mobile,US,AU,True,,
T-000681,2025-03-30 03:41:00.000000,C-N0051,C-N0194,8852.96,USD,withdrawal,atm,DE,FR,True,,
T-000682,2025-02-17 23:34:03.489467,C-HUB03,C-SMF21,8428.93,USD,transfer,online,US,US,False,True,smurfing
T-000683,2025-03-11 12:19:00.000000,C-N0187,C-N0179,8092.33,USD,transfer,online,JP,DE,True,,
T-000684,2025-01-05 07:59:00.000000,C-N0119,C-N0034,10365.94,USD,transfer,mobile,US,CA,True,,
T-000685,2025-03-11 19:09:00.000000,C-RCO07,C-N0159,5844.44,USD,withdrawal,atm,US,SG,True,,
T-000686,2025-02-21 03:22:00.000000,C-SMF18,C-N0133,13208.55,USD,deposit,branch,US,CA,True,,
T-000687,2025-03-06 08:13:00.000000,C-N0161,C-N0184,8193.05,USD,withdrawal,branch,GB,SG,True,,
T-000688,2025-03-05 09:53:00.000000,C-N0112,C-SMF18,8072.63,USD,deposit,branch,GB,DE,True,,
T-000689,2025-01-21 08:38:00.000000,C-N0054,C-N0128,11410.41,USD,withdrawal,branch,SG,FR,True,,
T-000690,2025-01-01 05:54:00.000000,C-N0191,C-N0173,10221.32,USD,transfer,online,DE,AU,True,,
T-000691,2025-03-11 09:48:00.000000,C-N0013,C-STR04,2199.38,USD,transfer,online,FR,AU,True,,
T-000692,2025-02-10 03:23:00.000000,C-N0141,C-N0144,13247.54,USD,withdrawal,atm,SG,JP,True,,
T-000693,2025-03-26 08:24:00.000000,C-N0017,C-N0179,12992.85,USD,transfer,online,AU,JP,True,,
T-000694,2025-01-09 13:48:00.000000,C-N0132,C-N0038,14951.25,USD,deposit,branch,SG,AU,True,,
T-000695,2025-02-22 22:59:00.000000,C-LAY15,C-STR03,5074.86,USD,transfer,mobile,CA,DE,True,,
T-000696,2025-03-30 00:31:00.000000,C-N0018,C-N0163,13810.49,USD,withdrawal,branch,FR,GB,True,,
T-000697,2025-02-25 03:14:00.000000,C-N0122,C-LAY15,8070.0,USD,transfer,mobile,DE,SG,True,,
T-000698,2025-03-07 15:12:00.000000,C-LAY18,C-N0136,5550.18,USD,deposit,online,CA,JP,True,,
T-000699,2025-01-23 17:23:00.000000,C-N0103,C-N0101,6539.24,USD,transfer,online,CA,DE,True,,
T-000700,2025-01-08 07:26:00.000000,C-N0022,C-N0015,13340.5,USD,transfer,mobile,US,SG,True,,
T-000701,2025-03-02 15:35:00.000000,C-N0179,C-N0168,14059.03,USD,deposit,atm,AU,SG,True,,
T-000702,2025-03-01 11:33:00.000000,C-N0190,C-N0191,11933.73,USD,transfer,online,DE,DE,False,,
T-000703,2025-03-09 06:06:00.000000,C-N0185,C-SMF16,5464.95,USD,withdrawal,branch,CA,SG,True,,
T-000704,2025-03-06 01:25:00.000000,C-STR02,C-N0163,2129.08,USD,transfer,online,DE,SG,True,,
T-000705,2025-01-02 12:19:00.000000,C-N0144,C-N0139,919.82,USD,transfer,mobile,JP,DE,True,,
T-000706,2025-01-04 10:07:35.679070,C-RCO02,C-N0184,14659.57,USD,cash,atm,US,US,False,True,rapid_cashout
T-000707,2025-03-09 05:04:00.000000,C-STR05,C-N0199,4836.31,USD,transfer,mobile,AU,CA,True,,
T-000708,2025-01-18 16:45:00.000000,C-N0103,C-N0171,14976.16,USD,transfer,mobile,CA,DE,True,,
T-000709,2025-03-09 12:14:00.000000,C-LAY14,C-N0184,3207.29,USD,withdrawal,atm,CA,DE,True,,
T-000710,2025-03-25 14:51:00.000000,C-N0141,C-N0099,6139.09,USD,transfer,online,US,JP,True,,
T-000711,2025-03-11 03:59:00.000000,C-STR08,C-LAY19,7134.96,USD,transfer,online,AU,FR,True,,
T-000712,2025-03-11 13:39:00.000000,C-N0079,C-N0097,11702.98,USD,withdrawal,atm,US,US,False,,
T-000713,2025-03-19 02:32:00.000000,C-N0200,C-N0011,12809.05,USD,transfer,mobile,FR,JP,True,,
T-000714,2025-03-03 09:08:00.000000,C-N0076,C-N0033,6490.91,USD,deposit,online,US,SG,True,,
T-000715,2025-03-20 06:54:00.000000,C-N0004,C-N0034,1421.8,USD,deposit,branch,CA,DE,True,,
T-000716,2025-01-10 20:53:00.000000,C-N0170,C-SMF06,135.1,USD,withdrawal,atm,SG,CA,True,,
T-000717,2025-01-11 17:06:00.000000,C-N0124,C-N0151,14251.29,USD,transfer,online,GB,AU,True,,
T-000718,2025-01-12 20:50:00.000000,C-LAY03,C-N0122,5096.11,USD,deposit,atm,CA,FR,True,,
T-000719,2025-02-04 20:38:00.000000,C-SMF20,C-N0092,5071.58,USD,withdrawal,atm,FR,CA,True,,
T-000720,2025-01-14 19:08:00.000000,C-N0021,C-RCO06,468.27,USD,transfer,mobile,FR,SG,True,,
T-000721,2025-03-21 23:58:00.000000,C-N0062,C-SMF15,14528.17,USD,transfer,online,FR,GB,True,,
T-000722,2025-03-01 07:46:00.000000,C-RCO04,C-N0151,10334.56,USD,transfer,mobile,AU,CA,True,,
T-000723,2025-01-19 18:35:00.000000,C-N0010,C-N0104,11874.25,USD,transfer,online,AU,JP,True,,
T-000724,2025-03-24 18:58:00.000000,C-N0110,C-N0078,8864.13,USD,transfer,online,DE,GB,True,,
T-000725,2025-03-30 03:26:00.000000,C-N0102,C-N0090,5747.01,USD,transfer,mobile,SG,GB,True,,
T-000726,2025-02-09 19:55:00.000000,C-N0162,C-N0193,6488.68,USD,deposit,branch,DE,SG,True,,
T-000727,2025-02-18 19:01:00.000000,C-STR09,C-N0091,9830.91,USD,cash,branch,US,US,False,True,structuring
T-000728,2025-01-15 07:23:00.000000,C-N0068,C-N0155,9984.41,USD,transfer,mobile,GB,AU,True,,
T-000729,2025-01-26 06:06:00.000000,C-N0017,C-N0031,3336.81,USD,deposit,atm,DE,AU,True,,
T-000730,2025-01-03 19:55:00.000000,C-LAY03,C-N0134,8822.97,USD,deposit,online,DE,SG,True,,
T-000731,2025-02-25 21:15:00.000000,C-N0150,C-SMF19,13474.29,USD,deposit,branch,GB,JP,True,,
T-000732,2025-02-07 04:31:00.000000,C-RCO06,C-LAY03,14350.42,USD,withdrawal,branch,FR,FR,False,,
T-000733,2025-03-21 09:11:00.000000,C-N0004,C-LAY20,2296.09,USD,transfer,online,FR,CA,True,,
T-000734,2025-01-23 23:07:00.000000,C-N0040,C-N0048,12452.27,USD,deposit,online,JP,US,True,,
T-000735,2025-02-10 04:50:00.000000,C-LAY02,C-N0076,14056.7,USD,transfer,mobile,AU,GB,True,,
T-000736,2025-03-05 15:41:00.000000,C-N0182,C-N0091,3049.08,USD,transfer,online,FR,JP,True,,
T-000737,2025-02-15 19:25:17.907578,C-HUB01,C-SMF08,7788.14,USD,transfer,online,US,US,False,True,smurfing
T-000738,2025-02-02 05:31:00.000000,C-N0164,C-SMF18,8211.46,USD,transfer,mobile,SG,AU,True,,
T-000739,2025-01-08 04:41:00.000000,C-N0031,C-SMF08,8559.56,USD,transfer,mobile,AU,GB,True,,
T-000740,2025-02-18 14:51:00.000000,C-N0075,C-N0175,12360.48,USD,withdrawal,atm,JP,GB,True,,
T-000741,2025-02-26 06:02:00.000000,C-N0141,C-N0065,12645.82,USD,deposit,online,DE,AU,True,,
T-000742,2025-01-04 07:29:00.000000,C-N0140,C-RCO02,63042.46,USD,wire,wire,JP,US,True,True,rapid_cashout
T-000743,2025-01-04 19:34:00.000000,C-N0116,C-LAY09,5843.5,USD,withdrawal,atm,AU,AU,False,,
T-000744,2025-02-04 23:28:00.000000,C-N0005,C-N0035,13017.79,USD,transfer,online,US,FR,True,,
T-000745,2025-03-17 18:25:37.923365,C-RCO07,C-N0006,14340.07,USD,cash,atm,US,US,False,True,rapid_cashout
T-000746,2025-03-11 03:26:00.000000,C-N0195,C-N0023,11548.89,USD,transfer,online,DE,DE,False,,
T-000747,2025-02-23 08:08:00.000000,C-LAY07,C-LAY08,318229.99,USD,wire,wire,DE,GB,True,True,layering
T-000748,2025-02-15 21:35:02.090748,C-HUB01,C-SMF06,7678.89,USD,transfer,online,US,US,False,True,smurfing
T-000749,2025-02-19 00:09:00.000000,C-N0184,C-LAY09,439.64,USD,transfer,mobile,FR,DE,True,,
T-000750,2025-01-28 14:23:00.000000,C-N0186,C-N0150,2358.9,USD,withdrawal,branch,SG,FR,True,,
T-000751,2025-01-18 10:53:00.000000,C-N0196,C-SMF04,1682.31,USD,withdrawal,atm,SG,JP,True,,
T-000752,2025-03-15 19:47:00.000000,C-LAY11,C-N0095,9561.15,USD,transfer,online,JP,DE,True,,
T-000753,2025-03-29 09:04:00.000000,C-LAY08,C-N0035,3076.59,USD,withdrawal,branch,US,CA,True,,
T-000754,2025-03-29 07:54:00.000000,C-N0171,C-N0028,6935.79,USD,transfer,mobile,JP,DE,True,,
T-000755,2025-02-11 05:22:00.000000,C-RCO05,C-N0155,7379.52,USD,deposit,branch,JP,GB,True,,
T-000756,2025-03-04 15:59:00.000000,C-HUB03,C-N0087,11876.23,USD,withdrawal,atm,DE,GB,True,,
T-000757,2025-03-07 20:10:00.000000,C-LAY16,C-LAY17,248339.16,USD,wire,wire,JP,DE,True,True,layering
T-000758,2025-03-22 02:19:00.000000,C-STR02,C-N0135,9957.47,USD,transfer,branch,US,US,False,True,structuring
T-000759,2025-03-17 15:29:00.000000,C-STR08,C-N0085,9659.11,USD,withdrawal,atm,US,GB,True,,
T-000760,2025-02-10 16:07:00.000000,C-N0122,C-N0191,11784.91,USD,transfer,online,GB,AU,True,,
T-000761,2025-01-21 07:15:00.000000,C-N0016,C-N0144,6289.13,USD,transfer,online,JP,CA,True,,
T-000762,2025-03-27 05:05:00.000000,C-N0062,C-SMF19,13990.98,USD,transfer,mobile,AU,SG,True,,
T-000763,2025-03-26 03:57:00.000000,C-N0098,C-SMF05,3219.59,USD,transfer,mobile,FR,DE,True,,
T-000764,2025-02-21 01:55:00.000000,C-N0074,C-N0194,2787.41,USD,transfer,online,JP,SG,True,,
T-000765,2025-01-04 18:34:00.000000,C-N0092,C-N0074,4307.62,USD,withdrawal,branch,GB,AU,True,,
T-000766,2025-01-15 19:06:00.000000,C-STR04,C-N0160,9082.78,USD,cash,atm,US,US,False,True,structuring
T-000767,2025-03-02 13:57:00.000000,C-N0101,C-N0006,14059.71,USD,deposit,branch,US,FR,True,,
T-000768,2025-02-02 16:53:00.000000,C-STR04,C-N0021,11381.21,USD,transfer,online,DE,FR,True,,
T-000769,2025-03-20 09:52:00.000000,C-STR05,C-N0138,8876.23,USD,cash,atm,US,US,False,True,structuring
T-000770,2025-03-16 23:27:00.000000,C-N0200,C-SMF01,10022.49,USD,transfer,online,FR,GB,True,,
T-000771,2025-02-11 17:33:00.000000,C-LAY19,C-N0191,11646.01,USD,deposit,atm,US,FR,True,,
T-000772,2025-02-05 12:28:00.000000,C-N0117,C-N0084,3801.7,USD,transfer,mobile,CA,JP,True,,
T-000773,2025-02-13 05:13:00.000000,C-N0005,C-SMF10,10952.27,USD,transfer,mobile,CA,DE,True,,
T-000774,2025-02-16 05:33:00.000000,C-N0188,C-N0069,14547.44,USD,deposit,atm,DE,AU,True,,
T-000775,2025-02-05 01:54:00.000000,C-STR06,C-N0152,55.29,USD,transfer,mobile,DE,FR,True,,
T-000776,2025-03-04 06:18:00.000000,C-LAY08,C-SMF23,1920.09,USD,transfer,mobile,FR,GB,True,,
T-000777,2025-03-12 08:26:00.000000,C-N0007,C-RCO06,8462.12,USD,deposit,atm,GB,GB,False,,
T-000778,2025-01-09 06:17:00.000000,C-LAY11,C-N0116,10439.73,USD,transfer,mobile,CA,CA,False,,
T-000779,2025-02-18 23:01:00.000000,C-N0058,C-LAY20,10275.96,USD,deposit,online,DE,CA,True,,
T-000780,2025-03-29 05:15:00.000000,C-N0082,C-LAY13,9136.87,USD,deposit,atm,AU,SG,True,,
T-000781,2025-01-11 10:55:00.000000,C-N0031,C-N0047,4759.0,USD,transfer,mobile,GB,GB,False,,
T-000782,2025-02-02 13:54:00.000000,C-SMF07,C-STR05,2334.98,USD,withdrawal,branch,US,GB,True,,
T-000783,2025-03-31 08:34:00.000000,C-SMF03,C-N0192,9820.33,USD,transfer,mobile,GB,DE,True,,
T-000784,2025-03-03 16:22:00.000000,C-N0120,C-N0103,14236.67,USD,withdrawal,atm,US,CA,True,,
T-000785,2025-02-21 23:57:00.000000,C-N0086,C-N0108,6987.02,USD,transfer,online,US,DE,True,,
T-000786,2025-01-10 01:27:00.000000,C-N0107,C-STR01,10325.68,USD,deposit,atm,GB,CA,True,,
T-000787,2025-02-15 15:48:00.000000,C-N0154,C-N0173,5002.03,USD,transfer,mobile,US,AU,True,,
T-000788,2025-01-02 02:41:00.000000,C-N0134,C-N0161,7254.85,USD,withdrawal,branch,JP,CA,True,,
T-000789,2025-02-02 23:33:00.000000,C-N0058,C-N0087,1502.03,USD,transfer,mobile,CA,FR,True,,
T-000790,2025-03-17 16:57:00.000000,C-N0175,C-N0042,9927.97,USD,transfer,online,US,JP,True,,
T-000791,2025-02-22 12:47:00.000000,C-N0057,C-SMF01,8773.67,USD,deposit,online,CA,US,True,,
T-000792,2025-03-02 13:40:00.000000,C-N0125,C-N0080,6144.24,USD,withdrawal,branch,DE,FR,True,,
T-000793,2025-03-12 02:46:00.000000,C-N0092,C-N0064,11814.28,USD,transfer,online,DE,CA,True,,
T-000794,2025-02-27 02:48:00.000000,C-N0008,C-N0074,7283.48,USD,withdrawal,branch,US,SG,True,,
T-000795,2025-02-09 22:33:00.000000,C-N0104,C-N0048,10999.99,USD,deposit,atm,AU,SG,True,,
T-000796,2025-02-16 13:17:29.177400,C-HUB03,C-SMF17,7802.6,USD,transfer,online,US,US,False,True,smurfing
T-000797,2025-03-14 12:14:00.000000,C-N0077,C-LAY06,4535.51,USD,withdrawal,branch,AU,SG,True,,
T-000798,2025-02-06 21:37:00.000000,C-N0113,C-N0176,12721.89,USD,deposit,atm,DE,FR,True,,
T-000799,2025-03-01 05:03:00.000000,C-SMF03,C-N0048,14237.31,USD,transfer,online,GB,GB,False,,
T-000800,2025-02-05 20:27:00.000000,C-N0129,C-N0053,1173.92,USD,deposit,branch,DE,DE,False,,
T-000801,2025-02-28 05:21:00.000000,C-SMF11,C-SMF04,3913.03,USD,deposit,branch,DE,US,True,,
T-000802,2025-01-21 20:48:00.000000,C-SMF06,C-SMF24,486.42,USD,transfer,online,JP,JP,False,,
T-000803,2025-02-11 18:59:00.000000,C-N0113,C-N0128,8520.26,USD,withdrawal,branch,JP,JP,False,,
T-000804,2025-01-31 01:06:00.000000,C-STR01,C-N0027,603.41,USD,deposit,online,SG,FR,True,,
T-000805,2025-01-28 11:37:00.000000,C-N0153,C-SMF07,9923.4,USD,deposit,online,CA,FR,True,,
T-000806,2025-03-05 01:21:00.000000,C-N0009,C-N0100,10749.32,USD,transfer,online,US,CA,True,,
T-000807,2025-03-13 00:50:00.000000,C-N0077,C-N0113,8591.2,USD,transfer,online,US,US,False,,
T-000808,2025-03-28 02:27:00.000000,C-N0112,C-N0096,11127.87,USD,deposit,atm,DE,CA,True,,
T-000809,2025-02-16 10:47:23.634281,C-HUB03,C-SMF19,7037.27,USD,transfer,online,US,US,False,True,smurfing
T-000810,2025-03-31 10:02:00.000000,C-N0072,C-N0054,12251.41,USD,transfer,online,CA,AU,True,,
T-000811,2025-03-07 02:17:00.000000,C-SMF24,C-N0158,6384.28,USD,transfer,online,GB,US,True,,
T-000812,2025-02-17 17:59:00.000000,C-N0177,C-N0124,7434.15,USD,transfer,online,US,GB,True,,
T-000813,2025-03-27 01:18:00.000000,C-N0058,C-N0039,1955.31,USD,withdrawal,atm,DE,JP,True,,
T-000814,2025-03-30 12:09:00.000000,C-N0081,C-N0108,719.49,USD,deposit,online,DE,GB,True,,
T-000815,2025-03-11 14:14:00.000000,C-N0069,C-STR05,7350.22,USD,transfer,mobile,GB,AU,True,,
T-000816,2025-02-01 01:34:00.000000,C-N0200,C-N0093,9880.57,USD,transfer,mobile,US,DE,True,,
T-000817,2025-01-30 07:54:00.000000,C-LAY15,C-N0125,10241.6,USD,transfer,online,CA,DE,True,,
T-000818,2025-02-19 02:59:00.000000,C-N0153,C-SMF24,7582.04,USD,transfer,online,SG,AU,True,,
T-000819,2025-01-29 06:41:00.000000,C-N0107,C-N0112,9026.51,USD,transfer,mobile,CA,JP,True,,
T-000820,2025-01-02 10:48:00.000000,C-N0133,C-N0132,1208.31,USD,transfer,online,AU,GB,True,,
T-000821,2025-01-16 17:46:00.000000,C-N0140,C-HUB03,4377.47,USD,transfer,online,DE,JP,True,,
T-000822,2025-03-16 20:41:00.000000,C-RCO08,C-N0037,9669.79,USD,transfer,mobile,FR,DE,True,,
T-000823,2025-02-23 02:39:00.000000,C-N0190,C-SMF14,3806.65,USD,transfer,mobile,DE,CA,True,,
T-000824,2025-03-17 07:25:00.000000,C-N0055,C-N0071,8346.37,USD,transfer,online,GB,US,True,,
T-000825,2025-02-19 09:43:00.000000,C-STR03,C-N0186,8976.08,USD,cash,atm,US,US,False,True,structuring
T-000826,2025-02-09 02:53:00.000000,C-N0146,C-N0108,13876.68,USD,transfer,online,GB,US,True,,
T-000827,2025-02-15 23:50:00.000000,C-SMF15,C-N0058,9646.21,USD,withdrawal,branch,JP,GB,True,,
T-000828,2025-03-29 12:56:00.000000,C-N0030,C-RCO05,12413.7,USD,transfer,mobile,AU,US,True,,
T-000829,2025-01-28 14:44:00.000000,C-N0090,C-N0194,2772.12,USD,transfer,online,JP,US,True,,
T-000830,2025-01-12 22:39:00.000000,C-STR09,C-N0112,2468.95,USD,transfer,online,SG,FR,True,,
T-000831,2025-03-27 15:06:00.000000,C-RCO02,C-N0146,9407.53,USD,transfer,mobile,FR,FR,False,,
T-000832,2025-03-02 01:00:00.000000,C-LAY13,C-RCO08,4556.22,USD,deposit,branch,US,CA,True,,
T-000833,2025-03-03 22:59:04.473126,C-HUB02,C-SMF13,7435.7,USD,transfer,online,US,US,False,True,smurfing
T-000834,2025-01-31 08:10:00.000000,C-N0015,C-N0008,10873.97,USD,withdrawal,atm,GB,DE,True,,
T-000835,2025-01-26 17:28:00.000000,C-STR01,C-N0095,9939.3,USD,transfer,online,US,DE,True,,
T-000836,2025-03-24 06:11:00.000000,C-N0163,C-N0184,8154.76,USD,deposit,online,CA,SG,True,,
T-000837,2025-02-01 21:03:00.000000,C-N0184,C-LAY03,14364.5,USD,transfer,mobile,US,US,False,,
T-000838,2025-01-08 16:45:00.000000,C-SMF16,C-N0064,976.93,USD,deposit,branch,GB,DE,True,,
T-000839,2025-01-01 03:25:00.000000,C-N0116,C-N0145,11597.77,USD,transfer,online,JP,FR,True,,
T-000840,2025-01-27 20:55:00.000000,C-N0064,C-LAY23,14195.91,USD,withdrawal,atm,FR,US,True,,
T-000841,2025-02-09 18:25:00.000000,C-N0117,C-N0046,51.38,USD,transfer,online,FR,US,True,,
T-000842,2025-01-31 16:02:00.000000,C-N0104,C-N0067,11626.78,USD,withdrawal,atm,DE,DE,False,,
T-000843,2025-03-10 07:05:00.000000,C-LAY05,C-N0072,3274.04,USD,transfer,online,US,FR,True,,
T-000844,2025-02-06 18:01:00.000000,C-N0136,C-N0069,10970.63,USD,transfer,online,AU,CA,True,,
T-000845,2025-02-20 03:24:00.000000,C-HUB02,C-N0019,5481.97,USD,deposit,branch,SG,AU,True,,
T-000846,2025-02-07 06:43:00.000000,C-SMF09,C-N0079,7323.47,USD,deposit,atm,FR,CA,True,,
T-000847,2025-03-20 17:24:00.000000,C-LAY02,C-N0047,8422.97,USD,deposit,online,CA,GB,True,,
T-000848,2025-03-19 03:28:00.000000,C-N0016,C-N0026,1503.63,USD,transfer,mobile,JP,DE,True,,
T-000849,2025-01-22 10:01:00.000000,C-N0113,C-SMF04,1862.9,USD,transfer,mobile,AU,JP,True,,
T-000850,2025-01-29 20:38:00.000000,C-N0070,C-N0154,4407.15,USD,withdrawal,branch,JP,AU,True,,
T-000851,2025-02-24 02:26:38.886947,C-RCO04,C-N0132,8808.44,USD,cash,atm,US,US,False,True,rapid_cashout
T-000852,2025-01-19 21:19:00.000000,C-STR04,C-N0160,9938.29,USD,cash,branch,US,US,False,True,structuring
T-000853,2025-02-27 00:28:00.000000,C-N0193,C-N0161,9912.01,USD,transfer,mobile,US,DE,True,,
T-000854,2025-03-19 23:09:00.000000,C-N0192,C-N0149,8174.86,USD,deposit,branch,AU,AU,False,,
T-000855,2025-01-05 05:30:00.000000,C-N0078,C-RCO07,1547.06,USD,transfer,online,AU,DE,True,,
T-000856,2025-01-05 18:06:00.000000,C-STR03,C-N0070,7650.82,USD,withdrawal,atm,CA,US,True,,
T-000857,2025-03-26 14:16:00.000000,C-LAY24,C-N0177,14329.93,USD,transfer,online,JP,GB,True,,
T-000858,2025-02-14 03:24:00.000000,C-STR02,C-N0100,5575.97,USD,deposit,online,DE,JP,True,,
T-000859,2025-03-27 19:44:00.000000,C-N0063,C-N0002,1865.51,USD,deposit,atm,SG,AU,True,,
T-000860,2025-01-31 02:26:00.000000,C-STR06,C-N0094,8866.95,USD,transfer,branch,US,US,False,True,structuring
T-000861,2025-01-06 18:44:00.000000,C-N0079,C-N0110,12501.72,USD,transfer,mobile,US,CA,True,,
T-000862,2025-01-21 23:16:00.000000,C-STR08,C-N0002,9434.37,USD,cash,atm,US,US,False,True,structuring
T-000863,2025-03-01 11:30:00.000000,C-N0001,C-N0076,3124.64,USD,transfer,mobile,SG,CA,True,,
T-000864,2025-03-09 16:20:00.000000,C-N0195,C-N0143,14998.62,USD,transfer,mobile,US,US,False,,
T-000865,2025-03-14 06:47:00.000000,C-N0172,C-N0188,8308.12,USD,transfer,online,AU,FR,True,,
T-000866,2025-03-22 21:21:00.000000,C-N0055,C-N0124,14381.39,USD,transfer,mobile,US,DE,True,,
T-000867,2025-02-16 22:25:52.398192,C-HUB03,C-SMF23,8415.99,USD,transfer,online,US,US,False,True,smurfing
T-000868,2025-03-01 10:55:00.000000,C-N0194,C-N0170,1443.18,USD,transfer,online,DE,CA,True,,
T-000869,2025-01-31 01:34:00.000000,C-N0127,C-N0042,10944.79,USD,withdrawal,atm,SG,CA,True,,
T-000870,2025-01-04 19:50:00.000000,C-LAY11,C-SMF08,697.06,USD,deposit,branch,GB,FR,True,,
T-000871,2025-02-04 21:07:00.000000,C-N0025,C-N0196,9327.4,USD,transfer,online,FR,CA,True,,
T-000872,2025-02-20 02:25:00.000000,C-N0168,C-N0134,14360.14,USD,transfer,online,GB,AU,True,,
T-000873,2025-02-16 17:38:33.549563,C-HUB01,C-SMF02,8012.57,USD,transfer,online,US,US,False,True,smurfing
T-000874,2025-02-03 04:06:00.000000,C-N0154,C-N0166,2061.46,USD,transfer,online,FR,SG,True,,
T-000875,2025-03-09 03:36:00.000000,C-N0016,C-N0047,5582.29,USD,withdrawal,branch,AU,DE,True,,
T-000876,2025-01-26 11:51:00.000000,C-N0120,C-N0043,7820.44,USD,transfer,online,US,GB,True,,
T-000877,2025-03-18 23:46:00.000000,C-SMF15,C-N0121,4174.43,USD,deposit,online,US,JP,True,,
T-000878,2025-01-31 19:38:00.000000,C-N0034,C-N0163,622.32,USD,transfer,online,FR,SG,True,,
T-000879,2025-02-16 13:58:00.000000,C-STR09,C-N0091,9266.52,USD,transfer,branch,US,US,False,True,structuring
T-000880,2025-01-21 05:00:00.000000,C-N0042,C-N0192,4338.85,USD,transfer,online,DE,US,True,,
T-000881,2025-03-17 20:05:00.000000,C-N0194,C-N0143,10455.23,USD,withdrawal,branch,JP,US,True,,
T-000882,2025-01-04 12:32:00.000000,C-N0161,C-N0063,1314.92,USD,withdrawal,atm,FR,US,True,,
T-000883,2025-01-02 11:08:00.000000,C-N0042,C-LAY21,6272.96,USD,transfer,mobile,US,GB,True,,
T-000884,2025-02-17 21:32:00.000000,C-STR09,C-N0091,9027.93,USD,cash,branch,US,US,False,True,structuring
T-000885,2025-03-12 18:26:00.000000,C-N0125,C-STR01,3433.26,USD,transfer,online,AU,GB,True,,
T-000886,2025-01-21 16:29:00.000000,C-N0077,C-N0028,1784.56,USD,deposit,atm,SG,JP,True,,
T-000887,2025-02-02 21:38:00.000000,C-LAY02,C-N0021,3617.56,USD,withdrawal,atm,DE,AU,True,,
T-000888,2025-01-24 08:55:00.000000,C-N0003,C-N0027,4973.47,USD,deposit,branch,GB,FR,True,,
T-000889,2025-02-15 09:11:00.000000,C-N0038,C-N0198,5629.32,USD,transfer,online,GB,JP,True,,
T-000890,2025-01-04 14:14:40.954690,C-RCO02,C-N0026,14659.57,USD,cash,branch,US,US,False,True,rapid_cashout
T-000891,2025-01-02 16:31:00.000000,C-N0129,C-SMF16,2316.53,USD,transfer,online,JP,FR,True,,
T-000892,2025-01-28 09:24:00.000000,C-N0187,C-N0172,11132.32,USD,deposit,online,AU,AU,False,,
T-000893,2025-02-28 05:52:00.000000,C-STR07,C-N0146,13560.83,USD,withdrawal,branch,JP,FR,True,,
T-000894,2025-01-27 16:43:36.395378,C-RCO08,C-N0115,12579.68,USD,cash,atm,US,US,False,True,rapid_cashout
T-000895,2025-03-10 08:30:00.000000,C-STR09,C-LAY12,2077.96,USD,transfer,online,FR,JP,True,,
T-000896,2025-03-09 21:09:00.000000,C-SMF21,C-N0172,4709.69,USD,transfer,online,DE,JP,True,,
T-000897,2025-02-15 06:48:00.000000,C-STR09,C-N0086,12637.09,USD,transfer,online,GB,AU,True,,
T-000898,2025-03-06 10:09:00.000000,C-N0008,C-N0112,5528.62,USD,transfer,online,CA,SG,True,,
T-000899,2025-03-05 21:54:00.000000,C-LAY15,C-HUB03,4416.74,USD,transfer,online,US,CA,True,,
T-000900,2025-03-24 06:16:00.000000,C-N0169,C-N0009,10106.96,USD,withdrawal,atm,US,US,False,,
T-000901,2025-03-16 08:27:00.000000,C-LAY01,C-N0147,8013.35,USD,transfer,mobile,FR,US,True,,
T-000902,2025-03-15 18:26:00.000000,C-N0195,C-N0087,14436.63,USD,transfer,online,GB,JP,True,,
T-000903,2025-01-08 12:38:00.000000,C-N0013,C-N0016,14298.68,USD,withdrawal,atm,CA,SG,True,,
T-000904,2025-02-17 03:56:28.797313,C-HUB03,C-SMF24,7539.05,USD,transfer,online,US,US,False,True,smurfing
T-000905,2025-01-30 08:19:00.000000,C-STR07,C-N0154,8544.45,USD,deposit,online,DE,AU,True,,
T-000906,2025-02-16 08:10:00.000000,C-N0133,C-N0102,1867.19,USD,transfer,mobile,FR,US,True,,
T-000907,2025-02-26 23:01:00.000000,C-N0112,C-N0083,3863.8,USD,deposit,branch,JP,AU,True,,
T-000908,2025-02-08 10:38:00.000000,C-N0116,C-N0166,13403.99,USD,transfer,mobile,CA,AU,True,,
T-000909,2025-03-16 08:29:00.000000,C-HUB02,C-SMF08,5432.13,USD,transfer,online,JP,FR,True,,
T-000910,2025-01-14 13:14:00.000000,C-RCO06,C-N0040,653.73,USD,transfer,mobile,JP,SG,True,,
T-000911,2025-03-09 05:03:00.000000,C-STR08,C-N0098,10680.47,USD,withdrawal,atm,CA,DE,True,,
T-000912,2025-02-26 12:08:00.000000,C-N0093,C-N0010,14060.59,USD,withdrawal,branch,SG,FR,True,,
T-000913,2025-01-16 00:13:00.000000,C-SMF20,C-N0008,12516.19,USD,transfer,online,DE,US,True,,
T-000914,2025-02-08 16:11:00.000000,C-N0194,C-N0065,13462.34,USD,transfer,online,SG,GB,True,,
T-000915,2025-02-13 06:47:00.000000,C-N0067,C-N0070,1121.08,USD,withdrawal,branch,CA,CA,False,,
T-000916,2025-03-14 04:50:00.000000,C-N0097,C-N0072,8747.15,USD,transfer,mobile,CA,SG,True,,
T-000917,2025-02-26 06:35:00.000000,C-N0130,C-N0141,7128.05,USD,deposit,online,SG,DE,True,,
T-000918,2025-03-31 10:51:00.000000,C-N0156,C-N0044,13632.14,USD,deposit,online,JP,SG,True,,
T-000919,2025-02-24 23:58:00.000000,C-N0053,C-LAY21,6049.18,USD,withdrawal,atm,GB,DE,True,,
T-000920,2025-01-03 08:28:00.000000,C-STR09,C-N0012,5469.86,USD,transfer,online,DE,GB,True,,
T-000921,2025-03-31 17:53:00.000000,C-N0091,C-N0019,4510.96,USD,transfer,mobile,US,US,False,,
T-000922,2025-02-06 02:14:00.000000,C-N0087,C-N0026,2593.34,USD,transfer,online,GB,AU,True,,
T-000923,2025-03-21 19:10:00.000000,C-N0153,C-N0110,3291.25,USD,transfer,online,CA,FR,True,,
T-000924,2025-03-05 08:04:00.000000,C-N0166,C-N0053,5511.19,USD,transfer,online,JP,JP,False,,
T-000925,2025-01-24 15:40:00.000000,C-N0017,C-SMF18,12922.68,USD,deposit,atm,CA,AU,True,,
T-000926,2025-01-29 05:54:00.000000,C-N0147,C-N0175,13503.09,USD,deposit,atm,SG,CA,True,,
T-000927,2025-02-04 04:52:00.000000,C-N0029,C-STR01,5071.54,USD,transfer,online,DE,CA,True,,
T-000928,2025-01-17 15:50:00.000000,C-N0060,C-N0008,6537.86,USD,withdrawal,atm,JP,SG,True,,
T-000929,2025-01-20 06:30:00.000000,C-LAY08,C-LAY09,12924.72,USD,withdrawal,atm,DE,DE,False,,
T-000930,2025-02-22 00:12:00.000000,C-SMF03,C-RCO08,3089.03,USD,withdrawal,atm,AU,US,True,,
T-000931,2025-02-12 08:42:00.000000,C-N0129,C-N0116,1674.99,USD,transfer,mobile,DE,FR,True,,
T-000932,2025-01-12 04:46:00.000000,C-N0037,C-N0130,12189.27,USD,transfer,online,GB,CA,True,,
T-000933,2025-03-30 09:00:00.000000,C-N0162,C-STR06,13542.54,USD,withdrawal,atm,US,DE,True,,
T-000934,2025-03-27 18:50:00.000000,C-SMF11,C-N0034,13020.28,USD,withdrawal,branch,AU,SG,True,,
T-000935,2025-01-09 06:00:00.000000,C-N0063,C-SMF20,14832.87,USD,withdrawal,atm,AU,CA,True,,
T-000936,2025-02-20 22:15:00.000000,C-SMF10,C-N0170,4102.87,USD,deposit,online,CA,SG,True,,
T-000937,2025-03-20 16:08:00.000000,C-N0052,C-N0090,12776.13,USD,transfer,mobile,GB,GB,False,,
T-000938,2025-02-23 19:23:00.000000,C-LAY10,C-N0140,11100.79,USD,transfer,mobile,US,DE,True,,
T-000939,2025-02-26 02:10:00.000000,C-N0034,C-N0186,4381.63,USD,transfer,mobile,AU,DE,True,,
T-000940,2025-03-03 18:22:00.000000,C-STR06,C-N0191,3006.37,USD,deposit,online,US,GB,True,,
T-000941,2025-02-15 04:43:00.000000,C-N0078,C-STR04,784.56,USD,transfer,mobile,AU,GB,True,,
T-000942,2025-03-15 20:23:00.000000,C-LAY23,C-N0137,8101.78,USD,transfer,mobile,DE,SG,True,,
T-000943,2025-03-30 07:16:00.000000,C-N0193,C-N0031,12858.84,USD,transfer,online,US,DE,True,,
T-000944,2025-01-02 18:45:00.000000,C-N0019,C-N0038,13658.1,USD,transfer,mobile,JP,SG,True,,
T-000945,2025-02-18 01:44:00.000000,C-N0037,C-N0088,10284.98,USD,withdrawal,branch,FR,CA,True,,
T-000946,2025-02-12 20:43:00.000000,C-LAY07,C-N0121,2634.54,USD,deposit,atm,GB,SG,True,,
T-000947,2025-02-01 05:21:00.000000,C-N0108,C-SMF10,3910.3,USD,transfer,mobile,GB,CA,True,,
T-000948,2025-02-08 04:06:00.000000,C-SMF20,C-LAY24,9088.37,USD,transfer,online,DE,JP,True,,
T-000949,2025-03-26 20:49:00.000000,C-N0014,C-SMF24,2130.73,USD,withdrawal,branch,JP,SG,True,,
T-000950,2025-03-29 18:39:00.000000,C-N0194,C-N0030,433.92,USD,transfer,mobile,JP,DE,True,,
T-000951,2025-03-17 07:36:00.000000,C-N0132,C-N0041,10429.14,USD,transfer,mobile,FR,CA,True,,
T-000952,2025-01-06 22:28:00.000000,C-N0057,C-STR09,4141.02,USD,deposit,atm,DE,CA,True,,
T-000953,2025-01-28 17:53:00.000000,C-LAY14,C-LAY15,34271.46,USD,wire,wire,US,SG,True,True,layering
T-000954,2025-03-10 17:55:00.000000,C-N0136,C-N0188,8320.68,USD,transfer,online,CA,AU,True,,
T-000955,2025-03-24 08:50:00.000000,C-N0078,C-N0004,11324.86,USD,transfer,mobile,DE,CA,True,,
T-000956,2025-03-08 09:46:00.000000,C-N0065,C-N0087,8236.08,USD,withdrawal,atm,CA,SG,True,,
T-000957,2025-01-26 23:26:00.000000,C-HUB03,C-SMF14,3156.37,USD,transfer,online,GB,DE,True,,
T-000958,2025-02-11 03:06:00.000000,C-LAY01,C-LAY02,55204.55,USD,wire,wire,DE,GB,True,True,layering
T-000959,2025-02-01 06:53:00.000000,C-N0088,C-N0105,7573.44,USD,transfer,online,GB,DE,True,,
T-000960,2025-01-12 00:53:00.000000,C-N0061,C-RCO02,6009.64,USD,withdrawal,branch,GB,SG,True,,
T-000961,2025-02-16 02:24:00.000000,C-LAY08,C-N0172,13747.91,USD,deposit,atm,AU,FR,True,,
T-000962,2025-03-06 05:20:00.000000,C-N0043,C-N0125,12585.51,USD,transfer,mobile,DE,DE,False,,
T-000963,2025-01-11 01:43:00.000000,C-N0008,C-N0098,9746.92,USD,deposit,online,CA,SG,True,,
T-000964,2025-02-20 04:15:00.000000,C-SMF21,C-N0021,1946.77,USD,transfer,mobile,US,DE,True,,
T-000965,2025-03-14 05:12:00.000000,C-N0011,C-N0011,7803.8,USD,deposit,online,GB,US,True,,
T-000966,2025-03-11 18:09:00.000000,C-N0111,C-SMF10,2177.61,USD,withdrawal,atm,JP,CA,True,,
T-000967,2025-03-18 18:54:00.000000,C-N0168,C-N0193,7415.09,USD,deposit,branch,DE,JP,True,,
T-000968,2025-02-20 06:05:00.000000,C-N0009,C-N0186,4455.72,USD,withdrawal,atm,AU,DE,True,,
T-000969,2025-03-30 04:21:00.000000,C-N0198,C-N0119,7534.73,USD,deposit,atm,DE,CA,True,,
T-000970,2025-03-21 06:22:00.000000,C-N0161,C-LAY25,9058.87,USD,transfer,online,SG,SG,False,,
T-000971,2025-01-10 11:48:00.000000,C-STR01,C-N0100,8885.17,USD,cash,branch,US,US,False,True,structuring
T-000972,2025-01-11 12:33:00.000000,C-N0172,C-LAY14,11259.9,USD,transfer,mobile,CA,AU,True,,
T-000973,2025-01-01 07:39:00.000000,C-N0142,C-N0023,8435.56,USD,withdrawal,branch,SG,JP,True,,
T-000974,2025-01-27 05:04:00.000000,C-LAY05,C-N0193,13619.6,USD,deposit,branch,SG,FR,True,,
T-000975,2025-03-13 17:01:00.000000,C-N0150,C-N0119,2490.88,USD,transfer,mobile,JP,CA,True,,
T-000976,2025-03-14 16:55:00.000000,C-LAY20,C-N0020,9738.0,USD,transfer,mobile,SG,CA,True,,
T-000977,2025-02-09 00:05:00.000000,C-N0162,C-N0020,8815.83,USD,transfer,online,CA,DE,True,,
T-000978,2025-03-26 04:40:00.000000,C-N0200,C-N0121,6620.16,USD,withdrawal,atm,CA,FR,True,,
T-000979,2025-03-15 01:00:00.000000,C-N0160,C-N0041,4712.79,USD,transfer,online,JP,US,True,,
T-000980,2025-01-14 06:08:00.000000,C-N0158,C-N0053,2846.1,USD,deposit,online,US,SG,True,,
T-000981,2025-01-14 18:54:00.000000,C-STR04,C-N0160,9471.09,USD,cash,branch,US,US,False,True,structuring
T-000982,2025-02-15 23:03:00.000000,C-N0133,C-N0114,5207.26,USD,withdrawal,branch,SG,DE,True,,
T-000983,2025-01-09 18:49:00.000000,C-N0093,C-N0151,3372.69,USD,withdrawal,branch,AU,GB,True,,
T-000984,2025-03-21 14:54:00.000000,C-LAY19,C-STR03,11217.86,USD,transfer,online,CA,FR,True,,
T-000985,2025-01-23 01:18:00.000000,C-SMF24,C-SMF23,13087.68,USD,transfer,mobile,GB,AU,True,,
T-000986,2025-03-30 20:06:00.000000,C-N0170,C-N0091,9001.34,USD,withdrawal,branch,DE,DE,False,,
T-000987,2025-03-25 03:51:00.000000,C-N0041,C-N0178,13998.71,USD,transfer,online,CA,FR,True,,
T-000988,2025-02-09 11:58:00.000000,C-N0071,C-N0035,1813.02,USD,transfer,online,FR,GB,True,,
T-000989,2025-01-02 09:32:00.000000,C-HUB03,C-N0017,3665.38,USD,withdrawal,branch,DE,JP,True,,
T-000990,2025-01-26 16:29:00.000000,C-N0148,C-N0165,13239.56,USD,deposit,branch,DE,JP,True,,
T-000991,2025-02-03 21:56:00.000000,C-LAY08,C-RCO08,2924.35,USD,withdrawal,branch,FR,SG,True,,
T-000992,2025-03-11 07:21:00.000000,C-N0134,C-N0005,9828.66,USD,transfer,mobile,US,SG,True,,
T-000993,2025-03-31 19:16:00.000000,C-N0115,C-LAY21,4788.24,USD,transfer,online,SG,SG,False,,
T-000994,2025-02-03 07:45:00.000000,C-N0098,C-N0008,9751.23,USD,transfer,mobile,GB,SG,True,,
T-000995,2025-01-15 06:35:00.000000,C-SMF09,C-LAY01,1700.73,USD,deposit,online,CA,JP,True,,
T-000996,2025-02-05 07:02:39.378089,C-RCO05,C-N0139,18046.57,USD,cash,branch,US,US,False,True,rapid_cashout
T-000997,2025-01-23 23:47:00.000000,C-RCO08,C-N0023,9838.63,USD,deposit,atm,US,SG,True,,
T-000998,2025-01-17 22:48:00.000000,C-N0123,C-LAY15,12724.22,USD,transfer,online,SG,GB,True,,
T-000999,2025-01-12 19:33:00.000000,C-SMF14,C-N0065,7034.54,USD,withdrawal,atm,AU,SG,True,,
T-001000,2025-01-05 02:45:34.600977,C-RCO02,C-SMF13,14659.57,USD,cash,atm,US,US,False,True,rapid_cashout
T-001001,2025-01-02 02:41:00.000000,C-N0013,C-N0159,6895.37,USD,withdrawal,atm,JP,AU,True,,
T-001002,2025-01-11 23:43:00.000000,C-LAY02,C-LAY25,5848.82,USD,transfer,online,AU,DE,True,,
T-001003,2025-02-19 15:39:00.000000,C-N0159,C-N0097,732.93,USD,deposit,branch,US,SG,True,,
T-001004,2025-02-14 16:38:00.000000,C-N0054,C-N0019,11734.05,USD,withdrawal,branch,SG,FR,True,,
T-001005,2025-03-07 05:07:00.000000,C-N0089,C-N0061,13314.74,USD,transfer,online,AU,DE,True,,
T-001006,2025-02-26 14:01:00.000000,C-N0177,C-N0097,1811.4,USD,transfer,mobile,FR,SG,True,,
T-001007,2025-02-15 05:20:00.000000,C-N0159,C-N0104,1006.35,USD,transfer,online,DE,SG,True,,
T-001008,2025-03-06 07:07:00.000000,C-N0092,C-N0111,6687.6,USD,withdrawal,atm,JP,FR,True,,
T-001009,2025-01-11 00:09:00.000000,C-N0077,C-SMF04,6326.39,USD,transfer,online,US,CA,True,,
T-001010,2025-03-20 02:56:00.000000,C-LAY03,C-N0126,1331.96,USD,withdrawal,branch,GB,GB,False,,
T-001011,2025-02-03 04:39:00.000000,C-N0168,C-LAY08,5963.29,USD,transfer,online,JP,AU,True,,
T-001012,2025-02-25 11:08:00.000000,C-STR01,C-N0099,6076.63,USD,transfer,online,JP,DE,True,,
T-001013,2025-01-23 13:59:00.000000,C-STR08,C-N0002,9889.21,USD,cash,branch,US,US,False,True,structuring
T-001014,2025-02-13 11:09:00.000000,C-N0149,C-N0155,6622.1,USD,transfer,online,US,DE,True,,
T-001015,2025-01-11 07:47:00.000000,C-LAY07,C-N0005,5751.52,USD,transfer,online,US,AU,True,,
T-001016,2025-02-10 03:22:00.000000,C-N0128,C-N0142,8399.24,USD,deposit,atm,DE,CA,True,,
T-001017,2025-03-27 14:17:00.000000,C-N0063,C-N0144,96.78,USD,withdrawal,branch,JP,CA,True,,
T-001018,2025-01-16 08:25:00.000000,C-LAY05,C-LAY10,10876.59,USD,transfer,online,FR,DE,True,,
T-001019,2025-03-10 16:11:00.000000,C-LAY12,C-SMF05,1781.64,USD,withdrawal,atm,FR,US,True,,
T-001020,2025-01-25 04:19:00.000000,C-N0200,C-SMF04,10648.93,USD,deposit,branch,FR,GB,True,,
T-001021,2025-02-14 00:44:00.000000,C-N0013,C-N0123,603.79,USD,deposit,online,SG,US,True,,
T-001022,2025-02-14 04:08:00.000000,C-LAY16,C-N0141,7200.89,USD,transfer,online,US,JP,True,,
T-001023,2025-03-13 04:20:00.000000,C-N0166,C-SMF07,2218.34,USD,transfer,online,AU,AU,False,,
T-001024,2025-02-15 23:32:00.000000,C-N0044,C-N0081,6977.22,USD,transfer,online,JP,DE,True,,
T-001025,2025-03-03 16:40:00.000000,C-RCO07,C-N0054,404.32,USD,transfer,mobile,CA,US,True,,
T-001026,2025-03-15 06:13:00.000000,C-N0175,C-N0107,3320.83,USD,transfer,online,GB,DE,True,,
T-001027,2025-01-27 15:54:45.853211,C-RCO08,C-N0059,12579.68,USD,cash,atm,US,US,False,True,rapid_cashout
T-001028,2025-03-27 03:29:00.000000,C-N0088,C-STR07,3392.13,USD,withdrawal,atm,AU,GB,True,,
T-001029,2025-02-04 10:28:00.000000,C-N0163,C-N0117,843.44,USD,transfer,online,AU,AU,False,,
T-001030,2025-02-24 19:06:00.000000,C-N0148,C-SMF06,7412.94,USD,transfer,online,SG,SG,False,,
T-001031,2025-01-11 17:48:00.000000,C-N0126,C-N0015,13031.77,USD,transfer,mobile,SG,JP,True,,
T-001032,2025-01-28 08:49:00.000000,C-SMF15,C-SMF22,5609.94,USD,withdrawal,atm,CA,SG,True,,
T-001033,2025-02-23 14:22:00.000000,C-N0044,C-N0075,10903.69,USD,withdrawal,branch,CA,SG,True,,
T-001034,2025-03-31 15:36:00.000000,C-N0023,C-N0124,4636.01,USD,transfer,online,CA,FR,True,,
T-001035,2025-03-24 05:07:00.000000,C-N0188,C-LAY20,7051.55,USD,withdrawal,branch,AU,GB,True,,
T-001036,2025-03-25 23:18:00.000000,C-STR02,C-N0135,9043.43,USD,cash,atm,US,US,False,True,structuring
T-001037,2025-03-11 21:33:00.000000,C-SMF21,C-N0155,4302.53,USD,deposit,branch,GB,GB,False,,
T-001038,2025-03-14 18:01:00.000000,C-N0147,C-LAY16,6111.8,USD,deposit,atm,SG,GB,True,,
T-001039,2025-01-23 09:24:00.000000,C-N0083,C-N0100,1382.13,USD,withdrawal,atm,GB,AU,True,,
T-001040,2025-02-21 05:58:00.000000,C-N0136,C-STR08,8539.61,USD,deposit,online,DE,AU,True,,
T-001041,2025-01-20 22:38:00.000000,C-N0048,C-N0151,14949.64,USD,withdrawal,branch,AU,JP,True,,
T-001042,2025-01-16 15:26:00.000000,C-N0081,C-N0123,4404.33,USD,deposit,branch,SG,SG,False,,
T-001043,2025-02-28 02:30:00.000000,C-N0059,C-LAY22,4343.4,USD,transfer,online,DE,SG,True,,
T-001044,2025-01-12 23:31:00.000000,C-N0167,C-STR05,13510.3,USD,withdrawal,atm,CA,AU,True,,
T-001045,2025-03-11 08:02:00.000000,C-N0126,C-N0194,1708.43,USD,deposit,atm,US,GB,True,,
T-001046,2025-03-18 17:05:00.000000,C-STR03,C-N0088,13996.01,USD,withdrawal,branch,FR,CA,True,,
T-001047,2025-02-26 02:00:00.000000,C-N0036,C-N0170,6065.89,USD,deposit,online,JP,AU,True,,
T-001048,2025-01-26 14:13:00.000000,C-N0003,C-SMF24,7074.91,USD,transfer,mobile,US,GB,True,,
T-001049,2025-01-28 07:13:00.000000,C-N0137,C-N0005,9977.34,USD,withdrawal,atm,CA,CA,False,,
T-001050,2025-02-12 12:33:00.000000,C-RCO05,C-N0061,12052.62,USD,transfer,mobile,US,AU,True,,
T-001051,2025-01-09 03:21:00.000000,C-N0143,C-N0075,6386.29,USD,withdrawal,branch,AU,SG,True,,
T-001052,2025-03-24 14:53:00.000000,C-N0072,C-N0103,11884.31,USD,deposit,branch,US,JP,True,,
T-001053,2025-01-22 15:41:00.000000,C-STR05,C-N0077,7202.34,USD,transfer,online,US,DE,True,,
T-001054,2025-02-13 15:26:00.000000,C-STR09,C-N0091,8858.7,USD,transfer,branch,US,US,False,True,structuring
T-001055,2025-02-07 03:20:00.000000,C-N0177,C-N0109,1763.61,USD,withdrawal,atm,FR,CA,True,,
T-001056,2025-02-22 05:36:00.000000,C-N0092,C-RCO03,61736.03,USD,wire,wire,AU,US,True,True,rapid_cashout
T-001057,2025-02-16 14:45:47.431371,C-HUB01,C-SMF05,8975.89,USD,transfer,online,US,US,False,True,smurfing
T-001058,2025-03-11 08:48:00.000000,C-N0188,C-LAY02,5644.38,USD,transfer,online,CA,JP,True,,
T-001059,2025-01-26 13:02:00.000000,C-N0036,C-N0198,7802.05,USD,withdrawal,atm,US,AU,True,,
T-001060,2025-01-12 00:13:00.000000,C-LAY14,C-N0002,8508.17,USD,transfer,mobile,SG,FR,True,,
T-001061,2025-03-24 20:58:00.000000,C-STR01,C-N0085,13271.96,USD,transfer,online,GB,GB,False,,
T-001062,2025-03-03 21:34:00.000000,C-N0193,C-N0106,9791.06,USD,transfer,online,DE,JP,True,,
T-001063,2025-01-13 23:47:00.000000,C-SMF01,C-N0084,6858.71,USD,withdrawal,branch,GB,CA,True,,
T-001064,2025-02-12 19:50:00.000000,C-N0110,C-SMF02,290.05,USD,deposit,branch,AU,US,True,,
T-001065,2025-02-06 18:58:00.000000,C-N0158,C-N0037,14358.6,USD,deposit,branch,CA,JP,True,,
T-001066,2025-02-04 14:52:00.000000,C-SMF09,C-SMF22,13288.85,USD,withdrawal,atm,US,CA,True,,
T-001067,2025-03-22 00:32:00.000000,C-N0138,C-SMF01,2461.93,USD,deposit,atm,JP,US,True,,
T-001068,2025-03-30 00:21:00.000000,C-N0152,C-N0012,11647.33,USD,transfer,online,SG,FR,True,,
T-001069,2025-01-17 13:15:00.000000,C-N0176,C-N0188,4230.46,USD,transfer,mobile,AU,JP,True,,
T-001070,2025-03-03 22:02:00.000000,C-N0020,C-SMF02,13174.45,USD,transfer,mobile,SG,DE,True,,
T-001071,2025-03-09 06:40:00.000000,C-SMF06,C-N0042,12321.19,USD,deposit,online,SG,US,True,,
T-001072,2025-01-29 10:56:00.000000,C-N0154,C-SMF22,7612.98,USD,deposit,branch,GB,CA,True,,
T-001073,2025-01-21 15:24:00.000000,C-SMF10,C-N0154,10957.96,USD,deposit,online,US,FR,True,,
T-001074,2025-03-28 01:58:00.000000,C-N0115,C-N0053,13853.63,USD,transfer,mobile,GB,AU,True,,
T-001075,2025-03-28 10:48:00.000000,C-RCO08,C-N0187,4872.92,USD,transfer,online,AU,FR,True,,
T-001076,2025-01-19 07:46:00.000000,C-N0108,C-N0176,9532.55,USD,transfer,mobile,US,GB,True,,
T-001077,2025-03-03 15:02:00.000000,C-SMF08,C-N0166,2897.82,USD,deposit,branch,AU,AU,False,,
T-001078,2025-03-07 20:35:00.000000,C-N0025,C-N0078,7024.96,USD,deposit,branch,SG,JP,True,,
T-001079,2025-03-01 03:53:00.000000,C-N0160,C-N0028,2705.6,USD,withdrawal,branch,US,US,False,,
T-001080,2025-01-13 14:18:00.000000,C-N0181,C-N0087,11476.87,USD,transfer,online,GB,US,True,,
T-001081,2025-02-10 22:16:00.000000,C-N0131,C-LAY17,14724.59,USD,transfer,online,FR,US,True,,
T-001082,2025-03-29 19:58:00.000000,C-N0017,C-N0061,2933.04,USD,transfer,online,FR,GB,True,,
T-001083,2025-03-11 06:30:00.000000,C-N0177,C-N0013,13866.99,USD,withdrawal,branch,SG,US,True,,
T-001084,2025-01-04 12:41:00.000000,C-N0166,C-N0116,14871.76,USD,transfer,online,SG,AU,True,,
T-001085,2025-03-02 03:23:00.000000,C-HUB02,C-SMF16,11601.03,USD,withdrawal,branch,FR,AU,True,,
T-001086,2025-03-06 16:08:00.000000,C-N0061,C-N0008,2898.64,USD,transfer,online,CA,CA,False,,
T-001087,2025-02-19 16:08:00.000000,C-N0177,C-N0171,3541.76,USD,transfer,online,CA,JP,True,,
T-001088,2025-03-18 10:18:24.122026,C-RCO07,C-N0179,14340.07,USD,cash,atm,US,US,False,True,rapid_cashout
T-001089,2025-01-11 13:44:00.000000,C-N0051,C-N0049,9723.97,USD,withdrawal,branch,US,AU,True,,
T-001090,2025-01-14 10:10:00.000000,C-LAY24,C-LAY25,458068.46,USD,wire,wire,AU,JP,True,True,layering
T-001091,2025-03-24 08:40:00.000000,C-N0105,C-STR04,3960.35,USD,transfer,mobile,AU,FR,True,,
T-001092,2025-03-14 13:27:00.000000,C-STR05,C-N0138,9012.32,USD,transfer,atm,US,US,False,True,structuring
T-001093,2025-01-10 18:24:00.000000,C-N0090,C-SMF03,6547.55,USD,withdrawal,atm,JP,GB,True,,
T-001094,2025-03-05 18:32:00.000000,C-N0093,C-N0120,11075.15,USD,withdrawal,atm,SG,GB,True,,
T-001095,2025-02-05 11:54:00.000000,C-N0197,C-N0142,6304.72,USD,deposit,branch,DE,CA,True,,
T-001096,2025-03-13 10:37:00.000000,C-N0156,C-N0003,12949.36,USD,transfer,mobile,CA,SG,True,,
T-001097,2025-03-27 17:23:00.000000,C-N0143,C-N0169,6566.88,USD,transfer,mobile,US,US,False,,
T-001098,2025-02-23 03:30:00.000000,C-N0076,C-STR08,11764.83,USD,transfer,mobile,FR,GB,True,,
T-001099,2025-03-14 02:51:00.000000,C-N0167,C-N0088,3687.58,USD,transfer,online,JP,GB,True,,
T-001100,2025-01-09 05:17:00.000000,C-N0119,C-N0111,1212.92,USD,withdrawal,atm,US,AU,True,,
T-001101,2025-02-15 16:02:00.000000,C-N0105,C-N0121,3711.63,USD,transfer,mobile,DE,CA,True,,
T-001102,2025-01-28 12:57:38.623024,C-RCO01,C-N0018,17139.65,USD,cash,branch,US,US,False,True,rapid_cashout
T-001103,2025-01-03 14:21:00.000000,C-LAY12,C-N0063,1443.48,USD,withdrawal,atm,US,JP,True,,
T-001104,2025-01-07 03:13:00.000000,C-N0152,C-N0083,3906.26,USD,transfer,online,DE,SG,True,,
T-001105,2025-03-27 14:08:00.000000,C-N0178,C-N0005,7970.73,USD,deposit,online,GB,CA,True,,
T-001106,2025-03-20 10:05:00.000000,C-SMF12,C-N0013,897.86,USD,deposit,branch,DE,AU,True,,
T-001107,2025-03-26 23:34:00.000000,C-N0102,C-N0150,406.32,USD,transfer,mobile,GB,SG,True,,
T-001108,2025-03-05 06:10:00.000000,C-N0170,C-N0181,4767.44,USD,transfer,online,GB,CA,True,,
T-001109,2025-01-10 09:49:00.000000,C-N0013,C-LAY11,5178.85,USD,transfer,online,AU,FR,True,,
T-001110,2025-03-01 16:00:00.000000,C-SMF17,C-N0066,1044.18,USD,withdrawal,atm,DE,SG,True,,
T-001111,2025-02-12 20:57:00.000000,C-LAY14,C-N0056,5451.96,USD,transfer,online,DE,GB,True,,
T-001112,2025-02-20 12:00:00.000000,C-STR07,C-N0131,2715.96,USD,withdrawal,atm,CA,FR,True,,
T-001113,2025-02-11 15:06:00.000000,C-LAY02,C-LAY03,54496.93,USD,wire,wire,GB,CA,True,True,layering
T-001114,2025-02-09 23:04:00.000000,C-N0196,C-N0197,9923.02,USD,withdrawal,branch,JP,US,True,,
T-001115,2025-03-22 01:09:00.000000,C-N0037,C-LAY05,13069.19,USD,deposit,online,JP,US,True,,
T-001116,2025-02-24 08:08:00.000000,C-LAY09,C-LAY10,310926.39,USD,wire,wire,AU,SG,True,True,layering
T-001117,2025-03-17 07:46:00.000000,C-N0024,C-N0066,6450.82,USD,transfer,mobile,JP,GB,True,,
T-001118,2025-02-11 13:48:00.000000,C-N0127,C-N0028,14551.04,USD,withdrawal,atm,FR,AU,True,,
T-001119,2025-02-03 05:31:00.000000,C-N0151,C-N0032,3566.86,USD,deposit,branch,FR,US,True,,
T-001120,2025-02-16 12:52:05.797572,C-HUB01,C-SMF08,9374.44,USD,transfer,online,US,US,False,True,smurfing
T-001121,2025-03-31 06:29:00.000000,C-N0009,C-SMF19,1390.34,USD,withdrawal,branch,FR,SG,True,,
T-001122,2025-02-02 16:07:00.000000,C-SMF07,C-N0093,1941.24,USD,deposit,online,US,CA,True,,
T-001123,2025-03-04 12:08:00.000000,C-N0192,C-RCO08,3331.92,USD,transfer,mobile,US,CA,True,,
T-001124,2025-03-17 19:53:00.000000,C-HUB02,C-N0071,5629.35,USD,withdrawal,atm,CA,SG,True,,
T-001125,2025-01-01 12:15:00.000000,C-STR02,C-SMF01,11517.38,USD,transfer,mobile,DE,SG,True,,
T-001126,2025-01-16 19:20:00.000000,C-STR08,C-N0002,8982.23,USD,cash,branch,US,US,False,True,structuring
T-001127,2025-03-13 06:14:00.000000,C-N0021,C-RCO05,5173.79,USD,transfer,online,CA,AU,True,,
T-001128,2025-01-26 17:46:00.000000,C-N0104,C-RCO04,3626.89,USD,deposit,online,US,AU,True,,
T-001129,2025-02-20 00:59:00.000000,C-N0049,C-N0196,8047.92,USD,deposit,online,CA,SG,True,,
T-001130,2025-03-10 17:47:00.000000,C-N0061,C-SMF22,8446.81,USD,deposit,online,CA,FR,True,,
T-001131,2025-03-17 06:28:00.000000,C-N0060,C-HUB02,12173.51,USD,deposit,online,CA,FR,True,,
T-001132,2025-03-17 07:53:00.000000,C-N0111,C-LAY06,6542.02,USD,transfer,online,CA,AU,True,,
T-001133,2025-03-23 20:39:00.000000,C-N0159,C-RCO07,2802.82,USD,transfer,mobile,GB,GB,False,,
T-001134,2025-01-14 02:18:00.000000,C-N0080,C-LAY04,11853.91,USD,withdrawal,atm,US,AU,True,,
T-001135,2025-01-03 20:34:00.000000,C-RCO05,C-LAY22,14328.02,USD,transfer,mobile,DE,SG,True,,
T-001136,2025-03-09 13:50:00.000000,C-HUB02,C-N0176,8244.06,USD,transfer,mobile,JP,DE,True,,
T-001137,2025-01-24 15:22:00.000000,C-N0002,C-N0079,13606.56,USD,transfer,mobile,DE,SG,True,,
T-001138,2025-03-10 00:33:00.000000,C-N0090,C-N0197,12709.69,USD,transfer,mobile,GB,US,True,,
T-001139,2025-03-23 01:45:00.000000,C-N0052,C-N0082,8446.88,USD,withdrawal,branch,JP,DE,True,,
T-001140,2025-03-30 07:04:00.000000,C-N0019,C-N0178,10863.78,USD,transfer,mobile,DE,FR,True,,
T-001141,2025-01-08 04:56:00.000000,C-N0165,C-N0053,5305.63,USD,transfer,mobile,DE,SG,True,,
T-001142,2025-01-15 13:50:00.000000,C-N0166,C-N0132,14939.58,USD,deposit,atm,JP,AU,True,,
T-001143,2025-01-25 05:05:00.000000,C-N0177,C-N0074,12255.02,USD,withdrawal,branch,US,DE,True,,
T-001144,2025-01-24 19:45:00.000000,C-N0115,C-SMF18,7984.61,USD,deposit,branch,FR,US,True,,
T-001145,2025-02-10 03:46:00.000000,C-N0076,C-STR07,13220.57,USD,withdrawal,branch,JP,CA,True,,
T-001146,2025-03-23 01:30:00.000000,C-STR07,C-N0086,9886.11,USD,transfer,atm,US,US,False,True,structuring
T-001147,2025-01-06 23:01:00.000000,C-N0170,C-N0182,8586.18,USD,withdrawal,atm,JP,DE,True,,
T-001148,2025-01-22 11:50:00.000000,C-N0030,C-N0150,13258.03,USD,withdrawal,branch,FR,AU,True,,
T-001149,2025-01-28 16:02:00.000000,C-N0073,C-N0117,331.16,USD,withdrawal,atm,GB,GB,False,,
T-001150,2025-03-24 01:37:00.000000,C-N0047,C-N0165,6746.17,USD,transfer,mobile,AU,DE,True,,
T-001151,2025-03-30 03:14:00.000000,C-N0103,C-N0091,5359.54,USD,transfer,mobile,GB,SG,True,,
T-001152,2025-01-03 04:04:00.000000,C-N0071,C-N0062,8382.66,USD,deposit,online,SG,AU,True,,
T-001153,2025-01-29 17:05:00.000000,C-N0007,C-N0083,6365.73,USD,transfer,online,SG,JP,True,,
T-001154,2025-02-16 13:16:00.000000,C-STR09,C-N0091,9965.42,USD,transfer,atm,US,US,False,True,structuring
T-001155,2025-01-07 06:56:00.000000,C-N0090,C-SMF13,3252.85,USD,deposit,atm,SG,GB,True,,
T-001156,2025-03-12 10:14:00.000000,C-N0015,C-SMF18,2006.29,USD,transfer,online,US,JP,True,,
T-001157,2025-01-14 13:47:00.000000,C-STR01,C-N0100,9513.25,USD,transfer,atm,US,US,False,True,structuring
T-001158,2025-03-10 10:03:00.000000,C-N0089,C-N0079,12970.49,USD,deposit,branch,SG,AU,True,,
T-001159,2025-01-18 10:38:00.000000,C-N0040,C-RCO02,4108.31,USD,withdrawal,atm,AU,FR,True,,
T-001160,2025-02-18 05:33:00.000000,C-SMF05,C-N0074,6324.31,USD,deposit,online,AU,DE,True,,
T-001161,2025-03-10 23:13:00.000000,C-N0168,C-N0197,13844.91,USD,withdrawal,branch,GB,DE,True,,
T-001162,2025-02-05 15:53:00.000000,C-N0128,C-N0183,14283.84,USD,deposit,online,DE,US,True,,
T-001163,2025-03-09 01:37:00.000000,C-N0151,C-LAY03,3008.25,USD,transfer,online,FR,DE,True,,
T-001164,2025-03-28 13:21:00.000000,C-N0058,C-LAY10,3716.21,USD,deposit,branch,GB,GB,False,,
T-001165,2025-01-19 05:00:00.000000,C-N0174,C-N0044,7209.68,USD,transfer,online,FR,AU,True,,
T-001166,2025-01-24 07:51:00.000000,C-LAY07,C-SMF18,6626.1,USD,withdrawal,branch,CA,FR,True,,
T-001167,2025-01-16 02:00:00.000000,C-STR04,C-N0160,9248.26,USD,transfer,atm,US,US,False,True,structuring
T-001168,2025-01-20 04:55:00.000000,C-N0198,C-SMF16,11100.51,USD,deposit,branch,SG,DE,True,,
T-001169,2025-02-15 22:10:00.000000,C-STR03,C-N0151,6803.49,USD,deposit,atm,US,CA,True,,
T-001170,2025-01-09 17:22:00.000000,C-N0098,C-N0049,10116.8,USD,transfer,mobile,SG,US,True,,
T-001171,2025-03-14 22:05:00.000000,C-N0120,C-N0019,13573.15,USD,transfer,online,FR,DE,True,,
T-001172,2025-03-07 10:50:00.000000,C-N0020,C-N0136,1245.54,USD,deposit,branch,SG,GB,True,,
T-001173,2025-03-08 09:15:00.000000,C-SMF14,C-N0127,5867.39,USD,deposit,branch,CA,SG,True,,
T-001174,2025-01-28 01:55:00.000000,C-STR02,C-N0131,13198.04,USD,withdrawal,atm,SG,AU,True,,
T-001175,2025-03-23 05:13:00.000000,C-N0060,C-N0086,3060.01,USD,transfer,online,SG,CA,True,,
T-001176,2025-01-03 11:17:00.000000,C-N0047,C-N0146,4072.8,USD,deposit,branch,CA,CA,False,,
T-001177,2025-03-29 11:12:00.000000,C-N0141,C-N0177,5623.29,USD,withdrawal,branch,GB,AU,True,,
T-001178,2025-02-09 07:41:00.000000,C-N0090,C-N0166,1051.58,USD,withdrawal,branch,SG,US,True,,
T-001179,2025-03-09 21:49:00.000000,C-N0155,C-N0006,487.42,USD,deposit,online,DE,AU,True,,
T-001180,2025-02-23 23:32:00.000000,C-STR03,C-N0186,9512.35,USD,cash,atm,US,US,False,True,structuring
T-001181,2025-03-07 07:04:00.000000,C-N0142,C-N0170,10318.07,USD,withdrawal,atm,US,FR,True,,
T-001182,2025-02-16 23:25:00.000000,C-LAY20,C-N0062,4972.82,USD,transfer,online,GB,AU,True,,
T-001183,2025-01-30 10:58:00.000000,C-N0145,C-N0160,11106.66,USD,transfer,online,FR,FR,False,,
T-001184,2025-02-16 09:00:00.000000,C-STR08,C-SMF06,4887.84,USD,deposit,atm,DE,SG,True,,
T-001185,2025-02-11 14:22:00.000000,C-N0082,C-N0126,1101.97,USD,deposit,branch,SG,JP,True,,
T-001186,2025-01-31 12:11:00.000000,C-N0003,C-SMF20,10020.49,USD,withdrawal,atm,FR,FR,False,,
T-001187,2025-02-21 21:20:00.000000,C-N0101,C-N0003,2220.5,USD,transfer,mobile,GB,GB,False,,
T-001188,2025-01-21 11:34:00.000000,C-N0077,C-STR04,11889.13,USD,withdrawal,atm,SG,AU,True,,
T-001189,2025-03-22 06:55:00.000000,C-N0046,C-N0158,14503.18,USD,withdrawal,branch,US,US,False,,
T-001190,2025-03-03 02:53:00.000000,C-LAY08,C-N0022,10524.44,USD,deposit,atm,US,FR,True,,
T-001191,2025-02-19 15:51:00.000000,C-LAY16,C-N0088,14006.77,USD,withdrawal,atm,DE,FR,True,,
T-001192,2025-02-13 01:10:00.000000,C-N0061,C-SMF20,12908.51,USD,deposit,atm,JP,DE,True,,
T-001193,2025-01-26 06:47:00.000000,C-STR06,C-N0094,9574.09,USD,cash,atm,US,US,False,True,structuring
T-001194,2025-02-27 13:38:00.000000,C-N0163,C-N0114,5234.81,USD,deposit,atm,GB,CA,True,,
T-001195,2025-03-14 04:49:00.000000,C-N0171,C-HUB01,12885.97,USD,withdrawal,atm,JP,US,True,,
T-001196,2025-01-04 20:36:00.000000,C-N0004,C-N0021,2010.36,USD,transfer,online,GB,CA,True,,
T-001197,2025-02-06 06:21:00.000000,C-STR02,C-N0065,4089.11,USD,deposit,atm,GB,US,True,,
T-001198,2025-02-02 10:59:00.000000,C-N0191,C-HUB03,6230.47,USD,withdrawal,branch,DE,JP,True,,
T-001199,2025-01-20 23:49:00.000000,C-N0100,C-RCO08,14638.8,USD,transfer,online,SG,GB,True,,
T-001200,2025-02-16 19:04:00.000000,C-N0007,C-N0083,13288.27,USD,deposit,branch,GB,US,True,,
T-001201,2025-03-16 16:34:00.000000,C-N0073,C-LAY01,6232.71,USD,transfer,online,DE,JP,True,,
T-001202,2025-01-25 02:42:00.000000,C-N0015,C-N0149,6197.87,USD,withdrawal,atm,FR,AU,True,,
T-001203,2025-03-03 23:37:52.069716,C-HUB02,C-SMF14,9443.38,USD,transfer,online,US,US,False,True,smurfing
T-001204,2025-01-11 23:37:00.000000,C-N0060,C-N0043,5790.2,USD,withdrawal,branch,GB,DE,True,,
T-001205,2025-02-06 08:41:00.000000,C-N0085,C-LAY05,7227.19,USD,deposit,online,DE,AU,True,,
T-001206,2025-03-09 02:11:00.000000,C-N0041,C-LAY20,5141.86,USD,transfer,mobile,CA,GB,True,,
T-001207,2025-02-21 20:14:00.000000,C-LAY05,C-N0093,721.69,USD,transfer,mobile,JP,GB,True,,
T-001208,2025-01-15 05:43:00.000000,C-N0149,C-N0193,5266.62,USD,transfer,mobile,SG,GB,True,,
T-001209,2025-03-09 00:56:00.000000,C-N0119,C-N0128,14393.03,USD,deposit,online,CA,FR,True,,
T-001210,2025-01-09 00:17:00.000000,C-N0088,C-N0055,3566.4,USD,deposit,branch,GB,GB,False,,
T-001211,2025-01-12 21:30:00.000000,C-N0007,C-N0023,8158.43,USD,deposit,atm,US,GB,True,,
T-001212,2025-02-19 17:56:00.000000,C-N0192,C-N0091,9529.9,USD,withdrawal,branch,FR,JP,True,,
T-001213,2025-03-20 10:07:00.000000,C-N0124,C-N0173,631.82,USD,withdrawal,atm,FR,JP,True,,
T-001214,2025-03-22 20:48:00.000000,C-N0153,C-N0018,13795.13,USD,transfer,mobile,CA,GB,True,,
T-001215,2025-02-21 16:12:00.000000,C-N0035,C-N0139,3870.05,USD,transfer,mobile,DE,US,True,,
T-001216,2025-03-17 14:19:00.000000,C-N0197,C-N0185,9743.42,USD,withdrawal,atm,US,GB,True,,
T-001217,2025-02-23 19:12:00.000000,C-N0018,C-SMF16,8119.41,USD,deposit,branch,SG,CA,True,,
T-001218,2025-02-10 01:12:00.000000,C-N0060,C-N0124,9817.28,USD,transfer,mobile,GB,AU,True,,
T-001219,2025-01-14 09:54:00.000000,C-N0131,C-SMF19,4708.4,USD,withdrawal,branch,CA,JP,True,,
T-001220,2025-03-17 18:00:00.000000,C-N0055,C-N0153,7354.66,USD,withdrawal,branch,US,AU,True,,
T-001221,2025-03-31 07:28:00.000000,C-N0078,C-N0071,11695.17,USD,transfer,online,AU,DE,True,,
T-001222,2025-01-26 12:14:00.000000,C-N0148,C-N0073,5250.25,USD,withdrawal,atm,GB,SG,True,,
T-001223,2025-02-02 01:19:00.000000,C-SMF03,C-N0024,2314.43,USD,deposit,online,CA,US,True,,
T-001224,2025-02-19 11:40:00.000000,C-SMF04,C-N0039,14173.87,USD,transfer,mobile,SG,GB,True,,
T-001225,2025-02-25 13:42:00.000000,C-LAY13,C-N0019,14676.15,USD,withdrawal,branch,GB,JP,True,,
T-001226,2025-01-06 14:11:00.000000,C-N0185,C-N0121,10369.84,USD,deposit,atm,JP,FR,True,,
T-001227,2025-03-14 10:36:00.000000,C-STR07,C-N0199,1483.16,USD,transfer,online,AU,DE,True,,
T-001228,2025-02-11 23:14:00.000000,C-LAY19,C-N0076,4359.49,USD,withdrawal,branch,FR,SG,True,,
T-001229,2025-03-04 21:06:00.000000,C-N0195,C-N0139,12935.33,USD,withdrawal,branch,DE,AU,True,,
T-001230,2025-01-07 06:51:00.000000,C-N0001,C-N0050,2687.2,USD,transfer,mobile,JP,DE,True,,
T-001231,2025-03-21 00:51:00.000000,C-N0135,C-N0074,12736.81,USD,withdrawal,atm,CA,DE,True,,
T-001232,2025-02-27 12:07:00.000000,C-N0197,C-N0159,167.6,USD,transfer,online,SG,JP,True,,
T-001233,2025-01-23 18:37:00.000000,C-N0018,C-LAY25,2739.57,USD,transfer,mobile,US,GB,True,,
T-001234,2025-01-27 13:20:00.000000,C-N0156,C-RCO08,51834.52,USD,wire,wire,JP,US,True,True,rapid_cashout
T-001235,2025-02-09 13:53:00.000000,C-N0162,C-N0078,7634.69,USD,transfer,mobile,US,AU,True,,
T-001236,2025-01-09 06:59:00.000000,C-N0179,C-N0115,2059.36,USD,deposit,branch,JP,SG,True,,
T-001237,2025-01-10 19:41:00.000000,C-LAY03,C-LAY02,6052.73,USD,withdrawal,atm,JP,CA,True,,
T-001238,2025-02-01 10:42:00.000000,C-STR07,C-N0048,3315.76,USD,withdrawal,branch,AU,FR,True,,
T-001239,2025-01-02 01:16:00.000000,C-N0019,C-N0132,5145.17,USD,transfer,mobile,CA,GB,True,,
T-001240,2025-01-15 06:36:00.000000,C-N0160,C-N0166,3020.92,USD,deposit,online,SG,FR,True,,
T-001241,2025-03-26 07:45:00.000000,C-N0057,C-LAY05,3950.17,USD,transfer,online,AU,JP,True,,
T-001242,2025-02-11 12:33:00.000000,C-N0121,C-N0165,5666.51,USD,transfer,online,JP,GB,True,,
T-001243,2025-02-17 20:58:00.000000,C-LAY01,C-SMF05,2867.78,USD,withdrawal,branch,DE,FR,True,,
T-001244,2025-01-27 13:00:00.000000,C-N0038,C-N0018,13324.57,USD,transfer,online,AU,DE,True,,
T-001245,2025-02-13 21:44:00.000000,C-N0055,C-N0065,10354.29,USD,transfer,mobile,CA,US,True,,
T-001246,2025-03-20 03:39:00.000000,C-STR05,C-N0138,9923.28,USD,transfer,branch,US,US,False,True,structuring
T-001247,2025-02-03 09:56:00.000000,C-N0112,C-RCO05,4309.66,USD,transfer,mobile,AU,AU,False,,
T-001248,2025-03-06 19:25:00.000000,C-N0054,C-N0117,7482.14,USD,withdrawal,branch,SG,SG,False,,
T-001249,2025-01-17 11:13:00.000000,C-STR08,C-N0002,8831.74,USD,transfer,branch,US,US,False,True,structuring
T-001250,2025-03-07 13:27:00.000000,C-N0063,C-STR03,10832.71,USD,withdrawal,atm,SG,SG,False,,
T-001251,2025-01-25 14:08:00.000000,C-N0025,C-N0170,14607.17,USD,transfer,mobile,JP,AU,True,,
T-001252,2025-02-14 17:48:00.000000,C-RCO05,C-N0148,10581.89,USD,deposit,atm,GB,GB,False,,
T-001253,2025-02-06 11:24:00.000000,C-N0017,C-N0048,1286.16,USD,transfer,online,US,DE,True,,
T-001254,2025-03-22 18:03:00.000000,C-N0146,C-N0002,497.6,USD,transfer,online,JP,AU,True,,
T-001255,2025-02-15 01:30:48.403163,C-HUB01,C-SMF07,7590.79,USD,transfer,online,US,US,False,True,smurfing
T-001256,2025-01-26 07:15:00.000000,C-N0096,C-N0128,10611.59,USD,deposit,atm,CA,SG,True,,
T-001257,2025-01-11 06:35:00.000000,C-N0064,C-N0047,5711.25,USD,transfer,online,JP,DE,True,,
T-001258,2025-02-11 22:34:00.000000,C-RCO01,C-LAY18,733.45,USD,transfer,mobile,AU,JP,True,,
T-001259,2025-01-22 13:23:00.000000,C-N0172,C-N0015,11360.0,USD,withdrawal,atm,CA,US,True,,
T-001260,2025-01-22 06:36:00.000000,C-N0064,C-N0159,7505.96,USD,transfer,online,DE,AU,True,,
T-001261,2025-02-11 13:50:00.000000,C-N0129,C-N0043,14194.82,USD,deposit,atm,DE,AU,True,,
T-001262,2025-01-02 03:43:00.000000,C-N0098,C-N0003,5791.36,USD,transfer,mobile,JP,AU,True,,
T-001263,2025-03-08 20:10:00.000000,C-LAY18,C-LAY19,228251.81,USD,wire,wire,SG,FR,True,True,layering
T-001264,2025-01-27 23:27:00.000000,C-N0142,C-SMF03,6895.03,USD,deposit,atm,SG,CA,True,,
T-001265,2025-01-14 20:09:00.000000,C-N0055,C-N0166,4974.93,USD,deposit,atm,FR,US,True,,
T-001266,2025-02-02 10:16:00.000000,C-N0012,C-N0085,9263.38,USD,transfer,online,FR,GB,True,,
T-001267,2025-01-29 17:17:00.000000,C-RCO02,C-N0055,1497.33,USD,transfer,mobile,CA,DE,True,,
T-001268,2025-02-12 15:06:00.000000,C-LAY04,C-LAY05,55613.23,USD,wire,wire,AU,US,True,True,layering
T-001269,2025-01-06 10:10:00.000000,C-N0039,C-LAY17,7340.3,USD,deposit,online,JP,CA,True,,
T-001270,2025-02-02 11:40:00.000000,C-N0172,C-N0134,13017.16,USD,transfer,mobile,GB,AU,True,,
T-001271,2025-03-18 22:45:00.000000,C-N0130,C-N0134,6227.76,USD,transfer,mobile,JP,CA,True,,
T-001272,2025-03-17 18:58:00.000000,C-N0048,C-N0093,11480.91,USD,transfer,mobile,JP,GB,True,,
T-001273,2025-02-20 21:06:00.000000,C-N0066,C-N0190,3729.34,USD,transfer,mobile,AU,JP,True,,
T-001274,2025-03-23 17:30:00.000000,C-SMF15,C-N0022,14727.22,USD,transfer,mobile,FR,US,True,,
T-001275,2025-01-08 19:34:00.000000,C-N0001,C-N0081,7790.25,USD,transfer,mobile,JP,CA,True,,
T-001276,2025-03-27 23:41:00.000000,C-N0154,C-N0049,13644.07,USD,transfer,mobile,AU,CA,True,,
T-001277,2025-02-24 14:11:00.000000,C-N0081,C-N0111,5098.54,USD,withdrawal,atm,FR,AU,True,,
T-001278,2025-03-31 21:03:00.000000,C-N0151,C-N0193,797.54,USD,transfer,mobile,SG,JP,True,,
T-001279,2025-02-15 05:01:00.000000,C-LAY08,C-N0069,7134.01,USD,transfer,online,JP,SG,True,,
T-001280,2025-02-07 02:50:00.000000,C-SMF09,C-LAY02,10797.12,USD,deposit,online,FR,FR,False,,
T-001281,2025-02-22 14:09:49.487796,C-RCO03,C-N0106,13820.68,USD,cash,branch,US,US,False,True,rapid_cashout
T-001282,2025-02-22 14:29:00.000000,C-RCO05,C-STR04,7251.99,USD,deposit,online,FR,GB,True,,
T-001283,2025-02-07 21:33:00.000000,C-N0137,C-N0061,2014.69,USD,transfer,mobile,JP,JP,False,,
T-001284,2025-03-25 12:03:00.000000,C-LAY21,C-N0149,2452.71,USD,deposit,branch,FR,DE,True,,
T-001285,2025-02-03 19:36:00.000000,C-N0104,C-N0078,4797.2,USD,deposit,branch,DE,FR,True,,
T-001286,2025-03-05 07:35:19.470210,C-HUB02,C-SMF15,8683.08,USD,transfer,online,US,US,False,True,smurfing
T-001287,2025-03-10 18:35:00.000000,C-N0109,C-N0071,2676.64,USD,transfer,online,SG,JP,True,,
T-001288,2025-01-25 13:19:00.000000,C-N0173,C-N0021,13087.0,USD,transfer,mobile,US,DE,True,,
T-001289,2025-01-03 19:46:00.000000,C-N0034,C-N0026,11766.69,USD,transfer,mobile,SG,JP,True,,
T-001290,2025-02-02 02:52:00.000000,C-N0092,C-N0151,5390.81,USD,deposit,atm,US,GB,True,,
T-001291,2025-02-28 19:42:00.000000,C-N0025,C-N0056,1897.75,USD,deposit,branch,SG,JP,True,,
T-001292,2025-02-14 12:06:00.000000,C-N0141,C-N0014,235.65,USD,withdrawal,atm,CA,DE,True,,
T-001293,2025-03-25 08:07:00.000000,C-SMF06,C-N0087,14705.14,USD,deposit,atm,US,GB,True,,
T-001294,2025-03-20 19:39:00.000000,C-STR07,C-N0086,9032.6,USD,cash,branch,US,US,False,True,structuring
T-001295,2025-01-11 08:45:00.000000,C-N0072,C-N0028,1986.06,USD,deposit,branch,JP,GB,True,,
T-001296,2025-02-22 22:35:00.000000,C-RCO08,C-STR07,10989.17,USD,transfer,mobile,SG,SG,False,,
T-001297,2025-03-07 08:12:00.000000,C-SMF17,C-N0072,8354.19,USD,transfer,online,AU,US,True,,
T-001298,2025-02-09 21:41:00.000000,C-N0062,C-N0029,5023.34,USD,deposit,atm,CA,US,True,,
T-001299,2025-03-31 20:08:00.000000,C-N0043,C-N0091,11784.76,USD,deposit,online,SG,AU,True,,
T-001300,2025-03-07 11:06:00.000000,C-N0041,C-N0114,10616.81,USD,transfer,mobile,SG,GB,True,,
T-001301,2025-01-15 19:10:00.000000,C-N0060,C-N0052,11925.34,USD,withdrawal,atm,SG,AU,True,,
T-001302,2025-01-23 16:25:00.000000,C-N0040,C-N0143,13656.47,USD,transfer,online,GB,DE,True,,
T-001303,2025-01-31 17:19:00.000000,C-N0114,C-N0002,7411.71,USD,transfer,online,US,DE,True,,
T-001304,2025-01-25 15:55:00.000000,C-STR09,C-N0018,13157.58,USD,deposit,atm,AU,JP,True,,
T-001305,2025-01-18 10:30:00.000000,C-SMF07,C-SMF17,14516.71,USD,withdrawal,branch,CA,FR,True,,
T-001306,2025-02-13 02:15:00.000000,C-N0019,C-LAY04,11449.99,USD,deposit,branch,DE,GB,True,,
T-001307,2025-02-06 12:40:00.000000,C-N0132,C-N0121,6989.19,USD,deposit,branch,CA,FR,True,,
T-001308,2025-03-15 23:05:00.000000,C-N0029,C-N0118,3228.77,USD,transfer,online,CA,AU,True,,
T-001309,2025-02-04 07:56:00.000000,C-N0072,C-N0163,2308.03,USD,withdrawal,branch,JP,DE,True,,
T-001310,2025-01-19 12:03:00.000000,C-SMF05,C-N0054,10767.18,USD,transfer,online,US,SG,True,,
T-001311,2025-03-04 19:28:35.082615,C-HUB02,C-SMF10,7717.06,USD,transfer,online,US,US,False,True,smurfing
T-001312,2025-02-26 14:15:00.000000,C-N0116,C-N0177,9386.29,USD,withdrawal,branch,FR,AU,True,,
T-001313,2025-03-06 02:21:00.000000,C-N0127,C-N0114,6969.58,USD,transfer,online,AU,SG,True,,
T-001314,2025-02-02 01:21:00.000000,C-STR06,C-N0094,9943.43,USD,cash,branch,US,US,False,True,structuring
T-001315,2025-02-20 11:30:00.000000,C-N0043,C-N0049,9266.5,USD,withdrawal,atm,DE,JP,True,,
T-001316,2025-02-03 03:38:00.000000,C-N0102,C-N0141,5618.38,USD,transfer,online,US,CA,True,,
T-001317,2025-02-16 14:37:00.000000,C-N0022,C-N0106,14709.82,USD,transfer,mobile,US,US,False,,
T-001318,2025-03-18 19:21:00.000000,C-N0137,C-N0078,14621.16,USD,deposit,online,SG,GB,True,,
T-001319,2025-01-11 00:57:00.000000,C-N0137,C-N0175,7639.84,USD,transfer,online,FR,DE,True,,
T-001320,2025-01-18 10:49:00.000000,C-N0059,C-LAY25,3876.72,USD,transfer,online,GB,DE,True,,
T-001321,2025-02-05 07:06:38.015878,C-RCO05,C-N0146,18046.57,USD,cash,atm,US,US,False,True,rapid_cashout
T-001322,2025-02-14 01:29:00.000000,C-N0087,C-N0082,14481.65,USD,deposit,branch,JP,JP,False,,
T-001323,2025-02-02 00:31:00.000000,C-N0131,C-N0175,9414.36,USD,transfer,mobile,GB,SG,True,,
T-001324,2025-02-27 00:57:00.000000,C-N0165,C-N0009,6032.47,USD,deposit,online,CA,SG,True,,
T-001325,2025-03-21 00:38:00.000000,C-STR07,C-N0086,8944.18,USD,transfer,atm,US,US,False,True,structuring
T-001326,2025-01-13 00:44:00.000000,C-N0146,C-N0021,14228.22,USD,transfer,online,DE,CA,True,,
T-001327,2025-02-18 12:11:00.000000,C-STR03,C-N0186,9027.54,USD,cash,atm,US,US,False,True,structuring
T-001328,2025-01-07 23:54:00.000000,C-RCO05,C-N0096,1762.29,USD,transfer,online,US,SG,True,,
T-001329,2025-01-18 06:22:00.000000,C-N0152,C-N0066,4592.93,USD,transfer,mobile,JP,US,True,,
T-001330,2025-02-03 06:11:00.000000,C-N0054,C-N0020,12519.26,USD,withdrawal,atm,GB,JP,True,,
T-001331,2025-01-03 15:59:00.000000,C-STR04,C-N0168,6506.13,USD,transfer,online,AU,JP,True,,
T-001332,2025-03-19 09:05:00.000000,C-STR05,C-N0138,9022.25,USD,transfer,branch,US,US,False,True,structuring
T-001333,2025-03-30 00:17:00.000000,C-N0073,C-N0019,12553.06,USD,transfer,online,US,SG,True,,
T-001334,2025-01-16 15:16:00.000000,C-RCO07,C-N0015,13774.56,USD,withdrawal,atm,SG,US,True,,
T-001335,2025-03-20 04:21:00.000000,C-STR07,C-LAY01,14247.03,USD,transfer,online,JP,JP,False,,
T-001336,2025-02-21 13:02:00.000000,C-LAY22,C-N0104,10767.92,USD,withdrawal,branch,GB,CA,True,,
T-001337,2025-01-27 18:16:00.000000,C-N0050,C-N0119,4812.75,USD,transfer,mobile,AU,JP,True,,
T-001338,2025-03-21 12:03:00.000000,C-SMF01,C-N0134,4429.8,USD,deposit,online,SG,US,True,,
T-001339,2025-02-21 17:13:00.000000,C-N0169,C-STR01,99.45,USD,transfer,mobile,GB,CA,True,,
T-001340,2025-03-09 19:10:00.000000,C-N0165,C-STR06,4782.19,USD,withdrawal,atm,AU,CA,True,,
T-001341,2025-01-30 11:18:00.000000,C-N0179,C-N0036,6393.04,USD,transfer,online,FR,DE,True,,
T-001342,2025-02-19 04:51:00.000000,C-STR03,C-N0186,8981.42,USD,cash,atm,US,US,False,True,structuring
T-001343,2025-03-27 16:25:00.000000,C-LAY09,C-LAY04,14804.59,USD,deposit,online,CA,FR,True,,
T-001344,2025-02-16 15:16:12.662832,C-HUB03,C-SMF19,8086.49,USD,transfer,online,US,US,False,True,smurfing
T-001345,2025-01-05 07:38:00.000000,C-N0196,C-N0187,1234.87,USD,withdrawal,atm,US,FR,True,,
T-001346,2025-02-28 23:35:00.000000,C-N0076,C-N0181,14861.98,USD,withdrawal,branch,SG,DE,True,,
T-001347,2025-03-18 16:46:00.000000,C-N0047,C-STR08,13822.81,USD,withdrawal,branch,JP,DE,True,,
T-001348,2025-01-19 08:07:00.000000,C-N0082,C-N0166,9290.59,USD,deposit,branch,DE,US,True,,
T-001349,2025-01-11 23:14:00.000000,C-N0141,C-N0148,4350.07,USD,transfer,online,FR,US,True,,
T-001350,2025-01-29 12:01:00.000000,C-N0079,C-N0200,11432.13,USD,deposit,branch,SG,AU,True,,
T-001351,2025-01-20 22:03:00.000000,C-N0163,C-N0050,10936.05,USD,deposit,online,GB,FR,True,,
T-001352,2025-01-18 10:16:00.000000,C-N0189,C-N0181,3445.53,USD,transfer,online,GB,US,True,,
T-001353,2025-03-10 20:22:00.000000,C-LAY16,C-N0052,9676.5,USD,withdrawal,branch,AU,AU,False,,
T-001354,2025-02-14 17:49:00.000000,C-N0055,C-N0059,4897.31,USD,withdrawal,atm,AU,JP,True,,
T-001355,2025-01-02 13:06:00.000000,C-N0086,C-N0121,12268.48,USD,withdrawal,atm,GB,FR,True,,
T-001356,2025-01-16 00:31:00.000000,C-N0041,C-N0108,11575.46,USD,deposit,branch,US,US,False,,
T-001357,2025-03-02 02:49:00.000000,C-N0119,C-N0150,1493.17,USD,transfer,mobile,SG,FR,True,,
T-001358,2025-02-07 06:19:00.000000,C-N0107,C-HUB03,3853.54,USD,transfer,online,CA,FR,True,,
T-001359,2025-02-21 14:25:00.000000,C-SMF13,C-SMF23,410.96,USD,deposit,atm,CA,DE,True,,
T-001360,2025-01-11 02:59:00.000000,C-N0046,C-SMF04,4297.56,USD,transfer,online,DE,SG,True,,
T-001361,2025-01-18 06:30:00.000000,C-N0003,C-N0121,4182.58,USD,deposit,online,SG,CA,True,,
T-001362,2025-01-18 22:18:00.000000,C-SMF21,C-N0155,8643.44,USD,transfer,online,JP,AU,True,,
T-001363,2025-02-10 16:08:00.000000,C-N0159,C-SMF24,6967.54,USD,deposit,atm,GB,JP,True,,
T-001364,2025-02-26 14:54:00.000000,C-N0033,C-N0129,8511.92,USD,transfer,mobile,AU,CA,True,,
T-001365,2025-01-18 07:53:00.000000,C-N0011,C-N0141,3004.79,USD,withdrawal,atm,CA,CA,False,,
T-001366,2025-02-18 00:09:00.000000,C-LAY21,C-N0129,8852.71,USD,transfer,online,GB,SG,True,,
T-001367,2025-03-04 09:52:00.000000,C-N0169,C-N0157,122.24,USD,withdrawal,branch,JP,DE,True,,
T-001368,2025-02-03 01:28:00.000000,C-LAY18,C-LAY18,8204.84,USD,transfer,online,JP,DE,True,,
T-001369,2025-03-17 23:43:00.000000,C-N0028,C-N0115,1506.68,USD,transfer,mobile,SG,GB,True,,
T-001370,2025-02-14 15:37:00.000000,C-SMF09,C-STR03,13629.15,USD,transfer,online,AU,CA,True,,
T-001371,2025-01-26 16:17:00.000000,C-N0165,C-N0109,14227.51,USD,transfer,mobile,DE,FR,True,,
T-001372,2025-02-16 01:38:34.167384,C-HUB01,C-SMF03,9482.65,USD,transfer,online,US,US,False,True,smurfing
T-001373,2025-03-31 18:10:00.000000,C-N0137,C-N0054,8875.63,USD,transfer,mobile,US,GB,True,,
T-001374,2025-03-11 11:52:00.000000,C-N0195,C-N0044,5731.0,USD,transfer,online,FR,DE,True,,
T-001375,2025-01-10 16:46:00.000000,C-N0098,C-N0174,14459.63,USD,transfer,mobile,SG,DE,True,,
T-001376,2025-01-27 20:03:00.000000,C-SMF04,C-N0006,1226.71,USD,withdrawal,branch,US,JP,True,,
T-001377,2025-01-22 18:33:00.000000,C-N0080,C-N0068,2668.42,USD,transfer,mobile,CA,SG,True,,
T-001378,2025-01-10 08:29:00.000000,C-RCO07,C-N0043,11077.02,USD,withdrawal,branch,CA,CA,False,,
T-001379,2025-02-05 16:05:00.000000,C-N0085,C-N0027,66.24,USD,transfer,mobile,GB,GB,False,,
T-001380,2025-01-28 14:06:50.764317,C-RCO01,C-N0181,17139.65,USD,cash,branch,US,US,False,True,rapid_cashout
T-001381,2025-02-07 08:40:00.000000,C-N0184,C-N0163,14176.21,USD,withdrawal,branch,FR,GB,True,,
T-001382,2025-02-13 11:07:00.000000,C-N0106,C-RCO05,4538.95,USD,transfer,mobile,AU,GB,True,,
T-001383,2025-02-19 20:27:00.000000,C-SMF15,C-N0116,2730.49,USD,transfer,online,SG,AU,True,,
T-001384,2025-01-09 09:58:00.000000,C-N0122,C-N0061,8139.07,USD,transfer,online,SG,FR,True,,
T-001385,2025-03-21 15:29:00.000000,C-RCO01,C-LAY22,10977.8,USD,transfer,online,SG,US,True,,
T-001386,2025-03-04 08:34:42.825602,C-HUB02,C-SMF12,8190.36,USD,transfer,online,US,US,False,True,smurfing
T-001387,2025-02-27 23:02:00.000000,C-STR10,C-N0192,4539.79,USD,withdrawal,atm,GB,SG,True,,
T-001388,2025-02-20 09:27:00.000000,C-LAY22,C-N0055,14346.07,USD,transfer,online,SG,FR,True,,
T-001389,2025-01-28 22:54:44.646676,C-RCO01,C-N0017,17139.65,USD,cash,atm,US,US,False,True,rapid_cashout
T-001390,2025-01-05 00:21:00.000000,C-N0083,C-N0189,7686.4,USD,withdrawal,atm,CA,AU,True,,
T-001391,2025-02-15 19:06:11.006891,C-HUB01,C-SMF05,8996.85,USD,transfer,online,US,US,False,True,smurfing
T-001392,2025-01-16 01:50:00.000000,C-STR07,C-N0109,5839.77,USD,transfer,online,SG,SG,False,,
T-001393,2025-01-25 17:17:00.000000,C-HUB03,C-N0155,5930.25,USD,transfer,mobile,SG,US,True,,
T-001394,2025-03-31 02:15:00.000000,C-N0013,C-N0086,6064.65,USD,withdrawal,branch,AU,DE,True,,
T-001395,2025-01-18 22:43:00.000000,C-HUB02,C-N0027,14150.83,USD,transfer,mobile,JP,DE,True,,
T-001396,2025-01-24 00:55:00.000000,C-N0144,C-N0091,12261.86,USD,deposit,online,FR,CA,True,,
T-001397,2025-02-18 12:14:00.000000,C-N0038,C-N0124,8256.17,USD,deposit,atm,FR,AU,True,,
T-001398,2025-03-06 08:47:00.000000,C-N0174,C-SMF23,5679.01,USD,withdrawal,branch,GB,SG,True,,
T-001399,2025-01-03 15:51:00.000000,C-SMF19,C-LAY03,11283.26,USD,withdrawal,branch,JP,US,True,,
T-001400,2025-01-22 16:19:00.000000,C-LAY15,C-N0165,1228.52,USD,transfer,mobile,JP,CA,True,,
T-001401,2025-03-27 23:00:00.000000,C-N0036,C-N0200,2423.78,USD,withdrawal,atm,JP,SG,True,,
T-001402,2025-03-03 06:59:00.000000,C-N0054,C-N0178,93.15,USD,transfer,mobile,JP,DE,True,,
T-001403,2025-01-21 22:32:00.000000,C-N0048,C-N0112,8859.52,USD,deposit,online,CA,SG,True,,
T-001404,2025-02-27 15:24:00.000000,C-N0055,C-N0116,2208.12,USD,transfer,online,GB,SG,True,,
T-001405,2025-03-13 19:56:00.000000,C-STR05,C-N0138,9636.59,USD,cash,atm,US,US,False,True,structuring
T-001406,2025-03-24 21:09:00.000000,C-HUB01,C-N0175,11936.85,USD,withdrawal,atm,CA,CA,False,,
T-001407,2025-03-02 14:48:00.000000,C-N0095,C-SMF13,7738.05,USD,deposit,branch,JP,CA,True,,
T-001408,2025-02-17 07:51:00.000000,C-STR05,C-N0127,9712.17,USD,transfer,online,GB,FR,True,,
T-001409,2025-02-17 01:13:00.000000,C-LAY04,C-N0022,4448.31,USD,deposit,atm,JP,CA,True,,
T-001410,2025-02-08 06:19:00.000000,C-N0160,C-N0166,4000.84,USD,deposit,atm,CA,GB,True,,
T-001411,2025-03-14 19:55:00.000000,C-N0012,C-SMF12,3825.99,USD,transfer,mobile,SG,CA,True,,
T-001412,2025-03-11 02:45:00.000000,C-N0088,C-N0145,8364.44,USD,withdrawal,atm,GB,AU,True,,
T-001413,2025-03-04 20:43:00.000000,C-N0052,C-N0083,11441.53,USD,deposit,atm,SG,US,True,,
T-001414,2025-03-26 17:40:00.000000,C-N0014,C-N0133,1890.54,USD,withdrawal,atm,US,JP,True,,
T-001415,2025-02-12 13:26:00.000000,C-N0063,C-RCO07,5446.75,USD,deposit,online,US,FR,True,,
T-001416,2025-02-14 19:36:00.000000,C-N0172,C-HUB01,178709.65,USD,wire,wire,US,US,False,True,smurfing
T-001417,2025-02-16 18:18:00.000000,C-N0005,C-N0047,5207.86,USD,transfer,online,CA,SG,True,,
T-001418,2025-01-22 10:05:00.000000,C-N0037,C-RCO02,12122.08,USD,transfer,mobile,CA,SG,True,,
T-001419,2025-03-13 23:05:00.000000,C-N0149,C-N0076,10186.22,USD,transfer,mobile,US,DE,True,,
T-001420,2025-03-18 20:43:00.000000,C-N0196,C-SMF06,6981.59,USD,transfer,online,FR,JP,True,,
T-001421,2025-03-12 05:56:00.000000,C-N0115,C-N0151,2367.26,USD,transfer,mobile,US,SG,True,,
T-001422,2025-03-26 14:25:00.000000,C-N0111,C-N0128,2396.34,USD,deposit,branch,SG,US,True,,
T-001423,2025-03-14 09:24:00.000000,C-N0108,C-N0112,5679.51,USD,withdrawal,atm,GB,DE,True,,
T-001424,2025-01-29 14:12:00.000000,C-LAY06,C-N0006,10536.9,USD,withdrawal,branch,US,FR,True,,
T-001425,2025-01-20 23:02:00.000000,C-N0157,C-N0119,1695.32,USD,transfer,mobile,US,FR,True,,
T-001426,2025-01-03 08:42:00.000000,C-SMF10,C-LAY03,9568.19,USD,deposit,branch,JP,AU,True,,
T-001427,2025-02-16 14:54:36.915509,C-HUB01,C-SMF04,7605.61,USD,transfer,online,US,US,False,True,smurfing
T-001428,2025-01-15 14:06:00.000000,C-N0057,C-N0128,6938.55,USD,deposit,branch,US,FR,True,,
T-001429,2025-01-08 20:33:00.000000,C-N0053,C-N0068,5341.02,USD,transfer,online,US,GB,True,,
T-001430,2025-03-08 02:52:00.000000,C-STR10,C-N0103,8918.31,USD,transfer,branch,US,US,False,True,structuring
T-001431,2025-03-20 14:13:00.000000,C-N0024,C-N0008,2749.87,USD,withdrawal,atm,DE,SG,True,,
T-001432,2025-03-23 03:39:00.000000,C-N0043,C-N0110,5309.34,USD,deposit,branch,US,DE,True,,
T-001433,2025-01-28 03:10:00.000000,C-SMF14,C-N0029,12756.44,USD,transfer,online,US,FR,True,,
T-001434,2025-03-29 16:16:00.000000,C-N0016,C-N0056,6821.8,USD,deposit,atm,US,JP,True,,
T-001435,2025-01-02 20:18:00.000000,C-N0192,C-N0116,4954.97,USD,transfer,mobile,DE,AU,True,,
T-001436,2025-01-24 11:17:00.000000,C-N0128,C-N0004,3960.22,USD,withdrawal,branch,FR,US,True,,
T-001437,2025-03-22 05:25:00.000000,C-N0003,C-N0055,2424.16,USD,deposit,atm,GB,FR,True,,
T-001438,2025-03-17 12:18:00.000000,C-N0198,C-N0077,1169.24,USD,deposit,branch,SG,DE,True,,
T-001439,2025-01-10 06:53:00.000000,C-N0009,C-N0040,6214.78,USD,withdrawal,branch,CA,SG,True,,
T-001440,2025-01-24 13:40:00.000000,C-N0185,C-N0134,9061.37,USD,deposit,online,GB,SG,True,,
T-001441,2025-01-31 18:08:00.000000,C-STR09,C-N0001,5020.14,USD,withdrawal,branch,GB,JP,True,,
T-001442,2025-03-14 18:16:00.000000,C-N0086,C-N0109,14959.17,USD,withdrawal,branch,JP,CA,True,,
T-001443,2025-02-22 16:56:00.000000,C-N0027,C-RCO03,13997.57,USD,transfer,online,GB,DE,True,,
T-001444,2025-03-29 14:16:00.000000,C-N0027,C-N0112,11926.14,USD,withdrawal,branch,US,DE,True,,
T-001445,2025-02-21 12:36:00.000000,C-STR10,C-N0114,9094.17,USD,withdrawal,atm,AU,DE,True,,
T-001446,2025-02-12 11:53:00.000000,C-N0123,C-N0090,3144.76,USD,withdrawal,atm,GB,US,True,,
T-001447,2025-01-26 23:47:00.000000,C-SMF10,C-N0007,14344.95,USD,transfer,online,GB,AU,True,,
T-001448,2025-01-15 23:20:00.000000,C-N0052,C-SMF15,5409.03,USD,transfer,mobile,US,FR,True,,
T-001449,2025-01-22 20:39:00.000000,C-STR04,C-N0106,2914.84,USD,transfer,mobile,DE,US,True,,
T-001450,2025-02-04 10:00:00.000000,C-LAY23,C-N0126,3399.71,USD,transfer,mobile,GB,SG,True,,
T-001451,2025-03-03 13:33:00.000000,C-N0174,C-N0160,10885.11,USD,transfer,online,FR,AU,True,,
T-001452,2025-01-12 22:10:00.000000,C-LAY21,C-LAY22,460311.4,USD,wire,wire,SG,CA,True,True,layering
T-001453,2025-01-02 09:58:00.000000,C-LAY11,C-LAY13,7558.13,USD,transfer,mobile,FR,US,True,,
T-001454,2025-01-27 17:53:00.000000,C-LAY12,C-LAY13,31760.47,USD,wire,wire,GB,JP,True,True,layering
T-001455,2025-03-22 06:56:00.000000,C-N0040,C-N0039,8174.87,USD,deposit,online,US,FR,True,,
T-001456,2025-03-22 21:36:00.000000,C-LAY14,C-N0047,8480.47,USD,transfer,online,JP,SG,True,,
T-001457,2025-02-28 12:37:00.000000,C-SMF07,C-N0163,6060.87,USD,withdrawal,branch,US,JP,True,,
T-001458,2025-03-07 14:32:00.000000,C-LAY20,C-N0076,10346.31,USD,deposit,branch,FR,CA,True,,
T-001459,2025-03-07 19:53:00.000000,C-LAY09,C-N0033,605.56,USD,withdrawal,atm,JP,US,True,,
T-001460,2025-01-07 16:33:00.000000,C-N0112,C-SMF17,764.4,USD,transfer,online,DE,AU,True,,
T-001461,2025-02-20 18:10:00.000000,C-LAY06,C-N0059,11677.99,USD,withdrawal,branch,DE,GB,True,,
T-001462,2025-02-22 22:35:00.000000,C-N0139,C-N0143,331.78,USD,transfer,mobile,JP,SG,True,,
T-001463,2025-02-21 15:48:00.000000,C-N0080,C-N0192,9350.14,USD,transfer,online,SG,US,True,,
T-001464,2025-02-04 12:49:00.000000,C-N0097,C-N0191,9765.64,USD,deposit,atm,FR,AU,True,,
T-001465,2025-03-04 11:04:27.255190,C-HUB02,C-SMF16,7679.05,USD,transfer,online,US,US,False,True,smurfing
T-001466,2025-01-17 06:12:00.000000,C-N0105,C-N0146,6275.46,USD,withdrawal,branch,US,DE,True,,
T-001467,2025-02-25 08:04:00.000000,C-N0022,C-N0181,7720.64,USD,transfer,online,JP,AU,True,,
T-001468,2025-01-27 03:38:00.000000,C-N0059,C-N0073,3007.48,USD,withdrawal,branch,US,CA,True,,
T-001469,2025-01-15 13:33:00.000000,C-SMF12,C-SMF12,1704.45,USD,transfer,online,AU,CA,True,,
T-001470,2025-01-07 17:37:00.000000,C-STR10,C-N0080,14314.39,USD,transfer,online,AU,JP,True,,
T-001471,2025-02-02 04:44:00.000000,C-N0058,C-N0128,7152.9,USD,withdrawal,branch,CA,CA,False,,
T-001472,2025-01-18 14:52:00.000000,C-N0132,C-N0172,6710.87,USD,transfer,mobile,SG,US,True,,
T-001473,2025-01-27 05:53:00.000000,C-LAY11,C-LAY12,31498.02,USD,wire,wire,AU,GB,True,True,layering
T-001474,2025-02-11 12:12:00.000000,C-N0198,C-N0025,4680.96,USD,transfer,mobile,FR,DE,True,,
T-001475,2025-02-07 16:39:00.000000,C-N0139,C-N0071,7491.2,USD,deposit,online,GB,GB,False,,
T-001476,2025-02-19 10:34:00.000000,C-STR03,C-N0186,8843.38,USD,transfer,atm,US,US,False,True,structuring
T-001477,2025-01-25 00:00:00.000000,C-LAY14,C-N0145,12170.79,USD,transfer,mobile,GB,US,True,,
T-001478,2025-03-09 23:03:00.000000,C-N0044,C-LAY25,4674.48,USD,transfer,online,CA,AU,True,,
T-001479,2025-02-20 11:13:00.000000,C-N0121,C-N0200,4965.18,USD,transfer,online,JP,GB,True,,
T-001480,2025-01-16 17:05:00.000000,C-N0016,C-LAY07,387.26,USD,deposit,branch,FR,FR,False,,
T-001481,2025-02-06 10:56:00.000000,C-N0036,C-N0141,2801.97,USD,transfer,mobile,CA,FR,True,,
T-001482,2025-01-21 08:44:00.000000,C-N0084,C-N0099,11378.76,USD,transfer,mobile,CA,CA,False,,
T-001483,2025-03-26 20:52:00.000000,C-N0187,C-N0144,58.01,USD,transfer,online,DE,US,True,,
T-001484,2025-01-28 00:43:00.000000,C-N0155,C-N0004,1459.59,USD,withdrawal,branch,FR,DE,True,,
T-001485,2025-02-03 18:19:00.000000,C-SMF20,C-N0146,2363.13,USD,transfer,online,SG,CA,True,,
T-001486,2025-01-05 02:43:00.000000,C-N0175,C-N0076,8562.45,USD,transfer,online,JP,SG,True,,
T-001487,2025-02-04 10:21:00.000000,C-N0060,C-HUB02,11267.16,USD,transfer,mobile,SG,CA,True,,
T-001488,2025-01-19 09:54:00.000000,C-RCO01,C-STR08,11408.4,USD,deposit,branch,CA,CA,False,,
T-001489,2025-02-14 12:31:00.000000,C-STR01,C-N0135,470.8,USD,transfer,mobile,AU,US,True,,
T-001490,2025-03-30 17:15:00.000000,C-LAY04,C-N0012,1545.85,USD,transfer,mobile,GB,SG,True,,
T-001491,2025-03-08 02:22:00.000000,C-N0171,C-N0035,9169.97,USD,deposit,online,GB,SG,True,,
T-001492,2025-01-24 02:22:00.000000,C-N0035,C-N0180,11002.14,USD,deposit,online,JP,SG,True,,
T-001493,2025-03-28 21:09:00.000000,C-N0065,C-LAY21,10850.54,USD,transfer,online,SG,US,True,,
T-001494,2025-02-22 11:56:39.618451,C-RCO03,C-N0041,13820.68,USD,cash,branch,US,US,False,True,rapid_cashout
T-001495,2025-02-08 12:17:00.000000,C-N0042,C-N0179,10693.53,USD,transfer,mobile,FR,CA,True,,
T-001496,2025-02-27 23:40:00.000000,C-N0143,C-N0091,4742.88,USD,deposit,online,US,GB,True,,
T-001497,2025-03-28 11:11:00.000000,C-N0049,C-SMF24,12314.22,USD,transfer,online,DE,CA,True,,
T-001498,2025-02-18 02:14:00.000000,C-LAY09,C-STR06,11545.86,USD,transfer,mobile,GB,GB,False,,
T-001499,2025-02-14 13:56:00.000000,C-STR09,C-N0091,9071.74,USD,transfer,branch,US,US,False,True,structuring
T-001500,2025-02-17 11:51:00.000000,C-N0174,C-SMF20,332.13,USD,transfer,mobile,US,JP,True,,
T-001501,2025-03-09 05:08:00.000000,C-N0165,C-N0134,2363.59,USD,transfer,mobile,DE,JP,True,,
T-001502,2025-02-12 03:06:00.000000,C-LAY03,C-LAY04,55883.74,USD,wire,wire,CA,AU,True,True,layering
T-001503,2025-01-04 12:06:00.000000,C-SMF05,C-N0151,14989.25,USD,deposit,branch,FR,JP,True,,
T-001504,2025-03-01 01:22:00.000000,C-N0172,C-LAY01,9564.43,USD,deposit,atm,JP,CA,True,,
T-001505,2025-03-07 14:25:00.000000,C-N0117,C-RCO06,14071.46,USD,transfer,mobile,SG,US,True,,
T-001506,2025-03-11 21:55:00.000000,C-STR10,C-N0103,9713.69,USD,transfer,atm,US,US,False,True,structuring
T-001507,2025-01-10 17:29:00.000000,C-N0084,C-N0160,8901.86,USD,deposit,atm,CA,GB,True,,
T-001508,2025-01-08 12:34:00.000000,C-N0079,C-N0143,8817.24,USD,deposit,online,AU,JP,True,,
T-001509,2025-01-17 10:26:00.000000,C-N0043,C-LAY22,7907.34,USD,withdrawal,atm,CA,AU,True,,
T-001510,2025-01-09 20:35:00.000000,C-STR01,C-N0100,9731.44,USD,cash,branch,US,US,False,True,structuring
T-001511,2025-03-19 18:35:00.000000,C-N0149,C-N0197,11458.66,USD,transfer,mobile,AU,CA,True,,
T-001512,2025-02-24 09:45:00.000000,C-N0191,C-RCO04,7889.46,USD,transfer,mobile,DE,DE,False,,
T-001513,2025-01-31 02:42:00.000000,C-N0016,C-N0055,5041.09,USD,transfer,online,CA,JP,True,,
T-001514,2025-03-23 14:19:00.000000,C-N0106,C-N0028,6663.3,USD,withdrawal,atm,AU,DE,True,,
T-001515,2025-01-12 13:12:00.000000,C-RCO03,C-N0177,4596.66,USD,withdrawal,branch,GB,DE,True,,
T-001516,2025-03-29 06:36:00.000000,C-N0174,C-SMF10,7354.96,USD,transfer,online,CA,JP,True,,
T-001517,2025-03-15 11:49:00.000000,C-N0114,C-N0103,9917.5,USD,transfer,online,CA,US,True,,
T-001518,2025-01-05 19:40:00.000000,C-SMF10,C-N0081,4496.14,USD,transfer,mobile,FR,FR,False,,
T-001519,2025-02-21 14:24:00.000000,C-N0026,C-N0192,9089.11,USD,withdrawal,branch,FR,US,True,,
T-001520,2025-03-13 23:35:00.000000,C-N0167,C-N0046,14373.29,USD,transfer,mobile,AU,US,True,,
T-001521,2025-02-16 01:14:00.000000,C-N0077,C-N0138,11787.84,USD,transfer,mobile,FR,DE,True,,
T-001522,2025-01-01 22:50:00.000000,C-N0183,C-N0031,5092.05,USD,transfer,online,AU,GB,True,,
T-001523,2025-02-20 23:29:00.000000,C-N0140,C-N0035,7594.36,USD,transfer,mobile,GB,FR,True,,
T-001524,2025-02-16 14:52:00.000000,C-N0016,C-N0012,4946.72,USD,withdrawal,branch,CA,US,True,,
T-001525,2025-02-23 11:46:00.000000,C-N0055,C-N0171,11120.07,USD,transfer,mobile,US,GB,True,,
T-001526,2025-02-07 00:53:00.000000,C-N0154,C-LAY04,947.01,USD,transfer,mobile,GB,DE,True,,
T-001527,2025-03-24 00:48:00.000000,C-SMF14,C-N0116,2702.52,USD,transfer,online,FR,SG,True,,
T-001528,2025-03-06 02:12:00.000000,C-LAY19,C-N0122,10587.99,USD,transfer,online,US,SG,True,,
T-001529,2025-01-15 01:11:00.000000,C-SMF23,C-N0183,1423.98,USD,transfer,online,FR,FR,False,,
T-001530,2025-01-14 00:33:00.000000,C-SMF23,C-N0162,2230.77,USD,transfer,mobile,DE,FR,True,,
T-001531,2025-02-25 06:24:00.000000,C-LAY20,C-N0117,14859.4,USD,transfer,mobile,SG,DE,True,,
T-001532,2025-02-16 11:06:13.547812,C-HUB03,C-SMF24,8226.37,USD,transfer,online,US,US,False,True,smurfing
T-001533,2025-02-23 15:48:00.000000,C-N0020,C-N0032,6317.63,USD,withdrawal,branch,JP,DE,True,,
T-001534,2025-01-25 05:56:00.000000,C-SMF14,C-N0165,13705.82,USD,transfer,online,SG,CA,True,,
T-001535,2025-03-05 01:46:00.000000,C-RCO03,C-N0005,1186.63,USD,transfer,online,JP,AU,True,,
T-001536,2025-03-09 08:10:00.000000,C-LAY19,C-LAY20,229342.88,USD,wire,wire,FR,CA,True,True,layering
T-001537,2025-01-01 12:44:00.000000,C-N0054,C-N0120,11444.53,USD,deposit,online,GB,CA,True,,
T-001538,2025-01-12 11:50:00.000000,C-STR01,C-N0100,9862.72,USD,transfer,atm,US,US,False,True,structuring
T-001539,2025-01-07 01:49:00.000000,C-N0163,C-LAY10,3527.46,USD,deposit,online,CA,US,True,,
T-001540,2025-01-29 19:27:00.000000,C-N0079,C-N0067,9671.06,USD,withdrawal,atm,US,JP,True,,
T-001541,2025-01-23 18:18:00.000000,C-N0117,C-SMF12,1999.69,USD,transfer,mobile,CA,SG,True,,
T-001542,2025-02-15 06:31:11.950425,C-HUB01,C-SMF04,8640.22,USD,transfer,online,US,US,False,True,smurfing
T-001543,2025-01-01 08:52:00.000000,C-RCO06,C-N0060,1591.39,USD,deposit,online,SG,US,True,,
T-001544,2025-03-10 00:38:00.000000,C-SMF03,C-N0046,11342.26,USD,transfer,online,FR,US,True,,
T-001545,2025-02-01 08:30:00.000000,C-N0155,C-N0147,11843.4,USD,deposit,atm,FR,GB,True,,
T-001546,2025-03-09 04:44:00.000000,C-N0154,C-N0069,7892.22,USD,transfer,online,US,GB,True,,
T-001547,2025-01-29 11:25:00.000000,C-STR08,C-SMF09,10528.19,USD,transfer,online,GB,US,True,,
T-001548,2025-01-09 23:08:00.000000,C-N0069,C-N0016,9088.53,USD,deposit,branch,DE,JP,True,,
T-001549,2025-01-27 07:19:00.000000,C-N0169,C-N0051,5318.06,USD,transfer,mobile,AU,AU,False,,
T-001550,2025-01-10 23:27:00.000000,C-SMF22,C-N0033,6467.12,USD,transfer,online,DE,FR,True,,
T-001551,2025-03-11 05:30:00.000000,C-SMF12,C-HUB03,1324.25,USD,deposit,branch,FR,DE,True,,
T-001552,2025-02-10 11:37:00.000000,C-N0192,C-STR01,3658.04,USD,withdrawal,atm,JP,DE,True,,
T-001553,2025-03-29 03:07:00.000000,C-N0035,C-N0081,8211.83,USD,deposit,online,JP,US,True,,
T-001554,2025-03-21 16:25:00.000000,C-N0090,C-N0113,2682.36,USD,withdrawal,atm,CA,US,True,,
T-001555,2025-02-16 04:54:00.000000,C-N0035,C-LAY08,14067.25,USD,deposit,online,JP,AU,True,,
T-001556,2025-03-01 18:15:00.000000,C-N0086,C-N0179,897.5,USD,deposit,atm,FR,CA,True,,
T-001557,2025-01-22 21:12:00.000000,C-SMF15,C-N0096,4702.26,USD,deposit,branch,JP,AU,True,,
T-001558,2025-01-12 18:50:00.000000,C-STR01,C-N0100,9277.06,USD,cash,branch,US,US,False,True,structuring
T-001559,2025-02-07 20:13:00.000000,C-N0115,C-N0158,7084.52,USD,transfer,mobile,SG,GB,True,,
T-001560,2025-01-26 12:58:00.000000,C-N0087,C-N0044,2252.94,USD,transfer,mobile,CA,CA,False,,
T-001561,2025-03-07 01:04:00.000000,C-N0102,C-N0040,14010.6,USD,withdrawal,branch,DE,SG,True,,
T-001562,2025-03-07 18:08:00.000000,C-LAY16,C-N0159,11694.69,USD,deposit,branch,GB,SG,True,,
T-001563,2025-03-02 18:27:00.000000,C-N0036,C-N0035,6317.41,USD,withdrawal,atm,US,GB,True,,
T-001564,2025-03-17 17:12:00.000000,C-LAY09,C-RCO07,64509.44,USD,wire,wire,AU,US,True,True,rapid_cashout
T-001565,2025-03-22 19:58:00.000000,C-N0007,C-RCO07,7635.88,USD,withdrawal,atm,GB,AU,True,,
T-001566,2025-03-08 03:29:00.000000,C-LAY04,C-N0018,1546.72,USD,withdrawal,atm,DE,DE,False,,
T-001567,2025-01-13 12:51:00.000000,C-N0172,C-N0031,12094.65,USD,transfer,online,SG,GB,True,,
T-001568,2025-01-10 07:47:00.000000,C-N0127,C-N0105,4533.86,USD,deposit,online,US,GB,True,,
T-001569,2025-01-11 07:12:00.000000,C-N0026,C-N0120,959.15,USD,deposit,branch,US,CA,True,,
T-001570,2025-03-19 00:36:00.000000,C-N0184,C-LAY20,5310.41,USD,withdrawal,branch,DE,DE,False,,
T-001571,2025-02-18 02:20:00.000000,C-N0186,C-N0050,11693.18,USD,transfer,online,FR,AU,True,,
T-001572,2025-02-22 06:04:00.000000,C-N0134,C-N0092,6574.09,USD,transfer,mobile,AU,AU,False,,
T-001573,2025-01-25 04:35:00.000000,C-N0113,C-N0167,2267.6,USD,transfer,online,JP,AU,True,,
T-001574,2025-02-19 08:20:00.000000,C-STR09,C-N0091,8832.12,USD,cash,atm,US,US,False,True,structuring
T-001575,2025-01-10 20:13:00.000000,C-N0148,C-N0040,7834.28,USD,transfer,mobile,DE,CA,True,,
T-001576,2025-03-14 20:59:00.000000,C-STR02,C-LAY09,10412.74,USD,deposit,atm,GB,US,True,,
T-001577,2025-03-26 10:59:00.000000,C-SMF07,C-N0118,3855.04,USD,transfer,online,JP,DE,True,,
T-001578,2025-03-01 15:23:00.000000,C-LAY21,C-N0006,8517.04,USD,withdrawal,atm,DE,DE,False,,
T-001579,2025-03-07 01:45:00.000000,C-LAY06,C-RCO06,11120.64,USD,withdrawal,branch,JP,FR,True,,
T-001580,2025-01-28 05:53:00.000000,C-LAY13,C-LAY14,31580.1,USD,wire,wire,JP,US,True,True,layering
T-001581,2025-03-18 06:35:00.000000,C-N0050,C-N0184,8303.01,USD,transfer,online,JP,GB,True,,
T-001582,2025-02-21 02:46:00.000000,C-N0168,C-SMF02,10827.17,USD,deposit,atm,GB,FR,True,,
T-001583,2025-02-08 10:32:00.000000,C-N0143,C-N0001,14711.54,USD,transfer,online,US,GB,True,,
T-001584,2025-02-17 14:41:21.101850,C-HUB03,C-SMF22,8074.99,USD,transfer,online,US,US,False,True,smurfing
T-001585,2025-02-28 00:29:00.000000,C-N0028,C-SMF24,10897.56,USD,deposit,atm,GB,CA,True,,
T-001586,2025-02-04 09:55:00.000000,C-N0163,C-N0140,13527.06,USD,withdrawal,atm,GB,AU,True,,
T-001587,2025-01-07 16:44:00.000000,C-N0055,C-N0125,194.2,USD,transfer,online,GB,GB,False,,
T-001588,2025-03-24 04:02:00.000000,C-N0025,C-N0031,4275.56,USD,transfer,online,AU,SG,True,,
T-001589,2025-01-20 18:12:00.000000,C-LAY20,C-RCO06,53565.86,USD,wire,wire,JP,US,True,True,rapid_cashout
T-001590,2025-02-03 06:09:00.000000,C-N0075,C-N0021,13793.94,USD,transfer,mobile,FR,AU,True,,
T-001591,2025-02-17 00:06:00.000000,C-SMF10,C-N0031,12669.62,USD,transfer,online,DE,FR,True,,
T-001592,2025-01-04 22:46:00.000000,C-N0091,C-N0193,12135.86,USD,withdrawal,branch,CA,SG,True,,
T-001593,2025-01-19 11:29:00.000000,C-N0170,C-N0193,498.76,USD,withdrawal,branch,GB,AU,True,,
T-001594,2025-02-25 00:32:00.000000,C-N0195,C-N0184,737.29,USD,withdrawal,branch,JP,SG,True,,
T-001595,2025-03-18 16:20:00.000000,C-LAY03,C-N0170,1617.48,USD,transfer,mobile,AU,DE,True,,
T-001596,2025-03-19 17:37:00.000000,C-N0048,C-N0167,8600.81,USD,deposit,atm,GB,CA,True,,
T-001597,2025-01-09 06:40:00.000000,C-SMF15,C-N0066,13865.77,USD,transfer,mobile,US,DE,True,,
T-001598,2025-03-13 06:22:00.000000,C-N0081,C-SMF11,9999.7,USD,transfer,online,AU,CA,True,,
T-001599,2025-03-24 05:42:00.000000,C-N0114,C-N0077,6414.18,USD,deposit,atm,SG,US,True,,
T-001600,2025-01-04 19:05:05.545246,C-RCO02,C-N0195,14659.57,USD,cash,atm,US,US,False,True,rapid_cashout
T-001601,2025-03-30 13:18:00.000000,C-N0024,C-N0126,6024.81,USD,deposit,atm,JP,SG,True,,
T-001602,2025-01-09 06:30:00.000000,C-N0075,C-N0144,2156.65,USD,transfer,mobile,DE,DE,False,,
T-001603,2025-01-13 10:28:00.000000,C-SMF19,C-N0069,9381.31,USD,transfer,online,CA,CA,False,,
T-001604,2025-03-05 05:24:40.094964,C-HUB02,C-SMF11,8642.13,USD,transfer,online,US,US,False,True,smurfing
T-001605,2025-02-23 09:02:00.000000,C-N0138,C-STR06,1991.87,USD,withdrawal,atm,CA,DE,True,,
T-001606,2025-01-20 20:28:00.000000,C-N0200,C-N0194,6222.91,USD,deposit,atm,FR,FR,False,,
T-001607,2025-02-06 21:55:00.000000,C-LAY07,C-SMF20,781.34,USD,deposit,online,FR,CA,True,,
T-001608,2025-03-21 12:11:00.000000,C-N0136,C-N0085,12306.22,USD,withdrawal,atm,US,SG,True,,
T-001609,2025-01-21 07:24:00.000000,C-N0177,C-N0083,9723.17,USD,deposit,branch,DE,GB,True,,
T-001610,2025-01-28 05:41:00.000000,C-SMF02,C-RCO01,76164.77,USD,wire,wire,CA,US,True,True,rapid_cashout
T-001611,2025-03-17 01:48:00.000000,C-RCO05,C-N0176,14543.57,USD,deposit,atm,FR,GB,True,,
T-001612,2025-01-15 04:26:00.000000,C-N0062,C-N0047,1413.63,USD,transfer,online,AU,DE,True,,
T-001613,2025-01-12 22:13:00.000000,C-N0086,C-N0058,2759.85,USD,deposit,branch,SG,SG,False,,
T-001614,2025-03-16 20:02:00.000000,C-N0103,C-N0135,8244.67,USD,withdrawal,branch,DE,US,True,,
T-001615,2025-02-22 02:09:00.000000,C-N0162,C-LAY10,3844.21,USD,withdrawal,atm,SG,DE,True,,
T-001616,2025-01-05 11:47:00.000000,C-N0181,C-N0001,2182.53,USD,withdrawal,branch,GB,FR,True,,
T-001617,2025-03-22 22:30:00.000000,C-N0039,C-N0144,11296.2,USD,deposit,branch,CA,DE,True,,
T-001618,2025-01-14 01:35:00.000000,C-RCO06,C-N0152,8501.83,USD,transfer,online,DE,AU,True,,
T-001619,2025-03-04 02:12:00.000000,C-RCO06,C-N0131,8528.98,USD,transfer,mobile,US,GB,True,,
T-001620,2025-02-14 16:56:00.000000,C-N0106,C-N0173,7479.43,USD,transfer,mobile,JP,CA,True,,
T-001621,2025-01-13 19:40:00.000000,C-N0017,C-N0167,5917.81,USD,deposit,online,CA,GB,True,,
T-001622,2025-01-08 22:07:00.000000,C-SMF15,C-SMF17,1584.52,USD,transfer,online,SG,US,True,,
T-001623,2025-01-08 09:00:00.000000,C-SMF05,C-HUB01,1217.19,USD,deposit,atm,CA,SG,True,,
T-001624,2025-03-03 18:49:00.000000,C-LAY04,C-N0013,8596.26,USD,withdrawal,atm,US,JP,True,,
T-001625,2025-02-17 10:26:00.000000,C-N0141,C-N0169,7280.76,USD,withdrawal,atm,GB,GB,False,,
T-001626,2025-03-28 05:28:00.000000,C-N0183,C-N0040,8053.63,USD,withdrawal,atm,GB,SG,True,,
T-001627,2025-01-20 08:50:00.000000,C-N0069,C-STR03,2206.28,USD,transfer,mobile,CA,JP,True,,
T-001628,2025-03-13 18:32:00.000000,C-N0167,C-N0103,4915.97,USD,transfer,online,CA,DE,True,,
T-001629,2025-03-28 03:09:00.000000,C-N0171,C-N0156,10449.61,USD,deposit,branch,SG,CA,True,,
T-001630,2025-02-18 08:51:00.000000,C-N0044,C-N0019,7699.49,USD,transfer,mobile,CA,GB,True,,
T-001631,2025-02-27 06:09:00.000000,C-N0164,C-N0086,3184.78,USD,deposit,online,US,FR,True,,
T-001632,2025-03-28 21:02:00.000000,C-N0090,C-RCO04,3100.95,USD,withdrawal,atm,US,SG,True,,
T-001633,2025-03-03 17:38:00.000000,C-LAY19,C-N0047,10534.86,USD,transfer,online,AU,DE,True,,
T-001634,2025-02-11 13:19:00.000000,C-N0002,C-STR06,6234.81,USD,withdrawal,branch,SG,FR,True,,
T-001635,2025-03-07 22:51:00.000000,C-N0088,C-N0052,3585.0,USD,transfer,mobile,CA,DE,True,,
T-001636,2025-03-23 18:10:00.000000,C-N0116,C-N0077,6615.34,USD,withdrawal,atm,FR,FR,False,,
T-001637,2025-03-17 10:33:00.000000,C-LAY23,C-N0199,11831.65,USD,withdrawal,atm,JP,DE,True,,
T-001638,2025-02-04 15:20:00.000000,C-N0001,C-N0037,10485.92,USD,transfer,mobile,JP,FR,True,,
T-001639,2025-03-29 18:08:00.000000,C-N0187,C-N0198,2504.74,USD,withdrawal,atm,FR,JP,True,,
T-001640,2025-03-31 15:12:00.000000,C-N0020,C-N0156,5596.62,USD,deposit,branch,JP,SG,True,,
T-001641,2025-03-18 00:15:00.000000,C-N0073,C-N0065,9500.17,USD,transfer,online,US,GB,True,,
T-001642,2025-02-16 09:13:00.000000,C-N0162,C-N0159,12938.97,USD,transfer,online,FR,AU,True,,
T-001643,2025-01-03 04:43:00.000000,C-N0104,C-N0137,13109.14,USD,transfer,mobile,US,US,False,,
T-001644,2025-01-14 16:39:00.000000,C-N0061,C-N0090,6048.48,USD,withdrawal,branch,SG,FR,True,,
T-001645,2025-03-19 00:54:00.000000,C-N0104,C-N0136,14391.66,USD,transfer,mobile,AU,DE,True,,
T-001646,2025-01-29 09:58:00.000000,C-SMF15,C-N0143,5664.12,USD,withdrawal,atm,JP,FR,True,,
T-001647,2025-03-05 00:59:54.599896,C-HUB02,C-SMF14,7168.23,USD,transfer,online,US,US,False,True,smurfing
T-001648,2025-01-17 00:29:00.000000,C-N0195,C-N0147,4128.35,USD,withdrawal,branch,CA,CA,False,,
T-001649,2025-03-01 19:30:00.000000,C-STR01,C-LAY08,3916.84,USD,deposit,atm,CA,GB,True,,
T-001650,2025-01-18 22:53:00.000000,C-N0067,C-N0089,3181.02,USD,transfer,mobile,FR,CA,True,,
T-001651,2025-01-21 20:43:00.000000,C-RCO05,C-N0035,14133.14,USD,deposit,online,FR,SG,True,,
T-001652,2025-02-21 10:18:00.000000,C-N0043,C-LAY07,7552.26,USD,deposit,online,GB,JP,True,,
T-001653,2025-01-29 15:15:00.000000,C-HUB01,C-N0023,14474.13,USD,transfer,mobile,DE,SG,True,,
T-001654,2025-01-08 01:26:00.000000,C-LAY12,C-N0144,5617.23,USD,withdrawal,atm,CA,GB,True,,
T-001655,2025-01-04 14:25:00.000000,C-N0185,C-SMF08,1506.22,USD,transfer,online,DE,SG,True,,
T-001656,2025-03-19 03:27:00.000000,C-N0046,C-RCO03,10664.36,USD,withdrawal,branch,SG,CA,True,,
T-001657,2025-03-18 10:13:00.000000,C-N0059,C-N0012,4998.3,USD,deposit,online,DE,DE,False,,
T-001658,2025-03-21 14:09:00.000000,C-STR07,C-N0086,9333.21,USD,transfer,branch,US,US,False,True,structuring
T-001659,2025-03-09 22:43:00.000000,C-N0174,C-N0188,2098.69,USD,withdrawal,branch,US,US,False,,
T-001660,2025-01-13 22:10:00.000000,C-LAY23,C-LAY24,457956.35,USD,wire,wire,DE,AU,True,True,layering
T-001661,2025-02-12 23:49:00.000000,C-SMF04,C-N0068,5545.05,USD,withdrawal,atm,GB,AU,True,,
T-001662,2025-03-14 20:28:00.000000,C-N0058,C-N0017,1558.41,USD,transfer,online,CA,GB,True,,
T-001663,2025-03-12 13:30:00.000000,C-N0184,C-N0038,6268.17,USD,transfer,online,GB,DE,True,,
T-001664,2025-03-27 11:21:00.000000,C-N0148,C-N0108,2896.83,USD,deposit,online,GB,DE,True,,
T-001665,2025-01-13 20:24:00.000000,C-N0082,C-N0016,5464.15,USD,transfer,online,CA,AU,True,,
T-001666,2025-01-01 14:04:00.000000,C-N0115,C-N0001,1795.92,USD,transfer,mobile,GB,US,True,,
T-001667,2025-01-18 06:50:00.000000,C-STR04,C-N0160,9953.92,USD,transfer,atm,US,US,False,True,structuring
T-001668,2025-01-05 20:49:00.000000,C-SMF05,C-N0191,2245.96,USD,deposit,online,DE,US,True,,
T-001669,2025-01-24 02:14:00.000000,C-N0059,C-N0198,4481.69,USD,transfer,mobile,SG,US,True,,
T-001670,2025-02-01 15:48:00.000000,C-N0198,C-N0097,13664.4,USD,deposit,online,AU,US,True,,
T-001671,2025-02-01 17:33:00.000000,C-N0088,C-N0035,6534.34,USD,deposit,online,AU,GB,True,,
T-001672,2025-03-01 13:40:00.000000,C-N0015,C-LAY07,6500.53,USD,transfer,online,GB,AU,True,,
T-001673,2025-01-17 02:22:00.000000,C-SMF18,C-N0013,10789.7,USD,withdrawal,atm,AU,DE,True,,
T-001674,2025-02-18 00:46:00.000000,C-N0124,C-N0137,3586.44,USD,deposit,branch,DE,DE,False,,
T-001675,2025-03-15 12:51:00.000000,C-N0004,C-LAY14,13875.93,USD,withdrawal,branch,GB,CA,True,,
T-001676,2025-02-12 14:36:00.000000,C-N0060,C-N0070,8079.37,USD,transfer,mobile,CA,FR,True,,
T-001677,2025-02-24 03:13:00.000000,C-N0119,C-N0027,10563.94,USD,transfer,mobile,FR,JP,True,,
T-001678,2025-02-11 14:56:00.000000,C-SMF23,C-N0172,3163.52,USD,transfer,mobile,AU,US,True,,
T-001679,2025-02-14 16:15:00.000000,C-RCO02,C-N0050,9991.88,USD,withdrawal,branch,JP,AU,True,,
T-001680,2025-03-17 06:40:00.000000,C-N0071,C-N0165,4144.71,USD,withdrawal,atm,GB,GB,False,,
T-001681,2025-02-05 21:08:00.000000,C-SMF14,C-SMF05,4662.23,USD,deposit,atm,AU,US,True,,
T-001682,2025-03-21 17:30:00.000000,C-N0178,C-N0069,8111.48,USD,deposit,atm,FR,GB,True,,
T-001683,2025-03-11 12:24:00.000000,C-N0003,C-N0025,289.77,USD,withdrawal,branch,CA,GB,True,,
T-001684,2025-03-26 21:38:00.000000,C-N0066,C-N0157,6414.5,USD,deposit,atm,CA,JP,True,,
T-001685,2025-03-17 18:54:00.000000,C-N0124,C-SMF11,6357.09,USD,withdrawal,branch,DE,SG,True,,
T-001686,2025-01-23 02:34:00.000000,C-LAY18,C-N0192,3858.15,USD,transfer,mobile,AU,DE,True,,
T-001687,2025-03-06 17:55:00.000000,C-N0040,C-N0033,7611.79,USD,transfer,mobile,DE,JP,True,,
T-001688,2025-01-09 12:16:00.000000,C-SMF09,C-N0156,3237.59,USD,transfer,online,GB,CA,True,,
T-001689,2025-01-10 20:28:00.000000,C-N0042,C-N0165,11695.23,USD,deposit,atm,GB,US,True,,
T-001690,2025-02-19 14:43:00.000000,C-N0125,C-SMF21,5131.13,USD,transfer,online,FR,JP,True,,
T-001691,2025-03-23 19:23:00.000000,C-STR07,C-N0192,476.03,USD,transfer,online,US,AU,True,,
T-001692,2025-02-01 14:44:00.000000,C-N0183,C-HUB01,13040.65,USD,withdrawal,atm,GB,GB,False,,
T-001693,2025-01-24 16:43:00.000000,C-SMF16,C-N0023,11295.92,USD,transfer,mobile,US,DE,True,,
T-001694,2025-01-23 21:15:00.000000,C-STR10,C-N0055,12377.08,USD,withdrawal,atm,CA,SG,True,,
T-001695,2025-02-15 00:19:00.000000,C-STR09,C-N0091,9822.58,USD,cash,atm,US,US,False,True,structuring
T-001696,2025-02-22 09:21:00.000000,C-N0099,C-N0045,11627.07,USD,deposit,branch,US,AU,True,,
T-001697,2025-01-14 08:59:00.000000,C-LAY08,C-N0154,8549.61,USD,withdrawal,branch,JP,FR,True,,
T-001698,2025-01-04 10:00:00.000000,C-N0090,C-LAY15,5009.42,USD,deposit,branch,SG,US,True,,
T-001699,2025-03-03 05:39:00.000000,C-N0133,C-SMF04,12362.15,USD,transfer,mobile,US,JP,True,,
T-001700,2025-02-15 16:19:00.000000,C-N0192,C-N0115,112.16,USD,transfer,mobile,JP,CA,True,,
T-001701,2025-01-21 08:47:51.092625,C-RCO06,C-N0112,11606.11,USD,cash,branch,US,US,False,True,rapid_cashout
T-001702,2025-03-04 17:47:00.000000,C-N0137,C-N0077,6876.66,USD,deposit,atm,AU,DE,True,,
T-001703,2025-02-05 08:40:00.000000,C-N0050,C-N0026,1360.04,USD,transfer,mobile,US,JP,True,,
T-001704,2025-01-21 03:41:00.000000,C-N0061,C-N0088,4093.0,USD,withdrawal,atm,FR,DE,True,,
T-001705,2025-01-07 21:17:00.000000,C-N0139,C-N0044,2954.55,USD,transfer,online,GB,JP,True,,
T-001706,2025-02-10 20:48:00.000000,C-N0135,C-N0188,4844.38,USD,transfer,online,AU,CA,True,,
T-001707,2025-02-26 08:30:00.000000,C-LAY17,C-N0088,1807.87,USD,transfer,mobile,US,FR,True,,
T-001708,2025-01-30 20:03:00.000000,C-N0005,C-N0028,4648.05,USD,deposit,atm,DE,CA,True,,
T-001709,2025-01-18 01:05:00.000000,C-N0028,C-RCO06,4160.69,USD,transfer,online,DE,US,True,,
T-001710,2025-01-19 09:04:00.000000,C-STR01,C-N0196,4966.18,USD,transfer,online,SG,GB,True,,
T-001711,2025-03-10 17:35:00.000000,C-STR10,C-N0103,9150.15,USD,cash,atm,US,US,False,True,structuring
T-001712,2025-03-03 16:41:00.000000,C-N0036,C-N0056,12264.65,USD,transfer,online,GB,CA,True,,
T-001713,2025-03-20 23:21:00.000000,C-SMF01,C-N0147,843.32,USD,transfer,online,JP,DE,True,,
T-001714,2025-01-20 17:42:00.000000,C-N0101,C-N0065,4270.38,USD,withdrawal,atm,GB,JP,True,,
T-001715,2025-02-13 16:41:00.000000,C-N0029,C-N0195,2724.97,USD,deposit,branch,FR,FR,False,,
T-001716,2025-03-16 04:32:00.000000,C-N0062,C-RCO01,3027.26,USD,deposit,branch,DE,US,True,,
T-001717,2025-01-01 03:44:00.000000,C-N0049,C-N0087,12010.57,USD,deposit,branch,FR,US,True,,
T-001718,2025-02-19 13:23:00.000000,C-N0126,C-LAY19,11004.94,USD,transfer,mobile,SG,DE,True,,
T-001719,2025-01-04 03:19:00.000000,C-N0162,C-N0051,102.45,USD,withdrawal,atm,JP,DE,True,,
T-001720,2025-03-29 15:09:00.000000,C-N0102,C-N0041,6860.98,USD,transfer,online,SG,GB,True,,
T-001721,2025-01-14 15:38:00.000000,C-LAY25,C-N0160,2177.98,USD,transfer,mobile,GB,JP,True,,
T-001722,2025-03-19 10:00:00.000000,C-HUB01,C-N0164,9708.34,USD,deposit,online,FR,FR,False,,
T-001723,2025-03-03 11:58:00.000000,C-N0166,C-N0072,4609.69,USD,withdrawal,atm,CA,FR,True,,
T-001724,2025-03-17 16:03:00.000000,C-N0137,C-N0182,3086.96,USD,withdrawal,branch,DE,JP,True,,
T-001725,2025-01-13 23:55:00.000000,C-N0185,C-N0115,6504.46,USD,withdrawal,branch,AU,US,True,,
T-001726,2025-03-21 16:54:00.000000,C-LAY15,C-N0177,10176.73,USD,deposit,atm,DE,FR,True,,
T-001727,2025-02-26 01:29:00.000000,C-N0140,C-N0164,6768.58,USD,transfer,mobile,AU,GB,True,,
T-001728,2025-02-07 21:53:00.000000,C-STR03,C-N0107,5617.21,USD,withdrawal,atm,FR,AU,True,,
T-001729,2025-01-29 16:27:00.000000,C-N0196,C-RCO07,11328.52,USD,transfer,mobile,JP,DE,True,,
T-001730,2025-03-18 17:07:00.000000,C-N0077,C-N0113,10447.02,USD,withdrawal,branch,AU,DE,True,,
T-001731,2025-01-27 08:15:00.000000,C-STR06,C-N0094,8946.93,USD,transfer,branch,US,US,False,True,structuring
T-001732,2025-01-05 20:48:00.000000,C-LAY06,C-N0110,1299.69,USD,deposit,online,FR,DE,True,,
T-001733,2025-03-11 15:39:00.000000,C-STR02,C-N0194,14332.63,USD,transfer,mobile,GB,CA,True,,
T-001734,2025-02-27 22:13:00.000000,C-N0168,C-N0018,1004.97,USD,transfer,online,DE,SG,True,,
T-001735,2025-01-19 14:12:00.000000,C-RCO02,C-N0053,8632.54,USD,transfer,mobile,DE,FR,True,,
T-001736,2025-03-03 18:34:00.000000,C-N0168,C-HUB02,134252.69,USD,wire,wire,US,US,False,True,smurfing
T-001737,2025-03-30 04:28:00.000000,C-N0098,C-N0199,187.37,USD,transfer,online,GB,JP,True,,
T-001738,2025-03-07 06:40:00.000000,C-N0097,C-N0129,7855.2,USD,deposit,branch,AU,DE,True,,
T-001739,2025-02-17 20:27:00.000000,C-N0094,C-N0179,493.78,USD,transfer,mobile,FR,SG,True,,
T-001740,2025-01-27 01:39:00.000000,C-N0141,C-N0067,2524.5,USD,deposit,online,SG,GB,True,,
T-001741,2025-01-23 09:39:00.000000,C-STR08,C-N0002,9630.07,USD,cash,branch,US,US,False,True,structuring
T-001742,2025-02-28 13:59:00.000000,C-N0052,C-N0174,233.71,USD,deposit,atm,GB,GB,False,,
T-001743,2025-03-19 06:09:00.000000,C-N0002,C-N0142,2020.46,USD,withdrawal,branch,GB,US,True,,
T-001744,2025-02-16 07:51:59.102003,C-HUB03,C-SMF20,8822.41,USD,transfer,online,US,US,False,True,smurfing
T-001745,2025-02-04 17:30:00.000000,C-N0123,C-LAY17,2023.14,USD,withdrawal,atm,AU,AU,False,,
T-001746,2025-03-26 17:51:00.000000,C-N0038,C-N0200,14147.42,USD,transfer,online,US,AU,True,,
T-001747,2025-02-10 08:45:00.000000,C-N0046,C-N0107,834.62,USD,deposit,atm,US,US,False,,
T-001748,2025-03-24 20:56:00.000000,C-STR07,C-N0086,9292.7,USD,transfer,branch,US,US,False,True,structuring
T-001749,2025-01-02 19:18:00.000000,C-STR10,C-RCO01,3823.24,USD,deposit,atm,US,CA,True,,
T-001750,2025-02-17 18:40:00.000000,C-LAY22,C-N0141,715.48,USD,withdrawal,atm,FR,SG,True,,
T-001751,2025-03-14 07:12:00.000000,C-N0085,C-N0028,5472.39,USD,transfer,online,GB,GB,False,,
T-001752,2025-01-10 19:55:00.000000,C-N0140,C-N0071,1547.96,USD,withdrawal,atm,CA,US,True,,
T-001753,2025-01-13 18:52:00.000000,C-STR04,C-N0160,9646.98,USD,transfer,atm,US,US,False,True,structuring
T-001754,2025-01-18 15:08:00.000000,C-N0091,C-RCO06,3346.64,USD,transfer,online,US,AU,True,,
T-001755,2025-03-28 10:21:00.000000,C-N0094,C-SMF13,6671.33,USD,transfer,mobile,CA,CA,False,,
T-001756,2025-03-04 12:33:31.235426,C-HUB02,C-SMF13,7628.57,USD,transfer,online,US,US,False,True,smurfing
T-001757,2025-02-08 08:35:00.000000,C-N0044,C-SMF08,7989.16,USD,deposit,atm,DE,FR,True,,
T-001758,2025-03-04 01:37:00.000000,C-N0126,C-N0117,11159.5,USD,transfer,mobile,FR,GB,True,,
T-001759,2025-03-19 21:20:00.000000,C-N0171,C-N0134,90.19,USD,transfer,online,SG,SG,False,,
T-001760,2025-02-18 01:27:00.000000,C-SMF17,C-N0120,11553.11,USD,transfer,mobile,SG,SG,False,,
T-001761,2025-03-10 23:14:00.000000,C-N0008,C-N0074,4740.09,USD,transfer,mobile,GB,SG,True,,
T-001762,2025-01-14 08:24:00.000000,C-N0148,C-N0025,14599.43,USD,transfer,online,FR,DE,True,,
T-001763,2025-03-04 02:32:45.717687,C-HUB02,C-SMF09,9221.2,USD,transfer,online,US,US,False,True,smurfing
T-001764,2025-03-07 18:48:00.000000,C-N0002,C-N0048,14523.52,USD,transfer,online,JP,CA,True,,
T-001765,2025-01-20 17:02:00.000000,C-N0118,C-N0181,4668.55,USD,withdrawal,branch,GB,US,True,,
T-001766,2025-03-28 16:37:00.000000,C-N0197,C-N0180,8323.28,USD,transfer,mobile,GB,CA,True,,
T-001767,2025-03-20 03:55:00.000000,C-N0060,C-N0167,555.15,USD,deposit,branch,AU,SG,True,,
T-001768,2025-03-23 15:46:00.000000,C-LAY17,C-N0143,12013.12,USD,withdrawal,atm,AU,AU,False,,
T-001769,2025-02-03 06:41:00.000000,C-N0078,C-SMF16,5175.58,USD,withdrawal,atm,DE,US,True,,
T-001770,2025-03-28 21:32:00.000000,C-N0186,C-RCO05,9947.24,USD,transfer,online,DE,CA,True,,
T-001771,2025-02-09 04:39:00.000000,C-SMF23,C-N0079,4868.45,USD,transfer,mobile,JP,FR,True,,
T-001772,2025-03-09 18:08:00.000000,C-STR02,C-SMF16,2026.23,USD,deposit,branch,JP,DE,True,,
T-001773,2025-01-16 05:00:00.000000,C-N0012,C-LAY22,8929.16,USD,transfer,mobile,FR,US,True,,
T-001774,2025-01-21 09:09:00.000000,C-N0052,C-N0142,7452.82,USD,transfer,online,CA,FR,True,,
T-001775,2025-02-22 23:11:00.000000,C-N0026,C-SMF16,8804.19,USD,transfer,online,US,FR,True,,
T-001776,2025-03-02 09:37:00.000000,C-N0164,C-SMF13,14376.56,USD,transfer,mobile,GB,US,True,,
T-001777,2025-01-19 04:26:00.000000,C-N0199,C-LAY21,14182.89,USD,deposit,online,US,US,False,,
T-001778,2025-02-28 07:25:00.000000,C-N0172,C-N0173,8224.33,USD,deposit,branch,DE,SG,True,,
T-001779,2025-02-17 00:43:00.000000,C-N0033,C-N0068,1519.14,USD,deposit,branch,SG,SG,False,,
T-001780,2025-03-12 06:58:00.000000,C-N0069,C-N0009,10832.58,USD,transfer,online,GB,FR,True,,
T-001781,2025-03-09 03:35:00.000000,C-N0092,C-HUB03,11897.3,USD,transfer,mobile,GB,DE,True,,
T-001782,2025-01-30 18:06:00.000000,C-N0107,C-LAY10,14244.22,USD,deposit,branch,SG,DE,True,,
T-001783,2025-03-22 21:08:00.000000,C-SMF19,C-N0089,13375.41,USD,transfer,mobile,GB,FR,True,,
T-001784,2025-02-20 01:45:00.000000,C-N0191,C-N0067,13027.98,USD,transfer,mobile,AU,JP,True,,
T-001785,2025-03-02 19:45:00.000000,C-N0062,C-N0041,9328.98,USD,transfer,online,SG,AU,True,,
T-001786,2025-03-31 02:58:00.000000,C-N0042,C-N0013,2509.0,USD,withdrawal,branch,CA,CA,False,,
T-001787,2025-02-04 03:26:00.000000,C-N0196,C-LAY06,13415.12,USD,withdrawal,branch,DE,SG,True,,
T-001788,2025-02-21 01:14:00.000000,C-LAY10,C-N0063,5512.06,USD,transfer,mobile,US,GB,True,,
T-001789,2025-03-07 02:53:00.000000,C-LAY25,C-N0039,6990.95,USD,deposit,atm,FR,FR,False,,
T-001790,2025-01-11 08:09:00.000000,C-N0180,C-N0189,482.85,USD,transfer,mobile,US,FR,True,,
T-001791,2025-03-07 03:37:00.000000,C-N0046,C-N0186,3575.24,USD,transfer,mobile,JP,GB,True,,
T-001792,2025-02-11 06:40:00.000000,C-N0130,C-N0007,8853.49,USD,transfer,mobile,CA,CA,False,,
T-001793,2025-02-13 20:54:00.000000,C-N0160,C-N0200,7624.94,USD,deposit,online,SG,DE,True,,
T-001794,2025-01-28 00:30:00.000000,C-N0142,C-LAY15,8498.71,USD,transfer,online,US,US,False,,
T-001795,2025-02-14 20:38:00.000000,C-N0091,C-LAY06,6025.65,USD,withdrawal,atm,CA,GB,True,,
T-001796,2025-01-11 20:41:00.000000,C-N0059,C-N0117,11562.92,USD,withdrawal,branch,AU,US,True,,
T-001797,2025-01-08 11:28:00.000000,C-N0129,C-N0183,8886.71,USD,deposit,online,SG,CA,True,,
T-001798,2025-03-21 03:02:00.000000,C-STR07,C-N0086,9234.93,USD,transfer,branch,US,US,False,True,structuring
T-001799,2025-01-26 12:36:00.000000,C-N0034,C-N0198,8630.53,USD,withdrawal,atm,FR,GB,True,,
T-001800,2025-03-21 00:52:00.000000,C-N0083,C-N0048,8609.17,USD,withdrawal,atm,JP,DE,True,,
T-001801,2025-01-29 06:18:00.000000,C-SMF18,C-LAY02,6977.03,USD,deposit,online,SG,FR,True,,
T-001802,2025-02-27 02:54:00.000000,C-N0161,C-N0047,1314.55,USD,deposit,online,DE,US,True,,
T-001803,2025-02-15 06:41:00.000000,C-LAY04,C-N0091,7307.85,USD,transfer,online,US,GB,True,,
T-001804,2025-02-22 18:58:00.000000,C-N0062,C-N0022,4557.07,USD,withdrawal,branch,GB,AU,True,,
T-001805,2025-02-06 13:51:00.000000,C-N0122,C-N0086,82.22,USD,transfer,online,DE,JP,True,,
T-001806,2025-02-06 06:26:00.000000,C-N0030,C-N0137,11936.8,USD,transfer,mobile,US,GB,True,,
T-001807,2025-01-09 01:47:00.000000,C-N0036,C-N0154,13264.78,USD,deposit,branch,CA,AU,True,,
T-001808,2025-03-05 05:44:00.000000,C-N0183,C-N0067,8828.27,USD,deposit,atm,DE,US,True,,
T-001809,2025-03-02 13:42:00.000000,C-N0020,C-N0016,3805.53,USD,withdrawal,atm,AU,FR,True,,
T-001810,2025-03-06 06:35:00.000000,C-N0098,C-N0004,2663.47,USD,transfer,mobile,DE,CA,True,,
T-001811,2025-03-13 06:38:00.000000,C-SMF10,C-LAY14,12319.68,USD,deposit,atm,AU,SG,True,,
T-001812,2025-03-19 21:31:00.000000,C-SMF18,C-N0028,6166.56,USD,deposit,atm,JP,SG,True,,
T-001813,2025-03-22 06:28:00.000000,C-SMF23,C-N0085,6556.14,USD,withdrawal,atm,CA,FR,True,,
T-001814,2025-01-19 01:59:00.000000,C-N0115,C-SMF18,3347.46,USD,transfer,mobile,DE,SG,True,,
T-001815,2025-03-06 21:45:00.000000,C-N0093,C-N0085,11298.25,USD,deposit,atm,SG,FR,True,,
T-001816,2025-03-31 01:23:00.000000,C-N0027,C-N0128,4902.2,USD,withdrawal,atm,AU,AU,False,,
T-001817,2025-01-18 14:24:00.000000,C-N0196,C-N0059,163.7,USD,transfer,mobile,JP,JP,False,,
T-001818,2025-02-24 09:26:00.000000,C-LAY06,C-N0173,9992.92,USD,transfer,mobile,CA,AU,True,,
T-001819,2025-01-28 00:36:00.000000,C-N0035,C-N0158,10879.73,USD,transfer,mobile,AU,JP,True,,
T-001820,2025-01-23 15:25:00.000000,C-N0040,C-RCO03,11900.23,USD,withdrawal,branch,AU,SG,True,,
T-001821,2025-01-26 19:24:00.000000,C-N0070,C-N0177,11499.74,USD,deposit,online,FR,US,True,,
T-001822,2025-03-22 08:08:00.000000,C-N0076,C-N0003,8383.22,USD,deposit,atm,SG,US,True,,
T-001823,2025-03-13 11:34:00.000000,C-HUB03,C-N0189,1215.13,USD,deposit,online,GB,FR,True,,
T-001824,2025-02-11 15:16:00.000000,C-N0094,C-N0143,13899.19,USD,deposit,atm,US,GB,True,,
T-001825,2025-02-28 22:26:00.000000,C-LAY13,C-N0143,8680.25,USD,withdrawal,atm,JP,AU,True,,
T-001826,2025-02-03 07:39:00.000000,C-LAY11,C-N0092,12832.23,USD,transfer,mobile,JP,DE,True,,
T-001827,2025-02-26 20:29:00.000000,C-N0147,C-LAY01,1232.72,USD,withdrawal,branch,JP,GB,True,,
T-001828,2025-02-17 05:03:53.000443,C-HUB03,C-SMF17,7894.38,USD,transfer,online,US,US,False,True,smurfing
T-001829,2025-02-23 19:57:00.000000,C-N0145,C-RCO04,37664.26,USD,wire,wire,JP,US,True,True,rapid_cashout
T-001830,2025-02-03 23:52:00.000000,C-N0185,C-STR04,346.18,USD,transfer,mobile,DE,SG,True,,
T-001831,2025-03-09 04:19:00.000000,C-N0137,C-N0148,10914.29,USD,transfer,online,CA,FR,True,,
T-001832,2025-03-04 21:08:00.000000,C-N0034,C-N0159,6827.91,USD,withdrawal,atm,JP,GB,True,,
T-001833,2025-03-25 07:38:00.000000,C-STR09,C-N0080,11061.64,USD,withdrawal,atm,US,DE,True,,
T-001834,2025-02-14 23:09:00.000000,C-N0185,C-N0029,3464.65,USD,withdrawal,atm,GB,GB,False,,
T-001835,2025-02-06 05:39:00.000000,C-N0051,C-N0032,2145.73,USD,transfer,online,CA,SG,True,,
T-001836,2025-03-08 02:00:00.000000,C-STR05,C-N0112,608.71,USD,transfer,mobile,GB,FR,True,,
T-001837,2025-02-04 17:23:00.000000,C-RCO07,C-N0197,13488.09,USD,transfer,online,JP,SG,True,,
T-001838,2025-03-26 03:40:00.000000,C-N0062,C-N0160,2937.74,USD,deposit,atm,GB,SG,True,,
T-001839,2025-02-24 01:17:10.560156,C-RCO04,C-N0170,8808.44,USD,cash,branch,US,US,False,True,rapid_cashout
T-001840,2025-01-03 05:20:00.000000,C-N0145,C-N0074,9347.65,USD,transfer,mobile,SG,FR,True,,
T-001841,2025-03-27 09:08:00.000000,C-N0021,C-N0031,1282.3,USD,transfer,mobile,JP,JP,False,,
T-001842,2025-02-23 16:30:00.000000,C-N0176,C-SMF20,297.61,USD,deposit,branch,DE,GB,True,,
T-001843,2025-01-19 23:07:00.000000,C-LAY09,C-LAY09,1961.88,USD,withdrawal,branch,CA,US,True,,
T-001844,2025-01-02 19:42:00.000000,C-N0138,C-N0191,2059.06,USD,transfer,mobile,GB,CA,True,,
T-001845,2025-02-05 17:31:00.000000,C-N0116,C-N0119,2600.48,USD,transfer,online,JP,CA,True,,
T-001846,2025-02-16 04:02:00.000000,C-N0144,C-N0149,12464.71,USD,deposit,branch,CA,DE,True,,
T-001847,2025-02-04 13:29:00.000000,C-N0060,C-N0046,14367.43,USD,transfer,online,FR,AU,True,,
T-001848,2025-01-19 23:46:00.000000,C-N0031,C-SMF08,14607.14,USD,transfer,mobile,DE,JP,True,,
T-001849,2025-01-30 05:49:00.000000,C-N0023,C-SMF19,11169.81,USD,withdrawal,atm,AU,US,True,,
T-001850,2025-01-22 20:16:00.000000,C-N0082,C-N0011,1606.19,USD,transfer,mobile,JP,CA,True,,
T-001851,2025-01-29 19:45:00.000000,C-N0077,C-N0076,14395.8,USD,transfer,online,GB,JP,True,,
T-001852,2025-03-21 07:48:00.000000,C-N0165,C-LAY22,14558.85,USD,transfer,mobile,JP,AU,True,,
T-001853,2025-03-01 21:31:00.000000,C-N0068,C-N0184,7172.77,USD,transfer,mobile,SG,JP,True,,
T-001854,2025-03-21 10:19:00.000000,C-N0081,C-N0141,14886.23,USD,transfer,online,SG,JP,True,,
T-001855,2025-01-04 07:20:00.000000,C-N0023,C-N0122,4197.07,USD,withdrawal,atm,CA,AU,True,,
T-001856,2025-02-16 13:01:51.316917,C-HUB01,C-SMF02,7446.6,USD,transfer,online,US,US,False,True,smurfing
T-001857,2025-02-22 18:04:28.522635,C-RCO03,C-RCO08,13820.68,USD,cash,branch,US,US,False,True,rapid_cashout
T-001858,2025-03-24 03:43:00.000000,C-STR02,C-N0109,4809.43,USD,transfer,online,JP,DE,True,,
T-001859,2025-03-16 02:05:00.000000,C-STR02,C-SMF11,333.76,USD,deposit,atm,DE,SG,True,,
T-001860,2025-03-28 10:43:00.000000,C-SMF16,C-N0091,11246.97,USD,transfer,mobile,DE,FR,True,,
T-001861,2025-02-08 03:25:00.000000,C-N0157,C-N0141,4567.07,USD,transfer,mobile,CA,SG,True,,
T-001862,2025-02-22 03:52:00.000000,C-SMF13,C-N0018,3051.88,USD,withdrawal,branch,JP,DE,True,,
T-001863,2025-03-10 14:55:00.000000,C-HUB02,C-LAY14,5327.27,USD,deposit,online,SG,GB,True,,
T-001864,2025-02-24 07:53:00.000000,C-STR04,C-N0172,12840.85,USD,transfer,online,JP,DE,True,,
T-001865,2025-02-16 04:43:57.675871,C-HUB01,C-SMF07,8229.44,USD,transfer,online,US,US,False,True,smurfing
T-001866,2025-02-27 21:11:00.000000,C-SMF13,C-N0150,13792.65,USD,withdrawal,atm,AU,DE,True,,
T-001867,2025-01-21 16:48:00.000000,C-N0155,C-N0013,2011.34,USD,withdrawal,branch,JP,JP,False,,
T-001868,2025-02-17 02:06:00.000000,C-N0057,C-N0050,1650.47,USD,deposit,branch,US,CA,True,,
T-001869,2025-02-14 00:26:00.000000,C-STR04,C-LAY05,5572.55,USD,transfer,online,AU,JP,True,,
T-001870,2025-03-21 12:01:00.000000,C-N0167,C-N0044,9945.98,USD,withdrawal,atm,FR,SG,True,,
T-001871,2025-01-26 20:41:00.000000,C-N0039,C-N0110,8898.38,USD,deposit,atm,GB,GB,False,,
T-001872,2025-03-18 07:11:00.000000,C-N0118,C-N0170,6636.1,USD,transfer,online,GB,JP,True,,
T-001873,2025-02-16 03:22:29.327327,C-HUB03,C-SMF18,7342.72,USD,transfer,online,US,US,False,True,smurfing
T-001874,2025-03-16 01:14:00.000000,C-LAY15,C-N0022,451.26,USD,transfer,mobile,SG,CA,True,,
T-001875,2025-01-17 08:00:00.000000,C-SMF14,C-N0143,6154.8,USD,transfer,online,SG,AU,True,,
T-001876,2025-02-16 06:00:00.000000,C-N0099,C-N0165,12981.02,USD,deposit,branch,CA,CA,False,,
T-001877,2025-02-23 07:04:00.000000,C-LAY13,C-N0059,14340.46,USD,transfer,mobile,DE,FR,True,,
T-001878,2025-01-20 16:13:00.000000,C-N0050,C-N0019,3185.96,USD,withdrawal,atm,CA,AU,True,,
T-001879,2025-03-23 19:32:00.000000,C-N0022,C-SMF18,1597.35,USD,withdrawal,branch,US,SG,True,,
T-001880,2025-03-12 16:39:00.000000,C-N0091,C-N0081,8910.96,USD,transfer,online,CA,SG,True,,
T-001881,2025-02-18 06:42:00.000000,C-STR03,C-N0186,9857.59,USD,cash,branch,US,US,False,True,structuring
T-001882,2025-02-18 00:29:00.000000,C-LAY06,C-N0104,13379.22,USD,withdrawal,atm,JP,FR,True,,
T-001883,2025-03-28 07:22:00.000000,C-N0026,C-N0128,1034.42,USD,withdrawal,atm,FR,CA,True,,
T-001884,2025-02-15 22:08:00.000000,C-STR03,C-N0010,3041.86,USD,transfer,mobile,GB,US,True,,
T-001885,2025-03-20 07:32:00.000000,C-N0007,C-N0175,889.69,USD,deposit,branch,GB,GB,False,,
T-001886,2025-02-20 05:28:00.000000,C-N0127,C-N0143,7223.06,USD,withdrawal,branch,SG,AU,True,,
T-001887,2025-02-16 16:31:00.000000,C-N0073,C-N0121,9491.05,USD,transfer,mobile,US,FR,True,,
T-001888,2025-01-11 21:16:00.000000,C-N0093,C-N0022,3009.37,USD,deposit,atm,SG,CA,True,,
T-001889,2025-03-23 14:01:00.000000,C-STR02,C-N0135,9703.02,USD,cash,atm,US,US,False,True,structuring
T-001890,2025-02-19 05:37:00.000000,C-N0083,C-N0039,9129.4,USD,deposit,atm,JP,DE,True,,
T-001891,2025-03-21 16:29:00.000000,C-SMF02,C-N0080,3298.18,USD,deposit,atm,US,AU,True,,
T-001892,2025-02-23 20:18:00.000000,C-N0052,C-N0111,11672.07,USD,transfer,mobile,GB,SG,True,,
T-001893,2025-01-18 06:00:00.000000,C-N0096,C-N0151,6197.31,USD,deposit,online,JP,FR,True,,
T-001894,2025-02-19 13:11:00.000000,C-N0192,C-N0131,8780.24,USD,withdrawal,branch,AU,CA,True,,
T-001895,2025-01-04 07:39:00.000000,C-N0120,C-N0037,10534.39,USD,withdrawal,atm,US,CA,True,,
T-001896,2025-03-03 14:44:00.000000,C-STR07,C-N0114,3877.7,USD,deposit,atm,AU,SG,True,,
T-001897,2025-01-14 15:50:00.000000,C-N0178,C-SMF15,532.38,USD,transfer,mobile,FR,JP,True,,
T-001898,2025-03-01 14:52:00.000000,C-N0032,C-SMF10,10525.85,USD,withdrawal,branch,AU,JP,True,,
T-001899,2025-03-20 14:43:00.000000,C-STR05,C-N0138,9124.75,USD,transfer,atm,US,US,False,True,structuring
T-001900,2025-02-14 21:34:00.000000,C-LAY24,C-N0154,8347.46,USD,transfer,mobile,GB,DE,True,,
T-001901,2025-03-31 06:22:00.000000,C-N0048,C-N0078,14756.33,USD,deposit,atm,DE,FR,True,,
T-001902,2025-01-28 05:56:00.000000,C-N0168,C-N0079,9948.29,USD,deposit,branch,CA,FR,True,,
T-001903,2025-02-22 20:24:00.000000,C-N0098,C-N0117,4899.3,USD,deposit,online,SG,SG,False,,
T-001904,2025-01-31 12:16:00.000000,C-STR06,C-N0094,9505.61,USD,cash,atm,US,US,False,True,structuring
T-001905,2025-02-15 04:23:00.000000,C-N0148,C-N0092,429.67,USD,transfer,online,JP,AU,True,,
T-001906,2025-01-08 22:25:00.000000,C-N0045,C-LAY01,11512.5,USD,deposit,branch,AU,US,True,,
T-001907,2025-01-02 06:33:00.000000,C-N0092,C-N0155,9586.15,USD,withdrawal,atm,FR,DE,True,,
T-001908,2025-03-04 17:56:00.000000,C-N0125,C-N0053,9939.74,USD,transfer,online,AU,JP,True,,
T-001909,2025-02-01 14:43:00.000000,C-N0196,C-N0023,12496.23,USD,deposit,atm,US,CA,True,,
T-001910,2025-01-29 22:19:00.000000,C-N0078,C-N0019,4729.59,USD,transfer,online,SG,SG,False,,
T-001911,2025-03-15 01:38:00.000000,C-N0089,C-N0032,7125.47,USD,transfer,mobile,SG,AU,True,,
T-001912,2025-02-05 03:28:00.000000,C-STR06,C-SMF17,5737.7,USD,withdrawal,atm,SG,FR,True,,
T-001913,2025-03-01 05:11:00.000000,C-N0113,C-N0034,6195.9,USD,transfer,online,GB,CA,True,,
T-001914,2025-03-28 04:41:00.000000,C-N0103,C-N0097,11871.1,USD,deposit,atm,FR,CA,True,,
T-001915,2025-02-19 07:38:00.000000,C-STR04,C-N0028,7803.43,USD,withdrawal,atm,SG,SG,False,,
T-001916,2025-01-19 15:18:00.000000,C-N0152,C-N0062,14175.88,USD,deposit,branch,GB,JP,True,,
T-001917,2025-01-03 01:44:00.000000,C-N0197,C-N0195,359.7,USD,transfer,mobile,AU,AU,False,,
T-001918,2025-01-14 20:29:00.000000,C-N0154,C-SMF09,5649.31,USD,deposit,branch,US,DE,True,,
T-001919,2025-03-10 16:50:00.000000,C-N0038,C-SMF14,2041.59,USD,deposit,branch,SG,JP,True,,
T-001920,2025-03-30 14:16:00.000000,C-STR01,C-N0154,14855.2,USD,withdrawal,branch,JP,SG,True,,
T-001921,2025-02-28 08:29:00.000000,C-N0194,C-LAY12,5168.39,USD,transfer,mobile,US,GB,True,,
T-001922,2025-01-14 10:32:00.000000,C-SMF17,C-N0065,6558.26,USD,deposit,atm,CA,SG,True,,
T-001923,2025-01-22 19:47:00.000000,C-N0074,C-SMF03,11009.57,USD,withdrawal,atm,DE,JP,True,,
T-001924,2025-01-21 15:43:00.000000,C-N0019,C-N0107,5987.86,USD,transfer,online,AU,DE,True,,
T-001925,2025-03-28 09:13:00.000000,C-SMF19,C-SMF17,14901.51,USD,deposit,online,US,DE,True,,
T-001926,2025-03-30 19:08:00.000000,C-LAY07,C-RCO07,9600.15,USD,deposit,online,US,JP,True,,
T-001927,2025-02-04 16:01:00.000000,C-LAY25,C-N0060,5495.11,USD,withdrawal,atm,US,CA,True,,
T-001928,2025-01-10 15:09:00.000000,C-SMF08,C-N0092,12237.46,USD,deposit,online,CA,FR,True,,
T-001929,2025-03-12 08:14:00.000000,C-N0066,C-N0165,13363.83,USD,withdrawal,atm,SG,SG,False,,
T-001930,2025-01-16 18:04:00.000000,C-N0003,C-N0134,12053.99,USD,deposit,online,AU,GB,True,,
T-001931,2025-01-18 19:43:00.000000,C-N0096,C-N0069,3054.07,USD,withdrawal,atm,CA,DE,True,,
T-001932,2025-02-21 07:47:00.000000,C-N0163,C-N0154,12722.17,USD,transfer,online,US,JP,True,,
T-001933,2025-02-23 20:08:00.000000,C-LAY08,C-LAY09,319136.28,USD,wire,wire,GB,AU,True,True,layering
T-001934,2025-03-08 08:44:00.000000,C-N0059,C-LAY08,7578.31,USD,withdrawal,atm,AU,FR,True,,
T-001935,2025-03-21 14:18:00.000000,C-N0048,C-N0119,5118.36,USD,withdrawal,atm,SG,DE,True,,
T-001936,2025-03-10 12:38:00.000000,C-STR09,C-N0058,11445.99,USD,transfer,online,DE,SG,True,,
T-001937,2025-02-02 22:10:00.000000,C-LAY05,C-N0077,5981.94,USD,withdrawal,branch,SG,GB,True,,
T-001938,2025-01-28 17:24:00.000000,C-N0027,C-SMF02,102.82,USD,transfer,online,DE,CA,True,,
T-001939,2025-01-04 22:42:00.000000,C-N0070,C-N0103,14356.87,USD,transfer,mobile,US,US,False,,
T-001940,2025-01-11 06:25:00.000000,C-N0130,C-LAY08,2280.5,USD,deposit,atm,US,DE,True,,
T-001941,2025-02-16 13:12:00.000000,C-N0178,C-RCO06,11582.88,USD,transfer,online,FR,GB,True,,
T-001942,2025-01-06 12:21:00.000000,C-N0152,C-SMF23,5531.3,USD,transfer,online,GB,CA,True,,
T-001943,2025-03-01 06:34:00.000000,C-N0084,C-N0192,2650.74,USD,transfer,mobile,AU,JP,True,,
T-001944,2025-03-03 22:56:17.916872,C-HUB02,C-SMF09,8936.92,USD,transfer,online,US,US,False,True,smurfing
T-001945,2025-01-29 18:39:00.000000,C-N0076,C-N0133,7819.34,USD,deposit,branch,AU,FR,True,,
T-001946,2025-01-06 18:48:00.000000,C-N0064,C-N0142,192.12,USD,deposit,online,SG,GB,True,,
T-001947,2025-03-10 00:06:00.000000,C-N0033,C-LAY04,8223.23,USD,transfer,online,FR,US,True,,
T-001948,2025-01-15 01:39:00.000000,C-N0016,C-LAY06,10175.47,USD,withdrawal,branch,DE,FR,True,,
T-001949,2025-01-25 00:40:00.000000,C-N0029,C-N0103,3099.81,USD,withdrawal,branch,US,FR,True,,
T-001950,2025-02-21 23:52:00.000000,C-STR03,C-N0186,9902.64,USD,transfer,atm,US,US,False,True,structuring
T-001951,2025-01-22 09:52:00.000000,C-N0079,C-N0083,2808.22,USD,deposit,atm,FR,AU,True,,
T-001952,2025-02-10 04:38:00.000000,C-N0061,C-N0118,2453.03,USD,withdrawal,atm,AU,US,True,,
T-001953,2025-03-23 18:27:00.000000,C-STR02,C-N0135,9400.8,USD,transfer,atm,US,US,False,True,structuring
T-001954,2025-03-09 20:58:00.000000,C-N0039,C-N0073,258.08,USD,withdrawal,branch,GB,JP,True,,
T-001955,2025-02-26 08:08:00.000000,C-N0160,C-N0033,12615.59,USD,deposit,branch,US,AU,True,,
T-001956,2025-03-23 12:21:00.000000,C-N0163,C-N0087,1021.08,USD,transfer,mobile,JP,US,True,,
T-001957,2025-02-17 00:33:00.000000,C-N0151,C-N0139,12052.07,USD,transfer,online,FR,CA,True,,
T-001958,2025-03-04 14:20:00.963011,C-HUB02,C-SMF11,8427.28,USD,transfer,online,US,US,False,True,smurfing
T-001959,2025-01-17 08:15:00.000000,C-N0037,C-LAY04,11579.82,USD,transfer,online,CA,JP,True,,
T-001960,2025-02-27 05:02:00.000000,C-LAY04,C-N0023,3654.83,USD,transfer,mobile,GB,AU,True,,
T-001961,2025-01-05 09:06:00.000000,C-N0111,C-N0181,6492.37,USD,transfer,mobile,US,GB,True,,
T-001962,2025-01-05 11:12:00.000000,C-N0010,C-N0078,10742.18,USD,deposit,branch,FR,DE,True,,
T-001963,2025-03-19 08:58:00.000000,C-N0088,C-N0168,7199.85,USD,transfer,online,DE,JP,True,,
T-001964,2025-03-06 03:04:00.000000,C-LAY19,C-N0053,5014.1,USD,withdrawal,atm,JP,DE,True,,
T-001965,2025-03-13 04:36:00.000000,C-N0095,C-SMF15,8658.35,USD,withdrawal,branch,FR,AU,True,,
T-001966,2025-02-02 23:50:00.000000,C-N0118,C-N0138,12696.24,USD,transfer,online,CA,CA,False,,
T-001967,2025-01-29 00:34:00.000000,C-N0088,C-N0037,7087.5,USD,transfer,online,DE,US,True,,
T-001968,2025-01-07 14:12:00.000000,C-N0020,C-N0045,5851.09,USD,withdrawal,atm,FR,JP,True,,
T-001969,2025-01-03 05:33:00.000000,C-N0060,C-N0158,9141.86,USD,withdrawal,branch,AU,US,True,,
T-001970,2025-02-27 09:57:00.000000,C-N0006,C-N0112,4691.78,USD,transfer,mobile,CA,DE,True,,
T-001971,2025-02-09 07:57:00.000000,C-N0012,C-N0175,1763.94,USD,transfer,mobile,FR,GB,True,,
T-001972,2025-03-13 22:51:00.000000,C-N0100,C-SMF01,2492.7,USD,withdrawal,branch,US,GB,True,,
T-001973,2025-01-21 20:27:00.000000,C-LAY02,C-LAY04,10509.24,USD,withdrawal,branch,JP,DE,True,,
T-001974,2025-02-17 11:18:00.000000,C-N0196,C-LAY21,13118.05,USD,withdrawal,atm,US,SG,True,,
T-001975,2025-02-16 07:34:15.071662,C-HUB03,C-SMF21,7768.7,USD,transfer,online,US,US,False,True,smurfing
T-001976,2025-01-13 03:50:00.000000,C-N0140,C-SMF15,7250.69,USD,withdrawal,branch,FR,AU,True,,
T-001977,2025-02-07 22:48:00.000000,C-LAY17,C-SMF09,10021.33,USD,deposit,atm,AU,JP,True,,
T-001978,2025-03-27 15:59:00.000000,C-LAY05,C-N0047,5567.51,USD,deposit,online,DE,SG,True,,
T-001979,2025-03-06 10:38:00.000000,C-STR10,C-N0103,8993.5,USD,cash,branch,US,US,False,True,structuring
T-001980,2025-03-13 10:23:00.000000,C-N0081,C-N0090,442.95,USD,withdrawal,atm,CA,SG,True,,
T-001981,2025-01-13 15:43:00.000000,C-STR03,C-RCO07,5664.88,USD,transfer,online,DE,FR,True,,
T-001982,2025-01-08 15:02:00.000000,C-LAY15,C-N0102,11553.24,USD,withdrawal,atm,US,DE,True,,
T-001983,2025-03-04 22:20:12.165018,C-HUB02,C-SMF16,8676.31,USD,transfer,online,US,US,False,True,smurfing
T-001984,2025-03-01 05:56:00.000000,C-N0191,C-N0194,6350.05,USD,deposit,atm,US,DE,True,,
T-001985,2025-03-05 09:52:00.000000,C-N0186,C-N0099,13003.93,USD,deposit,online,GB,CA,True,,
T-001986,2025-02-22 09:14:58.142319,C-RCO03,C-N0083,13820.68,USD,cash,branch,US,US,False,True,rapid_cashout
T-001987,2025-01-03 06:37:00.000000,C-N0041,C-N0196,4488.99,USD,withdrawal,branch,CA,CA,False,,
T-001988,2025-03-26 02:51:00.000000,C-N0100,C-N0079,13522.5,USD,transfer,online,SG,SG,False,,
T-001989,2025-03-26 04:45:00.000000,C-N0066,C-N0015,12029.55,USD,transfer,mobile,FR,JP,True,,
T-001990,2025-03-24 23:42:00.000000,C-N0008,C-N0024,9910.93,USD,withdrawal,atm,US,CA,True,,
T-001991,2025-02-05 21:32:00.000000,C-N0196,C-N0048,2485.96,USD,withdrawal,branch,US,CA,True,,
T-001992,2025-03-13 02:26:00.000000,C-N0027,C-N0164,7166.74,USD,deposit,branch,SG,GB,True,,
T-001993,2025-01-17 05:35:00.000000,C-N0097,C-SMF02,13614.56,USD,withdrawal,branch,CA,SG,True,,
T-001994,2025-03-25 12:34:00.000000,C-N0038,C-N0184,5752.13,USD,deposit,atm,FR,SG,True,,
T-001995,2025-02-11 14:16:00.000000,C-LAY23,C-N0023,12843.81,USD,deposit,online,AU,JP,True,,
T-001996,2025-02-09 22:56:00.000000,C-N0193,C-N0014,3019.63,USD,withdrawal,atm,SG,JP,True,,
T-001997,2025-02-25 12:17:00.000000,C-SMF23,C-N0176,10032.89,USD,transfer,mobile,AU,DE,True,,
T-001998,2025-01-19 06:47:00.000000,C-N0014,C-N0190,13774.03,USD,transfer,online,SG,FR,True,,
T-001999,2025-03-26 23:11:00.000000,C-N0017,C-N0081,8597.88,USD,transfer,online,GB,AU,True,,
T-002000,2025-02-27 01:06:00.000000,C-N0091,C-N0087,10494.56,USD,transfer,online,AU,FR,True,,
T-002001,2025-01-27 11:21:00.000000,C-N0052,C-N0091,6637.84,USD,transfer,online,FR,DE,True,,
T-002002,2025-03-20 22:52:00.000000,C-N0132,C-N0045,11971.86,USD,transfer,mobile,CA,DE,True,,
