ref_no,event_ts,debit_acct,credit_acct,txn_value,ccy,activity_code,channel_cd,orig_ctry,dest_ctry,aml_flag,typology
T-000001,2025-04-12 17:56:00.000000,ACC-N0183,ACC-N0025,8929.53,USD,WD,BRN,FR,US,,
T-000002,2025-03-22 23:33:00.000000,ACC-N0123,ACC-N0035,14835.69,USD,WD,BRN,US,US,,
T-000003,2025-04-05 12:23:00.000000,ACC-N0087,ACC-STR03,3590.87,USD,DEP,BRN,US,DE,,
T-000004,2025-05-17 13:40:00.000000,ACC-LAY15,ACC-N0056,8907.63,USD,XFER,MOB,JP,GB,,
T-000005,2025-03-12 18:09:00.000000,ACC-N0190,ACC-N0121,1029.59,USD,WD,BRN,DE,US,,
T-000006,2025-04-08 20:42:00.000000,ACC-STR05,ACC-LAY04,2451.04,USD,WD,ATM,CA,US,,
T-000007,2025-04-27 12:38:00.000000,ACC-N0044,ACC-N0082,10222.31,USD,WD,BRN,SG,DE,,
T-000008,2025-04-24 00:31:00.000000,ACC-N0021,ACC-N0208,4691.58,USD,XFER,ONL,JP,SG,,
T-000009,2025-04-30 18:14:00.000000,ACC-SMF10,ACC-LAY04,5379.48,USD,XFER,ONL,FR,SG,,
T-000010,2025-05-18 11:22:00.000000,ACC-N0131,ACC-N0197,7471.06,USD,XFER,MOB,GB,AU,,
T-000011,2025-03-26 13:11:00.000000,ACC-STR11,ACC-N0088,9306.09,USD,CSH,ATM,US,US,Y,STRUCTURING
T-000012,2025-04-11 12:59:00.000000,ACC-STR12,ACC-N0107,8814.21,USD,XFER,BRN,US,US,Y,STRUCTURING
T-000013,2025-05-07 02:51:00.000000,ACC-RCO03,ACC-N0099,3251.58,USD,XFER,MOB,DE,US,,
T-000014,2025-03-26 16:33:00.000000,ACC-RCO07,ACC-LAY12,14341.42,USD,XFER,MOB,JP,JP,,
T-000015,2025-03-16 10:23:00.000000,ACC-N0191,ACC-LAY17,453.98,USD,XFER,ONL,SG,AU,,
T-000016,2025-04-18 20:51:00.000000,ACC-N0143,ACC-N0138,5156.66,USD,XFER,ONL,FR,SG,,
T-000017,2025-04-21 02:07:00.000000,ACC-N0060,ACC-N0044,1030.47,USD,DEP,ONL,DE,JP,,
T-000018,2025-05-15 03:44:00.000000,ACC-N0153,ACC-N0094,4818.39,USD,XFER,MOB,US,AU,,
T-000019,2025-04-18 20:13:00.000000,ACC-N0153,ACC-SMF17,6559.21,USD,WD,ATM,FR,US,,
T-000020,2025-03-02 19:06:00.000000,ACC-N0047,ACC-RCO02,56384.52,USD,WIRE,WR,AU,US,Y,RAPID_CASHOUT
T-000021,2025-04-16 05:33:00.000000,ACC-LAY21,ACC-N0180,11698.11,USD,WD,BRN,JP,JP,,
T-000022,2025-03-17 01:45:00.000000,ACC-LAY05,ACC-N0125,6396.69,USD,DEP,ONL,JP,GB,,
T-000023,2025-03-07 14:47:00.000000,ACC-N0182,ACC-SMF08,7175.36,USD,DEP,ATM,CA,US,,
T-000024,2025-04-17 22:55:00.000000,ACC-STR09,ACC-N0035,8989.96,USD,CSH,BRN,US,US,Y,STRUCTURING
T-000025,2025-05-15 22:07:00.000000,ACC-N0004,ACC-N0138,14680.19,USD,DEP,BRN,AU,JP,,
T-000026,2025-04-14 10:02:00.000000,ACC-N0073,ACC-N0052,10431.18,USD,WD,BRN,CA,DE,,
T-000027,2025-03-24 06:55:00.000000,ACC-STR01,ACC-STR10,13477.95,USD,XFER,MOB,CA,FR,,
T-000028,2025-05-11 20:29:20.349521,ACC-HUB04,ACC-SMF24,7783.78,USD,XFER,ONL,US,US,Y,SMURFING
T-000029,2025-05-25 22:19:00.000000,ACC-N0164,ACC-STR11,7650.83,USD,DEP,ATM,SG,AU,,
T-000030,2025-03-24 07:19:00.000000,ACC-N0167,ACC-LAY01,9653.54,USD,XFER,MOB,DE,AU,,
T-000031,2025-05-03 00:52:00.000000,ACC-HUB01,ACC-N0133,9077.5,USD,WD,BRN,US,AU,,
T-000032,2025-03-23 09:06:00.000000,ACC-N0015,ACC-RCO04,13054.15,USD,DEP,BRN,CA,JP,,
T-000033,2025-03-16 08:18:00.000000,ACC-STR10,ACC-N0106,13172.02,USD,XFER,MOB,FR,JP,,
T-000034,2025-03-09 21:38:00.000000,ACC-STR08,ACC-N0112,8921.81,USD,XFER,BRN,US,US,Y,STRUCTURING
T-000035,2025-04-15 18:00:00.000000,ACC-N0171,ACC-STR10,12496.83,USD,WD,BRN,FR,GB,,
T-000036,2025-03-25 13:59:00.000000,ACC-N0041,ACC-N0161,1212.82,USD,DEP,ATM,GB,GB,,
T-000037,2025-03-14 15:06:00.000000,ACC-N0064,ACC-N0190,972.18,USD,XFER,MOB,SG,CA,,
T-000038,2025-04-05 00:39:00.000000,ACC-N0117,ACC-N0007,5716.82,USD,XFER,ONL,SG,US,,
T-000039,2025-05-11 04:11:00.000000,ACC-LAY05,ACC-LAY06,270575.65,USD,WIRE,WR,US,DE,Y,LAYERING
T-000040,2025-04-21 05:34:00.000000,ACC-N0110,ACC-STR06,2172.3,USD,DEP,ATM,FR,US,,
T-000041,2025-04-22 22:38:00.000000,ACC-N0123,ACC-LAY12,9582.83,USD,DEP,BRN,US,CA,,
T-000042,2025-05-24 14:17:00.000000,ACC-SMF14,ACC-N0061,14010.96,USD,WD,ATM,AU,FR,,
T-000043,2025-05-18 18:56:00.000000,ACC-N0042,ACC-N0083,8785.94,USD,WD,BRN,AU,US,,
T-000044,2025-03-28 16:29:00.000000,ACC-N0213,ACC-N0087,265.94,USD,WD,BRN,DE,US,,
T-000045,2025-03-03 05:18:16.056483,ACC-RCO02,ACC-N0084,12738.92,USD,CSH,BRN,US,US,Y,RAPID_CASHOUT
T-000046,2025-05-18 20:22:10.841114,ACC-HUB01,ACC-SMF06,8668.67,USD,XFER,ONL,US,US,Y,SMURFING
T-000047,2025-04-03 23:14:07.087618,ACC-RCO03,ACC-N0218,3931.17,USD,CSH,BRN,US,US,Y,RAPID_CASHOUT
T-000048,2025-05-27 12:24:00.000000,ACC-STR04,ACC-LAY19,8814.29,USD,CSH,ATM,US,US,Y,STRUCTURING
T-000049,2025-03-04 02:00:00.000000,ACC-N0182,ACC-RCO04,2423.19,USD,XFER,MOB,GB,SG,,
T-000050,2025-05-18 04:17:00.000000,ACC-N0105,ACC-N0144,12786.24,USD,XFER,ONL,GB,FR,,
T-000051,2025-04-19 01:53:00.000000,ACC-N0183,ACC-N0139,6173.18,USD,XFER,MOB,AU,GB,,
T-000052,2025-04-16 22:39:00.000000,ACC-N0156,ACC-N0088,11962.52,USD,WD,BRN,DE,US,,
T-000053,2025-03-31 08:22:25.802236,ACC-HUB03,ACC-SMF18,8001.4,USD,XFER,ONL,US,US,Y,SMURFING
T-000054,2025-04-02 23:32:00.000000,ACC-STR07,ACC-N0081,9031.25,USD,XFER,ATM,US,US,Y,STRUCTURING
T-000055,2025-04-03 23:31:00.000000,ACC-N0174,ACC-N0198,12029.75,USD,XFER,MOB,CA,SG,,
T-000056,2025-03-09 16:49:00.000000,ACC-SMF07,ACC-LAY21,12661.02,USD,XFER,ONL,GB,FR,,
T-000057,2025-03-01 10:21:00.000000,ACC-N0055,ACC-N0043,10984.36,USD,DEP,BRN,GB,DE,,
T-000058,2025-04-10 07:28:00.000000,ACC-N0132,ACC-N0046,2683.36,USD,WD,BRN,SG,JP,,
T-000059,2025-03-25 21:05:00.000000,ACC-N0014,ACC-N0031,112.04,USD,DEP,ATM,JP,FR,,
T-000060,2025-05-24 05:14:00.000000,ACC-STR04,ACC-LAY19,9119.61,USD,CSH,ATM,US,US,Y,STRUCTURING
T-000061,2025-05-11 09:42:00.000000,ACC-N0176,ACC-N0105,1315.25,USD,XFER,ONL,AU,DE,,
T-000062,2025-04-18 08:22:00.000000,ACC-N0071,ACC-N0088,944.53,USD,WD,BRN,DE,CA,,
T-000063,2025-04-19 13:57:00.000000,ACC-N0038,ACC-N0128,5929.35,USD,XFER,MOB,SG,DE,,
T-000064,2025-05-07 20:42:15.363589,ACC-RCO09,ACC-N0030,5692.37,USD,CSH,ATM,US,US,Y,RAPID_CASHOUT
T-000065,2025-05-29 13:51:00.000000,ACC-RCO02,ACC-N0122,14805.13,USD,XFER,ONL,CA,AU,,
T-000066,2025-03-01 04:36:00.000000,ACC-N0114,ACC-N0170,11975.92,USD,DEP,BRN,JP,AU,,
T-000067,2025-05-11 23:35:00.000000,ACC-N0011,ACC-N0132,13509.79,USD,XFER,ONL,US,US,,
T-000068,2025-03-28 21:06:00.000000,ACC-N0018,ACC-LAY13,5720.32,USD,XFER,ONL,DE,AU,,
T-000069,2025-05-02 10:14:00.000000,ACC-LAY21,ACC-N0078,7885.59,USD,DEP,ATM,CA,DE,,
T-000070,2025-04-17 12:23:00.000000,ACC-STR09,ACC-N0035,9062.56,USD,CSH,ATM,US,US,Y,STRUCTURING
T-000071,2025-03-12 03:24:00.000000,ACC-N0214,ACC-N0109,2610.23,USD,WD,ATM,CA,DE,,
T-000072,2025-05-18 10:20:00.000000,ACC-N0028,ACC-HUB01,62677.53,USD,WIRE,WR,US,US,Y,SMURFING
T-000073,2025-03-05 07:51:00.000000,ACC-N0035,ACC-N0179,8299.9,USD,WD,BRN,SG,AU,,
T-000074,2025-03-21 01:38:00.000000,ACC-SMF01,ACC-LAY21,9049.04,USD,DEP,ATM,FR,US,,
T-000075,2025-05-02 23:36:00.000000,ACC-N0081,ACC-STR10,4245.17,USD,XFER,ONL,SG,GB,,
T-000076,2025-05-24 21:21:00.000000,ACC-N0167,ACC-LAY24,8382.88,USD,WD,BRN,DE,AU,,
T-000077,2025-03-16 04:21:00.000000,ACC-STR07,ACC-N0193,13106.74,USD,XFER,MOB,JP,GB,,
T-000078,2025-05-01 07:23:00.000000,ACC-N0152,ACC-STR11,14133.34,USD,WD,ATM,GB,SG,,
T-000079,2025-05-21 08:33:00.000000,ACC-N0066,ACC-N0105,1329.76,USD,WD,ATM,AU,AU,,
T-000080,2025-04-04 10:49:00.000000,ACC-N0159,ACC-N0112,1299.78,USD,XFER,ONL,CA,GB,,
T-000081,2025-03-25 00:24:00.000000,ACC-LAY19,ACC-LAY20,362439.85,USD,WIRE,WR,GB,FR,Y,LAYERING
T-000082,2025-03-17 11:10:00.000000,ACC-N0152,ACC-N0155,9504.81,USD,XFER,MOB,SG,CA,,
T-000083,2025-03-03 08:55:00.000000,ACC-N0046,ACC-STR04,5968.32,USD,DEP,ONL,US,JP,,
T-000084,2025-03-10 13:41:00.000000,ACC-N0206,ACC-RCO09,1106.81,USD,DEP,ONL,SG,US,,
T-000085,2025-05-15 08:00:00.000000,ACC-N0215,ACC-LAY10,5683.39,USD,XFER,ONL,US,AU,,
T-000086,2025-04-11 12:48:00.000000,ACC-N0109,ACC-N0078,4779.86,USD,WD,BRN,GB,SG,,
T-000087,2025-05-20 14:21:00.000000,ACC-N0144,ACC-N0063,4814.71,USD,XFER,MOB,SG,DE,,
T-000088,2025-03-21 11:29:00.000000,ACC-LAY22,ACC-N0180,14827.63,USD,DEP,BRN,AU,SG,,
T-000089,2025-04-23 19:34:00.000000,ACC-STR04,ACC-HUB01,8004.13,USD,WD,BRN,CA,SG,,
T-000090,2025-03-28 22:37:00.000000,ACC-SMF02,ACC-STR07,14056.63,USD,XFER,ONL,SG,GB,,
T-000091,2025-03-07 14:26:00.000000,ACC-N0186,ACC-RCO08,38614.47,USD,WIRE,WR,JP,US,Y,RAPID_CASHOUT
T-000092,2025-03-22 16:01:00.000000,ACC-N0087,ACC-N0196,12053.23,USD,XFER,MOB,GB,CA,,
T-000093,2025-03-29 11:37:00.000000,ACC-SMF12,ACC-N0177,11271.64,USD,XFER,MOB,DE,US,,
T-000094,2025-05-18 20:46:09.131104,ACC-HUB01,ACC-SMF04,7850.84,USD,XFER,ONL,US,US,Y,SMURFING
T-000095,2025-03-08 10:01:40.681222,ACC-RCO08,ACC-N0186,8711.93,USD,CSH,BRN,US,US,Y,RAPID_CASHOUT
T-000096,2025-03-01 08:40:00.000000,ACC-N0025,ACC-RCO03,10938.12,USD,WD,BRN,GB,SG,,
T-000097,2025-03-17 04:13:00.000000,ACC-LAY14,ACC-LAY15,121906.45,USD,WIRE,WR,AU,GB,Y,LAYERING
T-000098,2025-05-01 07:59:00.000000,ACC-N0078,ACC-N0047,4862.29,USD,XFER,ONL,JP,CA,,
T-000099,2025-04-16 06:39:00.000000,ACC-N0029,ACC-N0087,6678.97,USD,DEP,BRN,DE,US,,
T-000100,2025-04-03 19:05:00.000000,ACC-N0206,ACC-N0038,4536.03,USD,XFER,MOB,JP,FR,,
T-000101,2025-03-12 14:19:00.000000,ACC-N0170,ACC-RCO04,34556.99,USD,WIRE,WR,JP,US,Y,RAPID_CASHOUT
T-000102,2025-03-01 16:44:00.000000,ACC-N0172,ACC-N0071,6423.47,USD,WD,ATM,SG,CA,,
T-000103,2025-03-20 09:19:00.000000,ACC-LAY07,ACC-N0039,14393.31,USD,DEP,ONL,JP,DE,,
T-000104,2025-03-10 21:04:00.000000,ACC-N0203,ACC-N0185,6841.39,USD,DEP,BRN,JP,DE,,
T-000105,2025-05-05 13:17:00.000000,ACC-SMF15,ACC-SMF18,3238.93,USD,XFER,MOB,CA,FR,,
T-000106,2025-04-18 18:52:00.000000,ACC-N0189,ACC-N0085,8711.37,USD,XFER,MOB,GB,US,,
T-000107,2025-03-23 22:34:00.000000,ACC-N0212,ACC-N0070,1368.83,USD,XFER,MOB,AU,GB,,
T-000108,2025-03-27 00:53:00.000000,ACC-N0052,ACC-N0175,2411.74,USD,WD,ATM,US,US,,
T-000109,2025-04-21 16:30:00.000000,ACC-N0181,ACC-N0088,11733.86,USD,XFER,MOB,JP,AU,,
T-000110,2025-05-18 02:23:00.000000,ACC-RCO03,ACC-N0215,3086.58,USD,XFER,MOB,FR,AU,,
T-000111,2025-05-14 05:49:00.000000,ACC-N0094,ACC-N0181,2813.9,USD,XFER,MOB,DE,DE,,
T-000112,2025-03-06 00:05:00.000000,ACC-N0206,ACC-N0202,4082.29,USD,WD,ATM,GB,GB,,
T-000113,2025-04-04 01:27:51.674389,ACC-RCO03,ACC-N0107,3931.17,USD,CSH,ATM,US,US,Y,RAPID_CASHOUT
T-000114,2025-04-13 07:24:00.000000,ACC-N0104,ACC-N0184,14846.43,USD,WD,ATM,AU,AU,,
T-000115,2025-04-17 23:54:00.000000,ACC-N0089,ACC-N0021,5063.43,USD,WD,BRN,SG,US,,
T-000116,2025-04-30 10:57:00.000000,ACC-STR07,ACC-RCO06,32180.65,USD,WIRE,WR,GB,US,Y,RAPID_CASHOUT
T-000117,2025-04-18 10:36:00.000000,ACC-N0012,ACC-N0030,11816.4,USD,XFER,MOB,US,SG,,
T-000118,2025-05-27 09:10:00.000000,ACC-N0121,ACC-N0193,14790.73,USD,XFER,ONL,US,JP,,
T-000119,2025-05-07 16:32:00.000000,ACC-N0005,ACC-N0218,1418.3,USD,XFER,MOB,US,CA,,
T-000120,2025-04-25 09:37:00.000000,ACC-LAY22,ACC-N0201,4854.19,USD,XFER,MOB,SG,SG,,
T-000121,2025-04-27 13:09:00.000000,ACC-N0196,ACC-N0057,13619.2,USD,XFER,MOB,CA,AU,,
T-000122,2025-04-23 11:24:00.000000,ACC-LAY09,ACC-N0108,5897.39,USD,WD,BRN,FR,AU,,
T-000123,2025-04-09 13:28:00.000000,ACC-N0028,ACC-N0023,3586.93,USD,DEP,ONL,FR,AU,,
T-000124,2025-05-12 01:02:00.000000,ACC-N0064,ACC-N0057,9617.13,USD,WD,ATM,US,SG,,
T-000125,2025-03-18 04:11:00.000000,ACC-N0171,ACC-LAY21,14496.11,USD,XFER,ONL,JP,DE,,
T-000126,2025-03-31 07:00:00.000000,ACC-N0120,ACC-N0055,2774.78,USD,DEP,BRN,US,JP,,
T-000127,2025-05-09 19:08:00.000000,ACC-N0104,ACC-N0120,8291.12,USD,XFER,ONL,DE,DE,,
T-000128,2025-04-12 12:59:00.000000,ACC-N0009,ACC-N0133,8830.72,USD,XFER,MOB,US,GB,,
T-000129,2025-03-28 23:59:00.000000,ACC-STR07,ACC-N0110,8005.45,USD,XFER,MOB,SG,CA,,
T-000130,2025-05-19 19:01:04.420027,ACC-HUB01,ACC-SMF06,9343.13,USD,XFER,ONL,US,US,Y,SMURFING
T-000131,2025-04-17 06:21:00.000000,ACC-N0039,ACC-N0154,1175.88,USD,XFER,ONL,AU,US,,
T-000132,2025-03-08 09:48:00.000000,ACC-N0052,ACC-N0191,8728.69,USD,XFER,ONL,GB,US,,
T-000133,2025-05-21 16:30:00.000000,ACC-N0119,ACC-N0013,8516.18,USD,XFER,MOB,FR,JP,,
T-000134,2025-05-29 18:09:00.000000,ACC-HUB01,ACC-N0142,10634.99,USD,XFER,ONL,FR,JP,,
T-000135,2025-03-04 14:09:00.000000,ACC-N0184,ACC-LAY12,10102.13,USD,XFER,MOB,US,DE,,
T-000136,2025-04-21 05:09:00.000000,ACC-N0177,ACC-N0092,6613.7,USD,WD,BRN,JP,US,,
T-000137,2025-05-04 20:17:00.000000,ACC-LAY23,ACC-N0216,3898.59,USD,DEP,ATM,GB,FR,,
T-000138,2025-05-10 17:54:53.302653,ACC-HUB04,ACC-SMF21,7627.49,USD,XFER,ONL,US,US,Y,SMURFING
T-000139,2025-03-13 05:17:45.390472,ACC-RCO04,ACC-N0106,8433.8,USD,CSH,ATM,US,US,Y,RAPID_CASHOUT
T-000140,2025-04-15 23:09:00.000000,ACC-SMF02,ACC-N0185,9295.71,USD,WD,BRN,AU,CA,,
T-000141,2025-03-30 00:00:00.000000,ACC-N0094,ACC-N0109,3360.71,USD,WD,BRN,FR,SG,,
T-000142,2025-03-02 11:19:43.801651,ACC-HUB02,ACC-SMF12,8435.04,USD,XFER,ONL,US,US,Y,SMURFING
T-000143,2025-03-23 10:18:00.000000,ACC-STR11,ACC-N0088,9502.83,USD,CSH,ATM,US,US,Y,STRUCTURING
T-000144,2025-05-09 06:25:00.000000,ACC-N0107,ACC-N0201,13605.77,USD,WD,ATM,US,FR,,
T-000145,2025-03-17 16:13:00.000000,ACC-LAY15,ACC-LAY16,124738.37,USD,WIRE,WR,GB,SG,Y,LAYERING
T-000146,2025-04-30 18:14:00.000000,ACC-N0037,ACC-SMF06,3729.84,USD,XFER,ONL,DE,DE,,
T-000147,2025-03-01 18:44:00.000000,ACC-N0028,ACC-SMF11,13222.95,USD,WD,BRN,US,GB,,
T-000148,2025-04-17 09:14:00.000000,ACC-N0081,ACC-N0166,12863.92,USD,XFER,MOB,CA,US,,
T-000149,2025-03-11 11:39:00.000000,ACC-N0067,ACC-LAY21,1479.36,USD,DEP,ONL,DE,CA,,
T-000150,2025-04-21 01:00:00.000000,ACC-N0076,ACC-N0058,4333.04,USD,XFER,ONL,FR,GB,,
T-000151,2025-03-22 20:47:00.000000,ACC-N0031,ACC-N0118,8378.85,USD,XFER,ONL,AU,SG,,
T-000152,2025-03-27 09:52:00.000000,ACC-N0002,ACC-N0067,13783.2,USD,XFER,ONL,SG,JP,,
T-000153,2025-03-21 17:54:00.000000,ACC-N0152,ACC-N0216,526.7,USD,WD,ATM,GB,US,,
T-000154,2025-05-28 17:10:00.000000,ACC-SMF11,ACC-N0179,1637.3,USD,DEP,ATM,FR,DE,,
T-000155,2025-04-13 04:48:00.000000,ACC-N0052,ACC-N0014,10552.15,USD,XFER,MOB,DE,DE,,
T-000156,2025-03-21 06:16:00.000000,ACC-STR01,ACC-SMF24,9254.83,USD,CSH,BRN,US,US,Y,STRUCTURING
T-000157,2025-03-06 03:58:00.000000,ACC-N0018,ACC-N0002,11029.36,USD,WD,ATM,JP,SG,,
T-000158,2025-04-08 14:59:00.000000,ACC-N0093,ACC-N0099,10692.01,USD,XFER,MOB,SG,DE,,
T-000159,2025-04-30 19:35:00.000000,ACC-SMF11,ACC-N0077,8884.87,USD,WD,BRN,DE,US,,
T-000160,2025-05-26 14:50:00.000000,ACC-SMF14,ACC-N0100,8390.53,USD,DEP,ONL,JP,CA,,
T-000161,2025-04-05 22:30:00.000000,ACC-N0050,ACC-STR04,5517.0,USD,DEP,ONL,DE,DE,,
T-000162,2025-05-23 09:15:00.000000,ACC-N0044,ACC-N0197,1393.28,USD,DEP,BRN,DE,AU,,
T-000163,2025-04-09 14:02:00.000000,ACC-N0219,ACC-LAY05,9032.08,USD,WD,BRN,DE,CA,,
T-000164,2025-05-01 13:46:00.000000,ACC-N0160,ACC-N0135,14044.47,USD,DEP,ONL,US,US,,
T-000165,2025-03-19 12:28:00.000000,ACC-LAY15,ACC-N0013,3484.71,USD,DEP,ONL,CA,CA,,
T-000166,2025-03-20 23:06:00.000000,ACC-N0175,ACC-N0047,2524.24,USD,XFER,ONL,AU,JP,,
T-000167,2025-05-14 16:26:00.000000,ACC-N0082,ACC-N0201,5274.12,USD,XFER,MOB,AU,US,,
T-000168,2025-04-26 15:12:00.000000,ACC-N0068,ACC-N0093,13993.38,USD,DEP,ATM,DE,US,,
T-000169,2025-04-26 21:37:00.000000,ACC-LAY07,ACC-N0204,11705.27,USD,DEP,ONL,SG,SG,,
T-000170,2025-05-23 22:04:00.000000,ACC-N0210,ACC-STR06,613.25,USD,XFER,ONL,GB,JP,,
T-000171,2025-03-10 12:08:00.000000,ACC-STR04,ACC-LAY08,10319.63,USD,DEP,ATM,DE,AU,,
T-000172,2025-03-14 01:25:00.000000,ACC-N0070,ACC-N0006,5394.65,USD,DEP,ATM,AU,FR,,
T-000173,2025-04-13 00:13:00.000000,ACC-N0109,ACC-LAY13,13793.55,USD,WD,BRN,AU,AU,,
T-000174,2025-03-13 22:17:00.000000,ACC-SMF09,ACC-LAY17,2318.26,USD,XFER,MOB,US,SG,,
T-000175,2025-04-30 15:08:00.000000,ACC-N0015,ACC-N0059,14641.99,USD,XFER,ONL,CA,CA,,
T-000176,2025-03-11 20:17:00.000000,ACC-N0042,ACC-SMF07,12242.26,USD,DEP,BRN,CA,JP,,
T-000177,2025-03-16 12:39:00.000000,ACC-STR10,ACC-N0204,9430.67,USD,CSH,BRN,US,US,Y,STRUCTURING
T-000178,2025-03-06 09:00:00.000000,ACC-SMF05,ACC-N0075,13890.43,USD,XFER,MOB,CA,AU,,
T-000179,2025-04-25 10:26:00.000000,ACC-N0175,ACC-N0016,8117.51,USD,WD,ATM,SG,FR,,
T-000180,2025-05-06 14:40:00.000000,ACC-N0045,ACC-N0199,6133.54,USD,XFER,ONL,GB,JP,,
T-000181,2025-04-19 19:09:00.000000,ACC-N0028,ACC-N0068,5686.81,USD,XFER,MOB,AU,CA,,
T-000182,2025-04-03 11:33:00.000000,ACC-STR07,ACC-N0081,8833.52,USD,XFER,BRN,US,US,Y,STRUCTURING
T-000183,2025-05-28 15:36:00.000000,ACC-N0099,ACC-LAY18,8546.59,USD,WD,BRN,US,SG,,
T-000184,2025-04-26 23:06:00.000000,ACC-SMF24,ACC-N0090,9618.33,USD,DEP,ONL,FR,US,,
T-000185,2025-04-03 07:13:00.000000,ACC-N0071,ACC-N0086,6670.58,USD,XFER,MOB,DE,CA,,
T-000186,2025-05-01 11:53:00.000000,ACC-N0209,ACC-N0062,2497.55,USD,XFER,MOB,US,CA,,
T-000187,2025-03-30 04:35:00.000000,ACC-N0187,ACC-N0206,14938.49,USD,DEP,ONL,AU,JP,,
T-000188,2025-03-27 14:28:00.000000,ACC-N0139,ACC-N0083,12085.41,USD,WD,ATM,GB,JP,,
T-000189,2025-04-15 19:16:00.000000,ACC-LAY05,ACC-N0010,6516.42,USD,XFER,ONL,US,SG,,
T-000190,2025-05-19 00:12:00.000000,ACC-N0169,ACC-N0066,3790.01,USD,XFER,MOB,DE,AU,,
T-000191,2025-04-26 21:45:00.000000,ACC-N0197,ACC-N0062,9561.95,USD,DEP,BRN,US,DE,,
T-000192,2025-03-09 03:36:00.000000,ACC-N0200,ACC-N0178,11124.75,USD,DEP,ATM,DE,CA,,
T-000193,2025-03-24 21:27:00.000000,ACC-RCO06,ACC-LAY18,5160.57,USD,XFER,MOB,FR,AU,,
T-000194,2025-04-23 08:00:00.000000,ACC-N0028,ACC-N0100,4363.32,USD,XFER,ONL,JP,SG,,
T-000195,2025-05-03 18:17:00.000000,ACC-N0043,ACC-STR04,8806.35,USD,XFER,ONL,GB,CA,,
T-000196,2025-05-23 18:49:00.000000,ACC-N0049,ACC-N0214,1361.92,USD,DEP,BRN,GB,CA,,
T-000197,2025-05-05 09:23:00.000000,ACC-RCO01,ACC-N0026,3391.11,USD,WD,ATM,AU,FR,,
T-000198,2025-04-30 17:27:00.000000,ACC-STR05,ACC-N0048,9438.39,USD,CSH,BRN,US,US,Y,STRUCTURING
T-000199,2025-03-06 09:37:00.000000,ACC-N0125,ACC-N0107,13614.03,USD,XFER,ONL,AU,CA,,
T-000200,2025-03-13 16:44:00.000000,ACC-N0015,ACC-N0048,3681.86,USD,DEP,BRN,AU,FR,,
T-000201,2025-05-26 11:09:00.000000,ACC-STR04,ACC-LAY19,9903.66,USD,XFER,ATM,US,US,Y,STRUCTURING
T-000202,2025-05-23 16:33:00.000000,ACC-N0128,ACC-N0212,11224.46,USD,XFER,MOB,GB,SG,,
T-000203,2025-03-27 03:48:00.000000,ACC-N0072,ACC-STR06,7288.95,USD,XFER,MOB,US,JP,,
T-000204,2025-04-06 09:17:00.000000,ACC-N0189,ACC-N0113,4543.28,USD,DEP,ATM,FR,AU,,
T-000205,2025-04-21 02:35:03.709582,ACC-RCO05,ACC-N0024,9954.17,USD,CSH,ATM,US,US,Y,RAPID_CASHOUT
T-000206,2025-03-03 10:39:00.000000,ACC-N0179,ACC-N0167,12658.57,USD,XFER,ONL,US,GB,,
T-000207,2025-04-28 15:34:00.000000,ACC-N0146,ACC-SMF04,9632.14,USD,XFER,MOB,DE,SG,,
T-000208,2025-05-03 11:22:00.000000,ACC-N0168,ACC-N0203,4022.13,USD,XFER,MOB,DE,CA,,
T-000209,2025-03-24 12:24:00.000000,ACC-LAY18,ACC-LAY19,363777.57,USD,WIRE,WR,JP,GB,Y,LAYERING
T-000210,2025-04-02 21:46:00.000000,ACC-N0152,ACC-STR01,3336.93,USD,DEP,ATM,CA,US,,
T-000211,2025-03-22 09:07:00.000000,ACC-N0128,ACC-N0105,14454.76,USD,XFER,MOB,US,US,,
T-000212,2025-04-14 18:22:00.000000,ACC-N0173,ACC-N0129,1094.64,USD,XFER,ONL,SG,AU,,
T-000213,2025-05-06 14:08:00.000000,ACC-N0120,ACC-N0180,14462.95,USD,XFER,ONL,SG,SG,,
T-000214,2025-03-02 12:55:00.000000,ACC-N0009,ACC-N0193,1002.86,USD,WD,ATM,AU,SG,,
T-000215,2025-04-25 03:55:00.000000,ACC-N0210,ACC-N0135,3079.44,USD,XFER,ONL,US,DE,,
T-000216,2025-03-21 23:25:00.000000,ACC-N0088,ACC-N0150,1740.24,USD,XFER,ONL,FR,CA,,
T-000217,2025-04-16 07:22:00.000000,ACC-N0022,ACC-N0139,4753.32,USD,XFER,ONL,AU,JP,,
T-000218,2025-03-01 08:55:00.000000,ACC-N0044,ACC-N0129,14432.99,USD,DEP,ONL,SG,JP,,
T-000219,2025-03-27 00:15:00.000000,ACC-N0002,ACC-RCO04,11356.4,USD,XFER,MOB,AU,AU,,
T-000220,2025-05-24 11:33:00.000000,ACC-N0138,ACC-N0185,1237.53,USD,XFER,ONL,SG,US,,
T-000221,2025-05-26 00:46:00.000000,ACC-STR02,ACC-N0085,6888.98,USD,WD,BRN,FR,GB,,
T-000222,2025-03-20 17:24:00.000000,ACC-N0130,ACC-N0026,1475.34,USD,XFER,MOB,DE,US,,
T-000223,2025-04-23 04:37:00.000000,ACC-N0107,ACC-N0035,760.94,USD,XFER,MOB,GB,US,,
T-000224,2025-03-11 09:42:00.000000,ACC-LAY02,ACC-N0061,1914.82,USD,WD,BRN,CA,CA,,
T-000225,2025-03-04 06:48:00.000000,ACC-N0193,ACC-N0169,8988.87,USD,XFER,MOB,US,CA,,
T-000226,2025-04-22 20:43:00.000000,ACC-N0100,ACC-N0147,1802.63,USD,WD,ATM,AU,CA,,
T-000227,2025-03-19 10:13:00.000000,ACC-N0179,ACC-RCO02,105.8,USD,WD,BRN,CA,GB,,
T-000228,2025-03-08 20:22:00.000000,ACC-N0211,ACC-SMF11,5970.85,USD,DEP,ATM,US,DE,,
T-000229,2025-04-05 17:11:00.000000,ACC-STR07,ACC-N0081,9398.2,USD,CSH,ATM,US,US,Y,STRUCTURING
T-000230,2025-04-06 21:48:00.000000,ACC-N0211,ACC-N0137,13264.77,USD,XFER,MOB,US,SG,,
T-000231,2025-03-29 14:51:00.000000,ACC-N0061,ACC-N0131,11540.5,USD,XFER,ONL,FR,FR,,
T-000232,2025-05-25 13:41:00.000000,ACC-N0035,ACC-HUB04,9137.27,USD,XFER,MOB,US,AU,,
T-000233,2025-04-29 09:16:00.000000,ACC-STR05,ACC-N0048,9405.23,USD,XFER,ATM,US,US,Y,STRUCTURING
T-000234,2025-03-28 09:20:00.000000,ACC-N0123,ACC-N0154,8681.29,USD,DEP,BRN,AU,AU,,
T-000235,2025-03-07 17:49:00.000000,ACC-N0203,ACC-STR10,320.4,USD,WD,BRN,JP,CA,,
T-000236,2025-03-25 08:07:00.000000,ACC-N0133,ACC-N0183,6053.79,USD,XFER,MOB,SG,CA,,
T-000237,2025-04-05 23:27:00.000000,ACC-N0132,ACC-N0133,2389.82,USD,WD,ATM,GB,AU,,
T-000238,2025-03-15 02:03:00.000000,ACC-N0204,ACC-LAY09,14156.86,USD,XFER,ONL,CA,FR,,
T-000239,2025-05-06 07:51:00.000000,ACC-STR03,ACC-N0005,9583.94,USD,CSH,BRN,US,US,Y,STRUCTURING
T-000240,2025-05-29 07:34:00.000000,ACC-N0108,ACC-N0147,12789.63,USD,DEP,ONL,AU,GB,,
T-000241,2025-04-12 18:54:00.000000,ACC-N0089,ACC-N0069,3645.55,USD,WD,BRN,GB,CA,,
T-000242,2025-05-29 01:44:00.000000,ACC-N0163,ACC-N0005,6475.57,USD,XFER,MOB,CA,JP,,
T-000243,2025-04-21 04:33:00.000000,ACC-SMF11,ACC-N0179,10037.44,USD,XFER,MOB,CA,CA,,
T-000244,2025-05-13 12:59:00.000000,ACC-N0054,ACC-N0004,5176.47,USD,XFER,MOB,JP,US,,
T-000245,2025-05-24 18:00:00.000000,ACC-N0101,ACC-STR09,11784.33,USD,XFER,ONL,AU,SG,,
T-000246,2025-05-09 16:48:00.000000,ACC-N0010,ACC-N0114,1962.51,USD,XFER,ONL,GB,SG,,
T-000247,2025-05-20 07:15:00.000000,ACC-N0107,ACC-N0077,909.06,USD,XFER,ONL,AU,JP,,
T-000248,2025-03-30 19:33:00.000000,ACC-N0096,ACC-N0219,173.17,USD,XFER,MOB,AU,AU,,
T-000249,2025-03-17 18:08:00.000000,ACC-N0054,ACC-RCO01,65811.92,USD,WIRE,WR,DE,US,Y,RAPID_CASHOUT
T-000250,2025-05-02 04:10:00.000000,ACC-STR04,ACC-SMF01,2541.25,USD,XFER,ONL,GB,FR,,
T-000251,2025-03-02 05:13:51.137343,ACC-HUB02,ACC-SMF09,9210.1,USD,XFER,ONL,US,US,Y,SMURFING
T-000252,2025-05-11 10:05:00.000000,ACC-LAY21,ACC-N0135,8930.91,USD,XFER,MOB,CA,SG,,
T-000253,2025-04-26 23:10:00.000000,ACC-N0004,ACC-N0187,4769.91,USD,WD,BRN,JP,CA,,
T-000254,2025-03-13 17:08:00.000000,ACC-N0178,ACC-HUB02,8624.97,USD,DEP,ATM,CA,FR,,
T-000255,2025-05-15 11:01:00.000000,ACC-N0139,ACC-N0136,10290.92,USD,XFER,MOB,CA,FR,,
T-000256,2025-04-17 02:27:00.000000,ACC-RCO07,ACC-N0006,14968.5,USD,WD,ATM,AU,DE,,
T-000257,2025-03-14 22:11:29.538723,ACC-RCO07,ACC-N0158,18801.44,USD,CSH,ATM,US,US,Y,RAPID_CASHOUT
T-000258,2025-03-29 19:46:00.000000,ACC-N0018,ACC-HUB03,117196.23,USD,WIRE,WR,US,US,Y,SMURFING
T-000259,2025-03-19 05:28:00.000000,ACC-N0008,ACC-STR11,2377.16,USD,XFER,ONL,US,CA,,
T-000260,2025-05-26 13:17:00.000000,ACC-N0163,ACC-N0160,7362.79,USD,XFER,MOB,JP,DE,,
T-000261,2025-05-20 17:38:00.000000,ACC-SMF18,ACC-N0041,12214.13,USD,DEP,ONL,GB,CA,,
T-000262,2025-04-01 12:13:00.000000,ACC-RCO09,ACC-N0160,3012.3,USD,DEP,ONL,GB,AU,,
T-000263,2025-03-13 00:31:00.000000,ACC-N0157,ACC-N0160,9498.45,USD,XFER,MOB,US,AU,,
T-000264,2025-03-21 14:14:00.000000,ACC-N0089,ACC-STR02,1135.06,USD,WD,ATM,CA,CA,,
T-000265,2025-04-25 18:02:00.000000,ACC-N0144,ACC-N0097,12449.04,USD,DEP,BRN,AU,US,,
T-000266,2025-03-30 09:37:17.602271,ACC-HUB03,ACC-SMF15,7277.69,USD,XFER,ONL,US,US,Y,SMURFING
T-000267,2025-05-14 22:10:00.000000,ACC-STR03,ACC-STR05,551.87,USD,XFER,ONL,US,DE,,
T-000268,2025-04-25 06:46:00.000000,ACC-N0153,ACC-N0211,13348.53,USD,WD,ATM,JP,JP,,
T-000269,2025-03-20 11:49:00.000000,ACC-LAY07,ACC-N0059,9098.22,USD,DEP,ONL,CA,JP,,
T-000270,2025-04-09 11:53:00.000000,ACC-N0162,ACC-N0012,13201.07,USD,DEP,ONL,US,SG,,
T-000271,2025-03-04 23:34:00.000000,ACC-N0122,ACC-RCO04,2662.07,USD,XFER,ONL,US,AU,,
T-000272,2025-04-21 08:42:00.000000,ACC-N0001,ACC-N0061,3639.41,USD,WD,BRN,GB,CA,,
T-000273,2025-05-21 23:17:00.000000,ACC-N0135,ACC-N0064,13815.86,USD,XFER,ONL,US,SG,,
T-000274,2025-05-15 16:05:00.000000,ACC-N0211,ACC-N0155,11286.37,USD,XFER,ONL,SG,CA,,
T-000275,2025-03-12 22:38:00.000000,ACC-LAY15,ACC-N0036,12951.73,USD,DEP,ONL,AU,AU,,
T-000276,2025-05-27 15:56:00.000000,ACC-N0164,ACC-N0078,13061.47,USD,XFER,MOB,FR,GB,,
T-000277,2025-05-12 05:41:00.000000,ACC-N0115,ACC-N0130,179.08,USD,XFER,MOB,JP,SG,,
T-000278,2025-05-25 14:26:00.000000,ACC-N0130,ACC-N0125,6976.36,USD,DEP,BRN,AU,DE,,
T-000279,2025-05-03 20:46:00.000000,ACC-SMF17,ACC-N0079,6300.73,USD,DEP,BRN,CA,FR,,
T-000280,2025-04-14 23:50:00.000000,ACC-N0200,ACC-N0103,12619.57,USD,XFER,ONL,AU,US,,
T-000281,2025-03-09 19:43:00.000000,ACC-N0060,ACC-N0157,3893.47,USD,WD,BRN,DE,US,,
T-000282,2025-03-18 05:02:00.000000,ACC-N0198,ACC-N0164,14114.57,USD,WD,BRN,JP,US,,
T-000283,2025-04-03 16:02:00.000000,ACC-N0045,ACC-N0073,8134.46,USD,XFER,ONL,CA,GB,,
T-000284,2025-05-18 23:18:00.000000,ACC-N0206,ACC-N0159,14124.03,USD,DEP,ONL,AU,SG,,
T-000285,2025-05-25 22:52:00.000000,ACC-LAY14,ACC-N0164,542.21,USD,XFER,MOB,GB,FR,,
T-000286,2025-05-06 11:09:00.000000,ACC-STR11,ACC-N0140,14103.67,USD,DEP,ONL,US,CA,,
T-000287,2025-05-08 14:39:00.000000,ACC-N0085,ACC-N0073,10331.49,USD,DEP,ONL,US,AU,,
T-000288,2025-05-14 23:13:00.000000,ACC-N0198,ACC-SMF11,1290.19,USD,DEP,BRN,CA,FR,,
T-000289,2025-04-07 12:47:00.000000,ACC-STR07,ACC-N0081,9670.78,USD,XFER,ATM,US,US,Y,STRUCTURING
T-000290,2025-03-07 22:46:25.460351,ACC-RCO08,ACC-N0032,8711.93,USD,CSH,ATM,US,US,Y,RAPID_CASHOUT
T-000291,2025-04-30 03:41:00.000000,ACC-STR03,ACC-N0005,9793.89,USD,XFER,BRN,US,US,Y,STRUCTURING
T-000292,2025-03-25 19:03:00.000000,ACC-N0088,ACC-N0140,11164.19,USD,XFER,ONL,AU,GB,,
T-000293,2025-04-08 12:52:00.000000,ACC-N0096,ACC-SMF17,11733.1,USD,XFER,MOB,FR,JP,,
T-000294,2025-05-13 06:30:00.000000,ACC-N0039,ACC-N0054,6046.8,USD,DEP,BRN,GB,CA,,
T-000295,2025-05-20 10:17:00.000000,ACC-N0200,ACC-N0140,5744.43,USD,XFER,ONL,JP,SG,,
T-000296,2025-05-19 21:14:00.000000,ACC-N0023,ACC-N0034,3925.06,USD,DEP,BRN,JP,US,,
T-000297,2025-03-28 08:21:00.000000,ACC-N0136,ACC-N0026,4048.9,USD,XFER,ONL,GB,FR,,
T-000298,2025-03-18 22:39:00.000000,ACC-RCO07,ACC-N0075,1113.83,USD,XFER,MOB,JP,FR,,
T-000299,2025-03-20 20:28:00.000000,ACC-STR01,ACC-SMF24,9847.13,USD,XFER,BRN,US,US,Y,STRUCTURING
T-000300,2025-05-10 14:10:00.000000,ACC-N0099,ACC-N0138,13422.03,USD,DEP,ONL,JP,JP,,
T-000301,2025-04-25 00:07:00.000000,ACC-N0143,ACC-N0114,9737.98,USD,DEP,ONL,SG,FR,,
T-000302,2025-03-18 06:13:00.000000,ACC-N0169,ACC-N0073,4974.55,USD,DEP,ONL,DE,SG,,
T-000303,2025-03-12 08:51:00.000000,ACC-LAY08,ACC-N0146,13665.06,USD,WD,BRN,FR,JP,,
T-000304,2025-03-22 18:06:00.000000,ACC-N0008,ACC-STR04,13349.66,USD,XFER,ONL,DE,JP,,
T-000305,2025-05-25 17:38:00.000000,ACC-SMF12,ACC-N0157,9918.37,USD,WD,BRN,AU,SG,,
T-000306,2025-03-10 08:37:00.000000,ACC-SMF05,ACC-N0215,2671.48,USD,WD,BRN,JP,JP,,
T-000307,2025-03-31 18:54:00.000000,ACC-N0184,ACC-N0112,2818.69,USD,XFER,ONL,US,SG,,
T-000308,2025-05-20 10:45:00.000000,ACC-N0162,ACC-N0195,1896.06,USD,XFER,MOB,CA,FR,,
T-000309,2025-04-21 22:59:00.000000,ACC-N0007,ACC-N0101,5776.96,USD,DEP,ONL,FR,SG,,
T-000310,2025-04-14 05:49:00.000000,ACC-LAY07,ACC-N0184,742.73,USD,WD,ATM,CA,JP,,
T-000311,2025-05-27 08:01:00.000000,ACC-N0017,ACC-N0008,3381.95,USD,DEP,ATM,GB,AU,,
T-000312,2025-04-19 04:27:00.000000,ACC-SMF06,ACC-N0137,641.21,USD,XFER,MOB,AU,US,,
T-000313,2025-03-19 04:33:00.000000,ACC-N0145,ACC-N0066,9666.94,USD,DEP,BRN,FR,GB,,
T-000314,2025-03-06 10:45:00.000000,ACC-N0098,ACC-LAY09,4394.43,USD,XFER,MOB,JP,AU,,
T-000315,2025-05-18 10:38:00.000000,ACC-N0176,ACC-N0047,10894.23,USD,DEP,ONL,DE,JP,,
T-000316,2025-05-28 13:12:00.000000,ACC-RCO10,ACC-N0006,358.72,USD,DEP,ONL,FR,CA,,
T-000317,2025-03-01 04:14:00.000000,ACC-N0082,ACC-N0065,2786.73,USD,DEP,ATM,US,DE,,
T-000318,2025-05-22 17:59:00.000000,ACC-LAY17,ACC-N0072,5897.79,USD,DEP,BRN,AU,AU,,
T-000319,2025-03-17 14:32:00.000000,ACC-N0022,ACC-N0156,4013.9,USD,XFER,MOB,FR,CA,,
T-000320,2025-05-13 11:50:00.000000,ACC-RCO02,ACC-N0072,13294.54,USD,XFER,MOB,SG,CA,,
T-000321,2025-03-31 14:35:00.000000,ACC-N0119,ACC-N0083,11095.8,USD,DEP,ATM,FR,DE,,
T-000322,2025-04-07 19:22:00.000000,ACC-N0156,ACC-N0048,5840.66,USD,XFER,MOB,AU,US,,
T-000323,2025-03-08 08:31:00.000000,ACC-N0176,ACC-N0080,3503.24,USD,XFER,MOB,CA,AU,,
T-000324,2025-05-18 20:43:00.000000,ACC-N0137,ACC-N0066,10574.45,USD,XFER,ONL,US,AU,,
T-000325,2025-04-08 23:14:00.000000,ACC-N0071,ACC-N0155,10682.62,USD,XFER,MOB,GB,FR,,
T-000326,2025-04-18 05:13:00.000000,ACC-SMF14,ACC-N0154,1863.51,USD,XFER,ONL,SG,CA,,
T-000327,2025-04-17 16:42:00.000000,ACC-N0163,ACC-N0027,14311.82,USD,DEP,BRN,FR,JP,,
T-000328,2025-05-12 10:04:00.000000,ACC-N0125,ACC-STR03,973.85,USD,WD,BRN,CA,GB,,
T-000329,2025-03-06 16:27:00.000000,ACC-STR09,ACC-N0035,11626.92,USD,DEP,BRN,FR,SG,,
T-000330,2025-05-07 04:30:00.000000,ACC-N0043,ACC-N0137,14477.99,USD,DEP,ATM,GB,FR,,
T-000331,2025-05-15 04:46:00.000000,ACC-N0039,ACC-N0140,6484.95,USD,DEP,ATM,CA,JP,,
T-000332,2025-04-14 11:25:00.000000,ACC-LAY06,ACC-LAY07,814.41,USD,XFER,MOB,SG,SG,,
T-000333,2025-03-17 16:33:00.000000,ACC-N0142,ACC-STR04,3273.51,USD,XFER,ONL,FR,AU,,
T-000334,2025-05-20 06:37:00.000000,ACC-N0007,ACC-N0011,12518.98,USD,DEP,ATM,AU,GB,,
T-000335,2025-04-21 02:12:00.000000,ACC-N0140,ACC-N0174,1978.56,USD,XFER,MOB,JP,US,,
T-000336,2025-03-18 15:33:00.000000,ACC-STR09,ACC-N0044,11889.89,USD,XFER,MOB,GB,CA,,
T-000337,2025-05-08 23:11:00.000000,ACC-N0031,ACC-N0027,7472.43,USD,XFER,MOB,CA,DE,,
T-000338,2025-04-29 00:03:00.000000,ACC-N0209,ACC-RCO02,10144.46,USD,WD,BRN,JP,JP,,
T-000339,2025-05-09 07:22:00.000000,ACC-N0192,ACC-LAY17,308.76,USD,XFER,ONL,SG,DE,,
T-000340,2025-05-16 22:29:00.000000,ACC-N0080,ACC-SMF17,8969.46,USD,XFER,MOB,GB,US,,
T-000341,2025-05-25 18:33:00.000000,ACC-N0141,ACC-N0037,14996.72,USD,XFER,MOB,JP,FR,,
T-000342,2025-03-03 11:30:00.000000,ACC-N0195,ACC-N0135,3461.63,USD,DEP,ATM,DE,JP,,
T-000343,2025-04-01 04:11:00.000000,ACC-N0097,ACC-SMF13,11875.82,USD,XFER,ONL,DE,DE,,
T-000344,2025-04-25 12:57:00.000000,ACC-N0059,ACC-SMF16,12303.94,USD,WD,BRN,DE,GB,,
T-000345,2025-04-20 16:45:00.000000,ACC-N0162,ACC-N0008,8322.62,USD,XFER,MOB,US,CA,,
T-000346,2025-04-24 23:40:00.000000,ACC-N0076,ACC-N0106,12513.97,USD,XFER,MOB,JP,DE,,
T-000347,2025-03-09 03:19:00.000000,ACC-N0015,ACC-N0097,3832.13,USD,XFER,MOB,AU,FR,,
T-000348,2025-03-29 21:04:00.000000,ACC-N0189,ACC-N0219,9742.94,USD,XFER,ONL,CA,GB,,
T-000349,2025-05-09 01:48:00.000000,ACC-N0128,ACC-N0087,12200.88,USD,WD,BRN,FR,SG,,
T-000350,2025-04-18 05:14:00.000000,ACC-N0005,ACC-N0085,9289.94,USD,DEP,ATM,JP,SG,,
T-000351,2025-05-01 07:57:00.000000,ACC-STR11,ACC-N0057,7471.09,USD,XFER,MOB,JP,FR,,
T-000352,2025-05-05 19:28:00.000000,ACC-N0164,ACC-RCO07,5009.59,USD,WD,BRN,CA,CA,,
T-000353,2025-03-31 06:41:00.000000,ACC-SMF21,ACC-N0176,9473.77,USD,XFER,ONL,GB,US,,
T-000354,2025-03-25 07:32:00.000000,ACC-HUB04,ACC-N0181,359.48,USD,WD,BRN,DE,AU,,
T-000355,2025-03-31 11:58:00.000000,ACC-N0143,ACC-N0207,1749.68,USD,DEP,ONL,US,SG,,
T-000356,2025-05-16 03:07:00.000000,ACC-N0003,ACC-SMF08,13596.97,USD,DEP,BRN,AU,CA,,
T-000357,2025-05-07 10:05:00.000000,ACC-N0192,ACC-N0082,12200.75,USD,XFER,ONL,CA,DE,,
T-000358,2025-03-05 04:38:00.000000,ACC-N0114,ACC-N0042,7386.0,USD,XFER,ONL,AU,CA,,
T-000359,2025-05-22 02:36:00.000000,ACC-N0099,ACC-N0031,7378.88,USD,XFER,MOB,SG,FR,,
T-000360,2025-05-18 02:36:00.000000,ACC-LAY18,ACC-N0137,7500.37,USD,WD,BRN,SG,US,,
T-000361,2025-03-08 15:02:00.000000,ACC-N0038,ACC-SMF03,12963.77,USD,XFER,MOB,AU,AU,,
T-000362,2025-03-13 03:20:00.000000,ACC-N0219,ACC-N0146,5097.45,USD,DEP,ATM,FR,GB,,
T-000363,2025-05-18 23:55:00.000000,ACC-N0135,ACC-N0113,7830.64,USD,WD,BRN,AU,FR,,
T-000364,2025-05-18 10:04:00.000000,ACC-N0101,ACC-N0053,7179.94,USD,WD,BRN,JP,DE,,
T-000365,2025-05-17 22:14:00.000000,ACC-N0125,ACC-N0101,7332.5,USD,DEP,ONL,GB,AU,,
T-000366,2025-04-04 04:25:00.000000,ACC-STR06,ACC-N0100,13375.37,USD,WD,ATM,FR,CA,,
T-000367,2025-04-01 19:04:00.000000,ACC-STR11,ACC-N0088,8500.66,USD,XFER,ONL,JP,AU,,
T-000368,2025-05-28 21:07:00.000000,ACC-N0094,ACC-HUB02,2061.34,USD,WD,ATM,CA,SG,,
T-000369,2025-03-03 13:59:11.372596,ACC-HUB02,ACC-SMF10,7547.62,USD,XFER,ONL,US,US,Y,SMURFING
T-000370,2025-05-19 17:09:00.000000,ACC-N0097,ACC-N0168,666.4,USD,WD,ATM,AU,CA,,
T-000371,2025-04-26 14:29:00.000000,ACC-SMF14,ACC-SMF08,9902.62,USD,WD,ATM,JP,AU,,
T-000372,2025-04-15 05:50:00.000000,ACC-N0015,ACC-N0152,1491.46,USD,XFER,MOB,CA,AU,,
T-000373,2025-03-19 13:05:00.000000,ACC-N0024,ACC-N0109,11069.0,USD,WD,BRN,GB,AU,,
T-000374,2025-05-22 23:20:00.000000,ACC-LAY24,ACC-N0182,11320.01,USD,XFER,MOB,SG,US,,
T-000375,2025-05-05 21:53:00.000000,ACC-SMF18,ACC-LAY03,9872.32,USD,WD,ATM,CA,DE,,
T-000376,2025-03-31 22:05:00.000000,ACC-N0109,ACC-N0114,1260.42,USD,XFER,MOB,GB,JP,,
T-000377,2025-03-13 03:36:00.000000,ACC-N0179,ACC-N0074,12397.06,USD,XFER,MOB,CA,US,,
T-000378,2025-04-09 16:38:00.000000,ACC-N0044,ACC-N0168,3411.94,USD,XFER,ONL,SG,DE,,
T-000379,2025-03-25 13:49:00.000000,ACC-N0027,ACC-N0046,5923.68,USD,XFER,ONL,DE,DE,,
T-000380,2025-05-06 08:27:00.000000,ACC-N0149,ACC-N0092,7913.92,USD,DEP,ATM,CA,SG,,
T-000381,2025-05-11 04:58:00.000000,ACC-RCO02,ACC-N0088,10104.7,USD,WD,ATM,GB,DE,,
T-000382,2025-03-26 16:03:00.000000,ACC-LAY18,ACC-HUB02,14383.28,USD,XFER,ONL,JP,CA,,
T-000383,2025-03-23 18:28:00.000000,ACC-N0179,ACC-N0135,558.01,USD,XFER,ONL,SG,US,,
T-000384,2025-05-01 10:40:00.000000,ACC-STR04,ACC-N0024,9718.48,USD,XFER,MOB,DE,SG,,
T-000385,2025-05-03 07:07:00.000000,ACC-SMF14,ACC-SMF18,9124.67,USD,DEP,BRN,CA,AU,,
T-000386,2025-03-11 10:25:00.000000,ACC-N0183,ACC-N0005,9049.49,USD,XFER,MOB,JP,FR,,
T-000387,2025-03-04 07:14:00.000000,ACC-N0191,ACC-N0199,1857.88,USD,XFER,ONL,DE,SG,,
T-000388,2025-03-26 23:55:00.000000,ACC-N0075,ACC-N0108,9370.12,USD,DEP,BRN,DE,JP,,
T-000389,2025-04-05 18:42:00.000000,ACC-STR12,ACC-N0018,3684.51,USD,XFER,MOB,US,CA,,
T-000390,2025-03-25 22:55:00.000000,ACC-LAY22,ACC-LAY23,265773.4,USD,WIRE,WR,GB,FR,Y,LAYERING
T-000391,2025-04-09 10:54:00.000000,ACC-N0162,ACC-N0135,6112.93,USD,XFER,MOB,JP,AU,,
T-000392,2025-05-17 04:24:00.000000,ACC-SMF04,ACC-N0154,7665.37,USD,XFER,MOB,CA,SG,,
T-000393,2025-03-04 19:02:00.000000,ACC-N0165,ACC-N0202,10959.62,USD,DEP,BRN,DE,JP,,
T-000394,2025-03-29 00:50:00.000000,ACC-N0193,ACC-LAY03,9710.53,USD,XFER,ONL,AU,GB,,
T-000395,2025-05-26 02:29:00.000000,ACC-N0097,ACC-N0071,14793.43,USD,XFER,ONL,GB,CA,,
T-000396,2025-03-27 08:02:00.000000,ACC-STR04,ACC-N0005,6134.15,USD,DEP,ATM,SG,FR,,
T-000397,2025-04-16 18:58:00.000000,ACC-N0062,ACC-N0208,8638.16,USD,DEP,BRN,US,FR,,
T-000398,2025-05-27 05:00:00.000000,ACC-STR04,ACC-SMF14,14454.2,USD,DEP,ATM,SG,SG,,
T-000399,2025-05-11 07:32:45.967412,ACC-HUB04,ACC-SMF21,8560.97,USD,XFER,ONL,US,US,Y,SMURFING
T-000400,2025-03-28 18:45:00.000000,ACC-N0114,ACC-N0071,5676.17,USD,WD,BRN,JP,CA,,
T-000401,2025-03-03 04:08:00.000000,ACC-N0016,ACC-LAY11,7445.28,USD,DEP,ONL,SG,US,,
T-000402,2025-03-09 08:47:00.000000,ACC-N0076,ACC-N0202,11138.84,USD,XFER,MOB,DE,CA,,
T-000403,2025-03-30 02:40:00.000000,ACC-N0162,ACC-LAY18,3972.57,USD,XFER,MOB,AU,CA,,
T-000404,2025-03-18 20:58:00.000000,ACC-N0179,ACC-SMF19,14137.68,USD,XFER,MOB,CA,GB,,
T-000405,2025-04-13 12:41:00.000000,ACC-N0168,ACC-N0027,8598.76,USD,XFER,ONL,SG,DE,,
T-000406,2025-05-05 02:50:00.000000,ACC-N0194,ACC-RCO08,3917.08,USD,DEP,ATM,AU,FR,,
T-000407,2025-04-14 16:12:00.000000,ACC-N0067,ACC-N0049,3784.84,USD,DEP,ONL,US,FR,,
T-000408,2025-03-11 08:45:00.000000,ACC-N0053,ACC-SMF21,7827.77,USD,WD,ATM,CA,US,,
T-000409,2025-03-17 15:24:00.000000,ACC-N0093,ACC-N0050,10509.46,USD,DEP,ONL,CA,AU,,
T-000410,2025-03-29 07:33:00.000000,ACC-LAY08,ACC-N0059,3420.51,USD,XFER,ONL,FR,GB,,
T-000411,2025-03-11 07:01:00.000000,ACC-N0005,ACC-N0005,9657.74,USD,XFER,ONL,GB,JP,,
T-000412,2025-05-10 03:10:00.000000,ACC-N0138,ACC-N0191,7064.01,USD,WD,BRN,JP,DE,,
T-000413,2025-04-28 05:04:00.000000,ACC-HUB04,ACC-N0003,7873.24,USD,WD,BRN,FR,AU,,
T-000414,2025-04-20 17:57:00.000000,ACC-N0001,ACC-RCO05,40766.68,USD,WIRE,WR,AU,US,Y,RAPID_CASHOUT
T-000415,2025-05-11 16:11:00.000000,ACC-LAY06,ACC-LAY07,283248.73,USD,WIRE,WR,DE,CA,Y,LAYERING
T-000416,2025-04-28 09:20:00.000000,ACC-N0104,ACC-N0102,12288.19,USD,DEP,ONL,FR,DE,,
T-000417,2025-05-02 23:51:00.000000,ACC-N0156,ACC-N0176,4567.55,USD,XFER,MOB,JP,CA,,
T-000418,2025-04-01 08:43:00.000000,ACC-N0172,ACC-SMF20,10024.65,USD,WD,ATM,GB,SG,,
T-000419,2025-04-04 02:57:00.000000,ACC-N0046,ACC-N0090,2722.67,USD,XFER,MOB,JP,JP,,
T-000420,2025-03-10 21:57:00.000000,ACC-N0091,ACC-N0010,5048.12,USD,XFER,ONL,AU,AU,,
T-000421,2025-03-15 23:01:00.000000,ACC-LAY09,ACC-N0190,6656.03,USD,XFER,MOB,FR,AU,,
T-000422,2025-03-31 19:00:00.000000,ACC-STR09,ACC-STR09,4164.88,USD,XFER,MOB,JP,GB,,
T-000423,2025-03-24 11:42:00.000000,ACC-N0145,ACC-N0117,14968.05,USD,DEP,BRN,AU,AU,,
T-000424,2025-03-24 18:48:00.000000,ACC-STR06,ACC-STR07,8563.9,USD,XFER,MOB,FR,GB,,
T-000425,2025-03-18 11:09:30.041544,ACC-RCO01,ACC-LAY14,14757.25,USD,CSH,BRN,US,US,Y,RAPID_CASHOUT
T-000426,2025-04-02 01:19:00.000000,ACC-LAY20,ACC-N0179,6518.4,USD,XFER,ONL,FR,GB,,
T-000427,2025-05-10 11:53:00.000000,ACC-N0048,ACC-HUB04,136651.21,USD,WIRE,WR,US,US,Y,SMURFING
T-000428,2025-05-05 16:50:00.000000,ACC-N0005,ACC-N0103,4833.91,USD,XFER,ONL,JP,CA,,
T-000429,2025-05-28 05:08:00.000000,ACC-N0069,ACC-N0075,8162.47,USD,XFER,ONL,SG,JP,,
T-000430,2025-04-30 15:16:00.000000,ACC-LAY10,ACC-N0044,4386.22,USD,XFER,ONL,SG,DE,,
T-000431,2025-04-03 16:20:00.000000,ACC-LAY05,ACC-N0124,6679.4,USD,WD,ATM,SG,CA,,
T-000432,2025-03-20 21:45:00.000000,ACC-N0073,ACC-N0096,11715.86,USD,DEP,ATM,SG,GB,,
T-000433,2025-05-05 21:21:00.000000,ACC-N0084,ACC-LAY20,14380.58,USD,XFER,ONL,FR,AU,,
T-000434,2025-04-13 23:02:00.000000,ACC-N0203,ACC-N0180,14635.08,USD,XFER,MOB,DE,JP,,
T-000435,2025-03-03 00:28:48.178338,ACC-RCO02,ACC-N0180,12738.92,USD,CSH,ATM,US,US,Y,RAPID_CASHOUT
T-000436,2025-04-05 14:07:00.000000,ACC-N0117,ACC-N0216,2876.88,USD,DEP,BRN,AU,SG,,
T-000437,2025-04-20 04:09:00.000000,ACC-N0084,ACC-SMF17,833.03,USD,DEP,BRN,FR,AU,,
T-000438,2025-05-19 20:40:00.000000,ACC-N0173,ACC-N0181,4643.78,USD,WD,ATM,GB,SG,,
T-000439,2025-03-16 11:33:00.000000,ACC-N0101,ACC-SMF08,12523.63,USD,XFER,MOB,US,SG,,
T-000440,2025-04-03 06:25:00.000000,ACC-STR07,ACC-N0081,9261.82,USD,CSH,ATM,US,US,Y,STRUCTURING
T-000441,2025-03-02 16:47:19.994944,ACC-HUB02,ACC-SMF10,8011.65,USD,XFER,ONL,US,US,Y,SMURFING
T-000442,2025-05-20 07:07:00.000000,ACC-N0083,ACC-N0200,4291.4,USD,DEP,ONL,CA,CA,,
T-000443,2025-03-24 09:17:00.000000,ACC-N0005,ACC-RCO06,11919.35,USD,XFER,ONL,DE,FR,,
T-000444,2025-04-24 08:27:00.000000,ACC-N0134,ACC-N0126,11844.5,USD,XFER,MOB,DE,JP,,
T-000445,2025-04-07 20:02:00.000000,ACC-N0067,ACC-N0077,5020.59,USD,XFER,MOB,CA,CA,,
T-000446,2025-05-11 06:24:00.000000,ACC-SMF06,ACC-N0048,10803.38,USD,WD,ATM,FR,FR,,
T-000447,2025-03-21 11:24:00.000000,ACC-STR01,ACC-SMF24,9379.09,USD,CSH,ATM,US,US,Y,STRUCTURING
T-000448,2025-03-30 20:13:35.399917,ACC-HUB03,ACC-SMF13,8015.68,USD,XFER,ONL,US,US,Y,SMURFING
T-000449,2025-05-08 14:15:00.000000,ACC-N0033,ACC-N0072,8077.71,USD,WD,ATM,SG,JP,,
T-000450,2025-05-21 05:50:00.000000,ACC-N0191,ACC-N0133,12066.15,USD,XFER,ONL,JP,AU,,
T-000451,2025-04-11 16:12:00.000000,ACC-N0026,ACC-N0121,4148.51,USD,XFER,ONL,GB,DE,,
T-000452,2025-04-26 21:16:00.000000,ACC-N0184,ACC-N0195,4769.3,USD,WD,BRN,FR,AU,,
T-000453,2025-04-13 18:17:00.000000,ACC-STR09,ACC-N0035,9525.42,USD,CSH,ATM,US,US,Y,STRUCTURING
T-000454,2025-04-01 20:04:00.000000,ACC-N0038,ACC-N0021,9173.58,USD,XFER,ONL,JP,FR,,
T-000455,2025-04-16 21:56:00.000000,ACC-N0039,ACC-SMF08,5030.28,USD,DEP,BRN,CA,FR,,
T-000456,2025-04-04 10:02:00.000000,ACC-N0170,ACC-N0132,4190.83,USD,XFER,ONL,AU,AU,,
T-000457,2025-03-23 13:32:00.000000,ACC-N0117,ACC-N0193,12528.29,USD,XFER,ONL,US,CA,,
T-000458,2025-03-20 15:37:00.000000,ACC-STR01,ACC-SMF24,9192.9,USD,CSH,ATM,US,US,Y,STRUCTURING
T-000459,2025-05-22 15:27:00.000000,ACC-N0104,ACC-N0063,1454.76,USD,XFER,MOB,US,SG,,
T-000460,2025-04-10 15:34:00.000000,ACC-RCO06,ACC-N0107,9300.17,USD,WD,BRN,CA,FR,,
T-000461,2025-03-01 23:12:00.000000,ACC-N0054,ACC-N0161,13682.15,USD,XFER,ONL,SG,US,,
T-000462,2025-05-15 09:08:00.000000,ACC-N0088,ACC-SMF09,13148.15,USD,WD,BRN,SG,AU,,
T-000463,2025-03-28 12:37:00.000000,ACC-N0145,ACC-N0056,1256.41,USD,XFER,ONL,JP,FR,,
T-000464,2025-03-07 20:49:00.000000,ACC-N0032,ACC-N0176,9017.05,USD,WD,ATM,FR,SG,,
T-000465,2025-04-01 06:16:00.000000,ACC-N0106,ACC-N0214,4006.7,USD,DEP,ONL,SG,JP,,
T-000466,2025-04-02 22:21:00.000000,ACC-RCO07,ACC-N0087,4546.12,USD,XFER,MOB,GB,DE,,
T-000467,2025-05-21 07:08:00.000000,ACC-N0066,ACC-LAY24,438.36,USD,XFER,ONL,JP,AU,,
T-000468,2025-05-27 04:51:00.000000,ACC-N0032,ACC-N0172,6874.1,USD,WD,ATM,SG,DE,,
T-000469,2025-05-16 17:38:00.000000,ACC-N0022,ACC-N0067,4207.68,USD,XFER,MOB,JP,FR,,
T-000470,2025-03-02 04:01:08.566435,ACC-HUB02,ACC-SMF07,7256.11,USD,XFER,ONL,US,US,Y,SMURFING
T-000471,2025-04-01 00:30:00.000000,ACC-LAY04,ACC-N0105,63.07,USD,DEP,ATM,DE,GB,,
T-000472,2025-04-14 13:13:00.000000,ACC-SMF22,ACC-N0166,5744.6,USD,XFER,MOB,CA,US,,
T-000473,2025-03-29 21:35:00.000000,ACC-N0092,ACC-N0067,7134.89,USD,DEP,BRN,DE,JP,,
T-000474,2025-03-11 10:31:00.000000,ACC-N0080,ACC-N0204,4923.87,USD,XFER,MOB,DE,GB,,
T-000475,2025-05-23 20:32:00.000000,ACC-STR07,ACC-N0142,8403.87,USD,DEP,ATM,FR,JP,,
T-000476,2025-03-08 04:02:00.000000,ACC-N0164,ACC-N0118,8884.2,USD,XFER,ONL,DE,JP,,
T-000477,2025-04-15 04:14:00.000000,ACC-N0047,ACC-N0190,9190.21,USD,WD,BRN,GB,JP,,
T-000478,2025-04-09 01:06:00.000000,ACC-SMF05,ACC-N0215,5549.71,USD,XFER,ONL,JP,JP,,
T-000479,2025-04-20 17:28:00.000000,ACC-N0130,ACC-N0062,12855.05,USD,WD,BRN,DE,FR,,
T-000480,2025-04-04 16:11:00.000000,ACC-N0094,ACC-N0101,9028.97,USD,XFER,MOB,SG,US,,
T-000481,2025-04-17 23:48:00.000000,ACC-N0165,ACC-SMF09,5715.43,USD,XFER,MOB,DE,FR,,
T-000482,2025-04-09 21:11:00.000000,ACC-SMF08,ACC-N0024,636.94,USD,XFER,ONL,US,GB,,
T-000483,2025-05-29 00:34:00.000000,ACC-STR04,ACC-N0126,5100.05,USD,WD,ATM,US,FR,,
T-000484,2025-04-19 19:14:00.000000,ACC-SMF17,ACC-N0152,2465.55,USD,XFER,MOB,JP,CA,,
T-000485,2025-03-27 16:10:00.000000,ACC-N0128,ACC-N0197,13612.72,USD,DEP,ATM,GB,FR,,
T-000486,2025-04-26 19:57:00.000000,ACC-SMF09,ACC-LAY15,11702.76,USD,DEP,ATM,US,FR,,
T-000487,2025-05-26 02:39:00.000000,ACC-N0005,ACC-SMF16,10477.9,USD,XFER,ONL,FR,GB,,
T-000488,2025-05-17 14:53:00.000000,ACC-N0043,ACC-N0067,3310.11,USD,WD,ATM,GB,AU,,
T-000489,2025-03-12 22:38:00.000000,ACC-STR10,ACC-N0204,9128.93,USD,CSH,ATM,US,US,Y,STRUCTURING
T-000490,2025-03-20 20:50:00.000000,ACC-STR01,ACC-N0037,7278.95,USD,XFER,MOB,AU,CA,,
T-000491,2025-05-16 10:14:00.000000,ACC-N0212,ACC-N0075,14040.75,USD,DEP,ATM,US,DE,,
T-000492,2025-03-10 17:40:00.000000,ACC-STR03,ACC-N0183,3780.92,USD,XFER,MOB,AU,AU,,
T-000493,2025-04-08 01:54:00.000000,ACC-N0211,ACC-N0085,849.03,USD,XFER,MOB,FR,GB,,
T-000494,2025-04-27 22:50:00.000000,ACC-N0058,ACC-N0104,13625.47,USD,XFER,MOB,US,US,,
T-000495,2025-04-22 19:44:00.000000,ACC-N0179,ACC-SMF05,12964.18,USD,DEP,ATM,AU,CA,,
T-000496,2025-04-30 16:27:00.704280,ACC-RCO06,ACC-N0186,7326.82,USD,CSH,ATM,US,US,Y,RAPID_CASHOUT
T-000497,2025-03-12 17:48:00.000000,ACC-N0037,ACC-N0201,4297.38,USD,XFER,MOB,FR,SG,,
T-000498,2025-05-12 23:20:00.000000,ACC-LAY19,ACC-N0009,8197.34,USD,XFER,ONL,FR,CA,,
T-000499,2025-03-23 07:32:00.000000,ACC-RCO04,ACC-N0011,10518.16,USD,DEP,ONL,FR,US,,
T-000500,2025-04-05 19:09:00.000000,ACC-N0183,ACC-N0010,1590.58,USD,DEP,ATM,US,FR,,
T-000501,2025-03-20 09:03:00.000000,ACC-STR08,ACC-LAY20,10281.86,USD,WD,ATM,DE,AU,,
T-000502,2025-03-02 19:10:00.000000,ACC-N0089,ACC-N0180,4161.88,USD,XFER,ONL,DE,AU,,
T-000503,2025-03-13 09:54:05.824804,ACC-RCO04,ACC-RCO03,8433.8,USD,CSH,BRN,US,US,Y,RAPID_CASHOUT
T-000504,2025-03-30 03:24:00.000000,ACC-N0119,ACC-N0054,3876.46,USD,WD,ATM,SG,JP,,
T-000505,2025-04-23 06:14:00.000000,ACC-N0137,ACC-SMF11,7369.3,USD,XFER,ONL,US,DE,,
T-000506,2025-03-25 00:29:00.000000,ACC-RCO07,ACC-N0111,11554.11,USD,WD,BRN,DE,SG,,
T-000507,2025-03-28 02:30:00.000000,ACC-N0007,ACC-N0192,9145.35,USD,WD,BRN,US,US,,
T-000508,2025-03-20 08:30:00.000000,ACC-HUB04,ACC-N0089,263.19,USD,XFER,MOB,US,AU,,
T-000509,2025-05-20 19:26:00.000000,ACC-STR04,ACC-N0179,10339.07,USD,WD,ATM,GB,DE,,
T-000510,2025-04-01 03:54:00.000000,ACC-N0176,ACC-N0113,13063.91,USD,XFER,MOB,SG,DE,,
T-000511,2025-04-05 05:06:00.000000,ACC-N0014,ACC-N0142,9659.73,USD,WD,BRN,CA,AU,,
T-000512,2025-03-18 05:12:55.580246,ACC-RCO01,ACC-HUB04,14757.25,USD,CSH,ATM,US,US,Y,RAPID_CASHOUT
T-000513,2025-05-02 20:57:00.000000,ACC-SMF22,ACC-LAY13,7662.97,USD,XFER,MOB,JP,CA,,
T-000514,2025-05-19 20:12:59.111106,ACC-HUB01,ACC-SMF02,8284.9,USD,XFER,ONL,US,US,Y,SMURFING
T-000515,2025-03-21 11:19:00.000000,ACC-N0100,ACC-N0093,4899.66,USD,XFER,ONL,US,US,,
T-000516,2025-04-07 05:01:00.000000,ACC-N0154,ACC-N0209,7498.75,USD,XFER,ONL,US,JP,,
T-000517,2025-05-06 17:20:07.773864,ACC-RCO10,ACC-N0065,7046.32,USD,CSH,BRN,US,US,Y,RAPID_CASHOUT
T-000518,2025-05-09 06:16:00.000000,ACC-N0176,ACC-N0212,8358.78,USD,DEP,BRN,FR,AU,,
T-000519,2025-04-05 03:09:00.000000,ACC-N0141,ACC-N0176,9807.61,USD,XFER,ONL,FR,AU,,
T-000520,2025-05-19 09:14:00.000000,ACC-N0140,ACC-N0165,7522.13,USD,WD,BRN,GB,GB,,
T-000521,2025-03-03 14:43:32.351640,ACC-RCO02,ACC-N0198,12738.92,USD,CSH,BRN,US,US,Y,RAPID_CASHOUT
T-000522,2025-03-02 09:17:00.000000,ACC-HUB04,ACC-LAY08,9520.94,USD,XFER,MOB,US,FR,,
T-000523,2025-05-20 14:54:00.000000,ACC-N0050,ACC-N0163,11278.36,USD,WD,BRN,FR,CA,,
T-000524,2025-03-05 08:33:00.000000,ACC-N0139,ACC-N0139,14305.63,USD,XFER,MOB,CA,DE,,
T-000525,2025-05-07 03:37:00.000000,ACC-N0107,ACC-N0188,11704.65,USD,DEP,ATM,CA,AU,,
T-000526,2025-04-19 18:09:00.000000,ACC-N0061,ACC-N0149,11951.73,USD,XFER,ONL,AU,DE,,
T-000527,2025-05-01 20:15:00.000000,ACC-RCO08,ACC-N0191,6625.46,USD,DEP,BRN,US,AU,,
T-000528,2025-05-11 07:12:00.000000,ACC-N0112,ACC-N0033,10848.89,USD,XFER,ONL,US,JP,,
T-000529,2025-03-22 00:58:00.000000,ACC-STR01,ACC-SMF24,9369.26,USD,CSH,BRN,US,US,Y,STRUCTURING
T-000530,2025-04-28 00:59:00.000000,ACC-N0189,ACC-SMF11,4374.63,USD,DEP,ATM,DE,DE,,
T-000531,2025-03-12 01:58:00.000000,ACC-N0164,ACC-N0045,12325.42,USD,DEP,BRN,DE,US,,
T-000532,2025-04-27 10:24:00.000000,ACC-N0180,ACC-N0176,9804.14,USD,XFER,MOB,AU,AU,,
T-000533,2025-03-28 14:36:00.000000,ACC-LAY06,ACC-LAY14,734.59,USD,DEP,ONL,DE,JP,,
T-000534,2025-05-01 00:11:00.000000,ACC-N0162,ACC-N0135,9256.19,USD,XFER,ONL,JP,CA,,
T-000535,2025-05-01 14:48:00.000000,ACC-STR06,ACC-SMF24,9599.34,USD,XFER,ATM,US,US,Y,STRUCTURING
T-000536,2025-05-09 02:21:00.000000,ACC-N0130,ACC-LAY04,11893.15,USD,XFER,ONL,AU,CA,,
T-000537,2025-04-17 01:56:00.000000,ACC-N0122,ACC-N0009,14673.34,USD,XFER,ONL,FR,DE,,
T-000538,2025-03-05 21:55:00.000000,ACC-N0002,ACC-SMF04,12212.55,USD,DEP,ATM,FR,DE,,
T-000539,2025-05-22 20:35:00.000000,ACC-SMF15,ACC-N0010,11249.89,USD,WD,ATM,FR,GB,,
T-000540,2025-04-11 16:51:00.000000,ACC-N0047,ACC-N0151,4134.84,USD,XFER,ONL,CA,CA,,
T-000541,2025-04-03 08:30:00.000000,ACC-N0026,ACC-N0142,10179.29,USD,DEP,BRN,GB,US,,
T-000542,2025-04-13 05:40:00.000000,ACC-N0005,ACC-N0111,10822.92,USD,DEP,ATM,US,SG,,
T-000543,2025-04-23 22:03:00.000000,ACC-N0021,ACC-N0101,6986.03,USD,XFER,MOB,DE,JP,,
T-000544,2025-03-14 07:42:38.030761,ACC-RCO07,ACC-N0100,18801.44,USD,CSH,ATM,US,US,Y,RAPID_CASHOUT
T-000545,2025-03-28 18:06:00.000000,ACC-N0060,ACC-N0081,14027.45,USD,XFER,MOB,DE,FR,,
T-000546,2025-04-14 19:53:00.000000,ACC-STR09,ACC-N0035,9353.45,USD,XFER,BRN,US,US,Y,STRUCTURING
T-000547,2025-04-02 07:05:00.000000,ACC-N0195,ACC-N0010,484.28,USD,XFER,ONL,GB,US,,
T-000548,2025-05-06 04:55:00.000000,ACC-N0111,ACC-RCO10,31016.48,USD,WIRE,WR,CA,US,Y,RAPID_CASHOUT
T-000549,2025-03-31 21:23:00.000000,ACC-LAY20,ACC-STR08,10698.49,USD,WD,BRN,US,SG,,
T-000550,2025-04-17 02:38:00.000000,ACC-LAY11,ACC-N0065,2827.52,USD,XFER,ONL,FR,JP,,
T-000551,2025-05-05 08:55:00.000000,ACC-N0219,ACC-SMF12,9012.1,USD,WD,ATM,FR,US,,
T-000552,2025-05-13 02:15:00.000000,ACC-STR02,ACC-N0162,9842.54,USD,CSH,ATM,US,US,Y,STRUCTURING
T-000553,2025-05-13 21:22:00.000000,ACC-N0115,ACC-N0135,8271.87,USD,XFER,MOB,AU,SG,,
T-000554,2025-03-18 21:06:00.000000,ACC-N0176,ACC-N0217,6459.58,USD,WD,ATM,SG,JP,,
T-000555,2025-03-28 23:14:00.000000,ACC-N0168,ACC-LAY14,9344.49,USD,XFER,ONL,AU,GB,,
T-000556,2025-03-02 20:38:00.000000,ACC-STR01,ACC-N0167,4169.36,USD,XFER,ONL,JP,CA,,
T-000557,2025-04-03 01:14:00.000000,ACC-SMF11,ACC-SMF10,4701.42,USD,WD,BRN,SG,US,,
T-000558,2025-03-12 19:26:00.000000,ACC-N0085,ACC-N0011,3637.2,USD,WD,BRN,CA,CA,,
T-000559,2025-05-19 22:24:00.000000,ACC-STR01,ACC-N0095,9396.75,USD,XFER,ONL,FR,US,,
T-000560,2025-04-05 13:47:00.000000,ACC-N0154,ACC-N0109,1696.99,USD,DEP,BRN,SG,DE,,
T-000561,2025-04-15 19:11:00.000000,ACC-N0088,ACC-N0122,1891.48,USD,XFER,MOB,FR,SG,,
T-000562,2025-04-01 21:46:00.000000,ACC-N0129,ACC-N0075,14287.5,USD,WD,BRN,SG,US,,
T-000563,2025-04-06 07:52:00.000000,ACC-N0140,ACC-N0217,1432.65,USD,WD,BRN,FR,SG,,
T-000564,2025-05-11 02:49:00.000000,ACC-N0013,ACC-N0062,11854.35,USD,WD,BRN,CA,SG,,
T-000565,2025-05-05 02:31:00.000000,ACC-N0146,ACC-N0081,557.11,USD,XFER,ONL,DE,AU,,
T-000566,2025-03-15 01:33:00.000000,ACC-N0148,ACC-HUB04,8554.49,USD,XFER,MOB,DE,DE,,
T-000567,2025-03-20 00:20:00.000000,ACC-N0144,ACC-SMF11,3645.05,USD,XFER,ONL,DE,FR,,
T-000568,2025-05-20 10:19:00.000000,ACC-RCO08,ACC-N0151,206.45,USD,XFER,ONL,US,AU,,
T-000569,2025-03-04 06:20:00.000000,ACC-SMF16,ACC-N0184,4742.42,USD,XFER,ONL,SG,FR,,
T-000570,2025-05-08 01:48:25.873537,ACC-RCO09,ACC-N0030,5692.37,USD,CSH,BRN,US,US,Y,RAPID_CASHOUT
T-000571,2025-05-03 09:15:00.000000,ACC-N0099,ACC-N0129,11484.83,USD,XFER,ONL,SG,AU,,
T-000572,2025-03-01 00:16:00.000000,ACC-N0159,ACC-N0022,12410.6,USD,DEP,ONL,JP,JP,,
T-000573,2025-04-05 07:50:00.000000,ACC-N0058,ACC-N0028,14768.77,USD,WD,ATM,JP,CA,,
T-000574,2025-04-16 10:54:00.000000,ACC-N0083,ACC-HUB02,8795.07,USD,WD,BRN,AU,AU,,
T-000575,2025-05-04 07:44:00.000000,ACC-RCO07,ACC-N0195,11315.23,USD,XFER,MOB,DE,DE,,
T-000576,2025-05-07 10:23:00.000000,ACC-N0112,ACC-SMF20,13709.24,USD,DEP,ONL,GB,JP,,
T-000577,2025-05-28 05:21:00.000000,ACC-LAY23,ACC-N0137,6234.6,USD,DEP,ATM,AU,DE,,
T-000578,2025-04-04 23:23:00.000000,ACC-N0193,ACC-N0133,13717.56,USD,XFER,MOB,DE,US,,
T-000579,2025-03-01 03:04:00.000000,ACC-N0044,ACC-N0191,1468.45,USD,XFER,MOB,FR,SG,,
T-000580,2025-05-04 09:57:00.000000,ACC-N0152,ACC-HUB03,9003.93,USD,XFER,MOB,SG,GB,,
T-000581,2025-05-25 10:08:00.000000,ACC-N0054,ACC-LAY05,6855.68,USD,XFER,MOB,DE,DE,,
T-000582,2025-03-13 13:49:00.000000,ACC-N0197,ACC-N0185,14450.54,USD,WD,BRN,FR,JP,,
T-000583,2025-04-12 22:27:00.000000,ACC-N0091,ACC-N0068,5225.52,USD,XFER,MOB,JP,US,,
T-000584,2025-05-21 21:55:00.000000,ACC-N0195,ACC-N0132,8015.58,USD,WD,BRN,AU,FR,,
T-000585,2025-04-01 23:42:00.000000,ACC-N0207,ACC-N0022,11345.14,USD,XFER,ONL,US,FR,,
T-000586,2025-03-03 23:01:00.000000,ACC-N0040,ACC-RCO09,2810.21,USD,XFER,ONL,CA,CA,,
T-000587,2025-03-26 13:02:00.000000,ACC-N0114,ACC-N0004,8627.99,USD,XFER,ONL,SG,AU,,
T-000588,2025-03-04 20:21:00.000000,ACC-LAY13,ACC-N0205,5442.82,USD,XFER,ONL,US,FR,,
T-000589,2025-05-11 04:32:00.000000,ACC-N0159,ACC-SMF21,10748.71,USD,XFER,ONL,FR,SG,,
T-000590,2025-04-07 18:15:00.000000,ACC-N0001,ACC-N0117,9244.35,USD,DEP,ATM,SG,AU,,
T-000591,2025-03-04 02:35:00.000000,ACC-RCO03,ACC-N0165,8869.2,USD,WD,BRN,GB,GB,,
T-000592,2025-04-17 01:58:00.000000,ACC-N0189,ACC-N0017,8810.75,USD,XFER,ONL,FR,DE,,
T-000593,2025-05-14 07:37:00.000000,ACC-N0023,ACC-N0055,10740.89,USD,DEP,BRN,GB,FR,,
T-000594,2025-04-30 16:32:00.000000,ACC-N0204,ACC-RCO02,7223.01,USD,XFER,MOB,US,GB,,
T-000595,2025-05-26 21:27:00.000000,ACC-RCO07,ACC-N0018,12954.14,USD,XFER,ONL,GB,FR,,
T-000596,2025-05-23 23:29:00.000000,ACC-N0037,ACC-STR07,12477.93,USD,XFER,ONL,JP,FR,,
T-000597,2025-05-09 02:39:00.000000,ACC-SMF19,ACC-N0093,12724.28,USD,XFER,ONL,SG,FR,,
T-000598,2025-05-12 13:16:00.000000,ACC-N0171,ACC-N0212,9715.23,USD,XFER,MOB,JP,DE,,
T-000599,2025-04-12 00:14:00.000000,ACC-N0213,ACC-HUB02,191.14,USD,DEP,ATM,DE,CA,,
T-000600,2025-04-22 19:12:00.000000,ACC-RCO03,ACC-N0170,2169.05,USD,XFER,MOB,DE,CA,,
T-000601,2025-03-03 23:16:00.000000,ACC-N0053,ACC-N0219,12574.2,USD,XFER,ONL,DE,US,,
T-000602,2025-05-11 00:15:00.000000,ACC-SMF11,ACC-N0037,12880.25,USD,WD,BRN,AU,CA,,
T-000603,2025-05-17 03:55:00.000000,ACC-N0191,ACC-N0218,7072.25,USD,WD,BRN,SG,SG,,
T-000604,2025-03-24 20:18:00.000000,ACC-N0145,ACC-N0149,13175.38,USD,XFER,MOB,US,SG,,
T-000605,2025-03-24 20:39:00.000000,ACC-LAY23,ACC-N0066,13448.88,USD,XFER,ONL,AU,US,,
T-000606,2025-04-28 14:35:00.000000,ACC-STR06,ACC-SMF24,8979.13,USD,CSH,ATM,US,US,Y,STRUCTURING
T-000607,2025-03-09 14:16:00.000000,ACC-N0213,ACC-LAY19,4318.87,USD,XFER,ONL,SG,SG,,
T-000608,2025-05-11 02:52:42.723761,ACC-HUB04,ACC-SMF20,7907.72,USD,XFER,ONL,US,US,Y,SMURFING
T-000609,2025-03-10 13:30:00.000000,ACC-N0196,ACC-HUB03,14417.24,USD,XFER,MOB,AU,DE,,
T-000610,2025-05-24 16:06:00.000000,ACC-STR11,ACC-N0003,8707.39,USD,XFER,ONL,SG,SG,,
T-000611,2025-04-09 14:22:00.000000,ACC-N0181,ACC-N0205,12157.07,USD,WD,BRN,DE,US,,
T-000612,2025-05-06 14:37:00.000000,ACC-SMF23,ACC-N0171,560.21,USD,DEP,BRN,AU,CA,,
T-000613,2025-05-02 05:33:00.000000,ACC-N0096,ACC-LAY10,3492.35,USD,DEP,ATM,FR,JP,,
T-000614,2025-03-03 20:05:00.000000,ACC-SMF24,ACC-N0001,13339.41,USD,XFER,ONL,SG,JP,,
T-000615,2025-04-05 22:30:00.000000,ACC-N0055,ACC-N0089,14030.59,USD,XFER,MOB,DE,DE,,
T-000616,2025-04-16 22:47:00.000000,ACC-N0007,ACC-LAY09,12410.0,USD,DEP,ATM,FR,DE,,
T-000617,2025-05-19 21:02:00.000000,ACC-STR07,ACC-RCO09,4787.49,USD,WD,ATM,JP,JP,,
T-000618,2025-04-14 02:43:00.000000,ACC-SMF20,ACC-SMF21,1371.07,USD,WD,BRN,US,DE,,
T-000619,2025-05-13 01:54:00.000000,ACC-N0058,ACC-HUB03,6295.4,USD,DEP,BRN,AU,FR,,
T-000620,2025-03-04 16:38:00.000000,ACC-N0083,ACC-N0068,11082.45,USD,XFER,MOB,DE,FR,,
T-000621,2025-05-10 18:27:58.940161,ACC-HUB04,ACC-SMF22,7019.0,USD,XFER,ONL,US,US,Y,SMURFING
T-000622,2025-03-22 10:33:00.000000,ACC-N0115,ACC-N0027,6423.24,USD,WD,ATM,GB,AU,,
T-000623,2025-04-19 08:08:00.000000,ACC-N0171,ACC-N0200,13507.97,USD,XFER,ONL,US,US,,
T-000624,2025-04-13 03:20:00.000000,ACC-N0030,ACC-N0156,10336.01,USD,XFER,ONL,CA,AU,,
T-000625,2025-05-01 00:40:00.000000,ACC-N0053,ACC-N0008,10527.91,USD,XFER,ONL,FR,DE,,
T-000626,2025-03-21 12:08:00.000000,ACC-N0056,ACC-N0149,7596.09,USD,WD,BRN,JP,US,,
T-000627,2025-05-08 10:42:00.000000,ACC-RCO09,ACC-N0141,12395.93,USD,WD,ATM,SG,US,,
T-000628,2025-03-12 19:12:00.000000,ACC-N0197,ACC-RCO09,12481.55,USD,XFER,ONL,CA,CA,,
T-000629,2025-05-24 23:53:00.000000,ACC-N0115,ACC-N0043,8533.56,USD,DEP,ONL,DE,US,,
T-000630,2025-04-09 05:34:00.000000,ACC-N0157,ACC-N0121,13534.67,USD,DEP,BRN,AU,US,,
T-000631,2025-03-03 22:56:00.000000,ACC-N0029,ACC-N0058,7089.31,USD,WD,BRN,CA,GB,,
T-000632,2025-05-03 20:02:00.000000,ACC-STR06,ACC-SMF24,9682.78,USD,XFER,ATM,US,US,Y,STRUCTURING
T-000633,2025-03-18 11:16:00.000000,ACC-SMF18,ACC-N0132,14078.95,USD,WD,ATM,DE,DE,,
T-000634,2025-04-14 13:01:00.000000,ACC-N0066,ACC-N0135,7865.4,USD,WD,BRN,AU,CA,,
T-000635,2025-04-07 04:46:00.000000,ACC-N0158,ACC-N0102,9012.61,USD,XFER,ONL,SG,AU,,
T-000636,2025-04-15 19:35:00.000000,ACC-LAY11,ACC-STR10,876.67,USD,XFER,ONL,SG,SG,,
T-000637,2025-03-08 07:59:00.000000,ACC-LAY12,ACC-N0024,2769.13,USD,XFER,ONL,GB,CA,,
T-000638,2025-05-04 15:15:00.000000,ACC-N0179,ACC-N0023,1460.42,USD,XFER,MOB,DE,FR,,
T-000639,2025-03-05 12:37:00.000000,ACC-N0099,ACC-N0001,12218.23,USD,DEP,ATM,CA,FR,,
T-000640,2025-05-02 01:09:00.000000,ACC-STR07,ACC-N0050,6788.66,USD,WD,BRN,DE,SG,,
T-000641,2025-03-15 04:25:00.000000,ACC-N0151,ACC-STR08,9698.65,USD,DEP,ATM,DE,SG,,
T-000642,2025-05-05 09:15:00.000000,ACC-N0204,ACC-N0013,12235.96,USD,WD,ATM,US,DE,,
T-000643,2025-05-01 11:23:00.000000,ACC-N0044,ACC-N0189,3226.11,USD,WD,BRN,CA,SG,,
T-000644,2025-05-29 08:28:00.000000,ACC-N0188,ACC-SMF08,10649.76,USD,DEP,BRN,DE,FR,,
T-000645,2025-03-03 01:38:00.000000,ACC-N0072,ACC-N0022,4012.2,USD,DEP,BRN,SG,SG,,
T-000646,2025-03-09 07:11:00.000000,ACC-N0181,ACC-N0091,11318.9,USD,XFER,MOB,CA,JP,,
T-000647,2025-03-04 23:05:00.000000,ACC-N0219,ACC-N0069,12792.09,USD,XFER,MOB,GB,DE,,
T-000648,2025-03-16 15:29:00.000000,ACC-N0173,ACC-N0140,8132.37,USD,WD,BRN,US,JP,,
T-000649,2025-04-16 02:42:00.000000,ACC-N0142,ACC-N0107,2012.64,USD,WD,BRN,CA,US,,
T-000650,2025-04-26 14:48:00.000000,ACC-STR05,ACC-N0048,9022.48,USD,CSH,ATM,US,US,Y,STRUCTURING
T-000651,2025-04-18 12:21:00.000000,ACC-N0104,ACC-N0086,9528.41,USD,DEP,BRN,AU,DE,,
T-000652,2025-05-12 07:06:13.521985,ACC-HUB04,ACC-SMF19,8923.57,USD,XFER,ONL,US,US,Y,SMURFING
T-000653,2025-05-27 16:24:00.000000,ACC-N0178,ACC-N0051,3121.19,USD,DEP,ONL,JP,JP,,
T-000654,2025-03-01 06:27:00.000000,ACC-LAY19,ACC-N0096,2420.21,USD,XFER,ONL,JP,FR,,
T-000655,2025-04-21 18:01:00.000000,ACC-N0117,ACC-N0098,525.97,USD,DEP,BRN,AU,CA,,
T-000656,2025-04-28 16:18:00.000000,ACC-LAY21,ACC-N0159,99.6,USD,WD,BRN,DE,SG,,
T-000657,2025-04-27 18:14:00.000000,ACC-N0150,ACC-N0157,6032.37,USD,XFER,MOB,FR,CA,,
T-000658,2025-04-07 02:00:00.000000,ACC-N0173,ACC-N0158,1633.17,USD,XFER,ONL,US,US,,
T-000659,2025-05-19 04:25:00.000000,ACC-LAY23,ACC-N0088,14420.85,USD,XFER,MOB,CA,US,,
T-000660,2025-03-26 04:33:00.000000,ACC-N0132,ACC-N0033,10770.85,USD,DEP,BRN,FR,SG,,
T-000661,2025-04-24 02:06:00.000000,ACC-STR05,ACC-N0126,8832.75,USD,DEP,ONL,GB,FR,,
T-000662,2025-05-22 01:34:00.000000,ACC-LAY07,ACC-N0126,4185.47,USD,XFER,ONL,US,US,,
T-000663,2025-05-08 10:09:00.000000,ACC-N0149,ACC-LAY11,9477.57,USD,DEP,ONL,DE,SG,,
T-000664,2025-03-30 19:00:12.539189,ACC-HUB03,ACC-SMF16,7568.19,USD,XFER,ONL,US,US,Y,SMURFING
T-000665,2025-05-02 03:29:00.000000,ACC-N0170,ACC-N0140,10733.36,USD,DEP,ONL,SG,AU,,
T-000666,2025-04-15 21:52:00.000000,ACC-N0143,ACC-N0204,10612.28,USD,WD,BRN,JP,GB,,
T-000667,2025-05-28 18:10:00.000000,ACC-N0201,ACC-N0050,565.54,USD,XFER,ONL,SG,CA,,
T-000668,2025-04-12 17:34:00.000000,ACC-STR01,ACC-N0110,120.79,USD,DEP,ONL,SG,GB,,
T-000669,2025-04-04 03:38:00.000000,ACC-LAY19,ACC-LAY19,993.57,USD,XFER,ONL,AU,DE,,
T-000670,2025-03-26 20:19:00.000000,ACC-STR11,ACC-N0088,9026.67,USD,CSH,ATM,US,US,Y,STRUCTURING
T-000671,2025-05-20 02:46:00.000000,ACC-LAY18,ACC-N0138,1056.82,USD,XFER,ONL,DE,US,,
T-000672,2025-05-12 03:37:38.585908,ACC-HUB04,ACC-SMF22,7499.06,USD,XFER,ONL,US,US,Y,SMURFING
T-000673,2025-05-03 04:40:00.000000,ACC-SMF09,ACC-N0119,9526.83,USD,DEP,BRN,AU,JP,,
T-000674,2025-04-14 10:53:00.000000,ACC-N0194,ACC-LAY09,12667.05,USD,DEP,ATM,FR,DE,,
T-000675,2025-05-24 09:07:00.000000,ACC-HUB01,ACC-N0196,5471.48,USD,DEP,ATM,GB,US,,
T-000676,2025-03-17 00:48:00.000000,ACC-N0104,ACC-HUB01,9323.62,USD,XFER,ONL,FR,DE,,
T-000677,2025-03-24 01:05:00.000000,ACC-STR11,ACC-N0088,9590.39,USD,CSH,BRN,US,US,Y,STRUCTURING
T-000678,2025-05-15 18:24:00.000000,ACC-N0185,ACC-LAY13,2633.21,USD,XFER,MOB,GB,FR,,
T-000679,2025-05-17 00:19:00.000000,ACC-N0152,ACC-N0026,2424.58,USD,XFER,MOB,AU,CA,,
T-000680,2025-05-16 08:19:00.000000,ACC-N0201,ACC-N0136,8700.47,USD,XFER,MOB,US,AU,,
T-000681,2025-05-05 05:28:00.000000,ACC-N0095,ACC-N0031,6593.72,USD,DEP,ONL,CA,FR,,
T-000682,2025-03-29 04:06:00.000000,ACC-N0038,ACC-LAY19,7079.92,USD,XFER,ONL,JP,SG,,
T-000683,2025-03-16 15:40:00.000000,ACC-N0054,ACC-N0099,8852.45,USD,XFER,ONL,FR,AU,,
T-000684,2025-05-28 23:04:00.000000,ACC-N0099,ACC-N0062,5735.28,USD,DEP,ATM,CA,GB,,
T-000685,2025-03-20 22:35:00.000000,ACC-N0139,ACC-N0201,6268.85,USD,WD,BRN,AU,CA,,
T-000686,2025-04-21 21:28:00.000000,ACC-N0067,ACC-N0026,14194.07,USD,XFER,ONL,AU,FR,,
T-000687,2025-03-17 23:22:00.000000,ACC-N0046,ACC-N0032,4204.13,USD,XFER,MOB,JP,GB,,
T-000688,2025-03-10 14:59:00.000000,ACC-SMF11,ACC-N0041,14817.86,USD,XFER,ONL,SG,US,,
T-000689,2025-03-29 19:24:00.000000,ACC-N0032,ACC-N0006,7496.12,USD,DEP,ATM,SG,CA,,
T-000690,2025-03-28 23:32:00.000000,ACC-N0049,ACC-N0003,3818.6,USD,XFER,ONL,AU,US,,
T-000691,2025-04-27 09:04:00.000000,ACC-N0021,ACC-N0177,2892.52,USD,WD,ATM,SG,DE,,
T-000692,2025-04-28 20:28:00.000000,ACC-SMF06,ACC-N0172,3862.1,USD,XFER,ONL,SG,US,,
T-000693,2025-03-15 05:56:00.000000,ACC-N0091,ACC-N0049,12056.75,USD,WD,ATM,FR,AU,,
T-000694,2025-03-27 20:01:00.000000,ACC-N0006,ACC-SMF01,3597.24,USD,WD,BRN,GB,GB,,
T-000695,2025-03-18 13:07:14.570357,ACC-RCO01,ACC-N0051,14757.25,USD,CSH,ATM,US,US,Y,RAPID_CASHOUT
T-000696,2025-04-28 00:02:00.000000,ACC-STR06,ACC-SMF24,9068.56,USD,XFER,BRN,US,US,Y,STRUCTURING
T-000697,2025-04-26 16:07:00.000000,ACC-STR12,ACC-N0193,976.39,USD,DEP,ONL,SG,GB,,
T-000698,2025-04-06 07:18:00.000000,ACC-N0156,ACC-N0168,10458.96,USD,DEP,ATM,SG,US,,
T-000699,2025-03-18 01:25:00.000000,ACC-RCO10,ACC-N0121,13983.36,USD,XFER,ONL,SG,GB,,
T-000700,2025-04-20 23:25:00.000000,ACC-N0052,ACC-N0085,1198.08,USD,XFER,MOB,CA,US,,
T-000701,2025-04-29 22:38:00.000000,ACC-N0037,ACC-N0099,12424.54,USD,DEP,ONL,JP,DE,,
T-000702,2025-03-04 19:47:00.000000,ACC-N0069,ACC-RCO09,8826.23,USD,DEP,ATM,CA,AU,,
T-000703,2025-04-21 00:05:00.000000,ACC-N0007,ACC-N0168,5860.46,USD,DEP,ONL,US,FR,,
T-000704,2025-03-08 08:12:00.000000,ACC-LAY19,ACC-N0052,14826.13,USD,WD,BRN,CA,CA,,
T-000705,2025-03-19 01:59:00.000000,ACC-N0199,ACC-N0119,10088.58,USD,XFER,MOB,CA,FR,,
T-000706,2025-03-28 14:19:00.000000,ACC-N0112,ACC-SMF21,2277.8,USD,XFER,ONL,SG,FR,,
T-000707,2025-05-10 17:40:00.000000,ACC-STR02,ACC-N0162,9539.27,USD,CSH,BRN,US,US,Y,STRUCTURING
T-000708,2025-05-29 18:46:00.000000,ACC-N0149,ACC-N0113,5764.12,USD,WD,BRN,CA,US,,
T-000709,2025-03-14 18:38:00.000000,ACC-SMF10,ACC-N0152,13312.33,USD,XFER,ONL,SG,US,,
T-000710,2025-04-07 03:25:00.000000,ACC-LAY18,ACC-STR06,3828.83,USD,XFER,MOB,US,CA,,
T-000711,2025-05-16 20:13:00.000000,ACC-N0003,ACC-N0129,2410.48,USD,DEP,ONL,AU,CA,,
T-000712,2025-03-29 20:35:00.000000,ACC-LAY03,ACC-SMF02,9584.89,USD,DEP,ATM,FR,US,,
T-000713,2025-03-27 01:12:00.000000,ACC-SMF18,ACC-LAY02,14362.18,USD,WD,ATM,GB,CA,,
T-000714,2025-03-22 05:51:00.000000,ACC-N0103,ACC-STR06,9876.7,USD,DEP,ONL,US,FR,,
T-000715,2025-04-03 16:29:00.000000,ACC-N0187,ACC-N0088,9158.66,USD,WD,ATM,GB,JP,,
T-000716,2025-03-18 17:54:00.000000,ACC-N0137,ACC-N0186,5978.89,USD,XFER,ONL,FR,FR,,
T-000717,2025-04-05 09:51:00.000000,ACC-N0128,ACC-RCO08,10386.2,USD,XFER,MOB,AU,DE,,
T-000718,2025-04-22 19:39:00.000000,ACC-N0068,ACC-N0053,8159.41,USD,XFER,ONL,CA,AU,,
T-000719,2025-03-29 10:54:00.000000,ACC-N0071,ACC-N0035,9997.95,USD,XFER,ONL,DE,SG,,
T-000720,2025-04-14 03:51:00.000000,ACC-N0028,ACC-SMF22,1675.89,USD,XFER,ONL,CA,FR,,
T-000721,2025-03-23 19:02:00.000000,ACC-RCO04,ACC-LAY24,7391.59,USD,DEP,BRN,GB,CA,,
T-000722,2025-04-27 05:40:00.000000,ACC-N0063,ACC-N0103,7338.15,USD,XFER,MOB,AU,FR,,
T-000723,2025-03-16 06:03:00.000000,ACC-SMF19,ACC-N0092,14806.62,USD,DEP,ONL,US,FR,,
T-000724,2025-05-16 17:55:00.000000,ACC-N0198,ACC-N0209,2379.91,USD,WD,BRN,GB,FR,,
T-000725,2025-04-20 23:14:37.035461,ACC-RCO05,ACC-N0157,9954.17,USD,CSH,ATM,US,US,Y,RAPID_CASHOUT
T-000726,2025-03-10 16:46:00.000000,ACC-LAY06,ACC-N0083,4098.86,USD,XFER,ONL,DE,GB,,
T-000727,2025-05-02 03:26:00.000000,ACC-STR05,ACC-N0048,9166.34,USD,XFER,ATM,US,US,Y,STRUCTURING
T-000728,2025-05-10 16:16:00.000000,ACC-N0141,ACC-N0177,12067.69,USD,XFER,ONL,DE,AU,,
T-000729,2025-04-24 16:18:00.000000,ACC-LAY23,ACC-LAY23,990.9,USD,XFER,MOB,AU,DE,,
T-000730,2025-04-09 09:50:00.000000,ACC-SMF18,ACC-N0011,4619.19,USD,XFER,ONL,US,DE,,
T-000731,2025-05-24 08:02:00.000000,ACC-N0006,ACC-N0202,7453.16,USD,DEP,ATM,CA,CA,,
T-000732,2025-04-06 00:48:00.000000,ACC-N0078,ACC-N0169,4655.29,USD,WD,BRN,SG,FR,,
T-000733,2025-04-06 00:53:00.000000,ACC-LAY10,ACC-LAY19,10865.56,USD,WD,BRN,CA,SG,,
T-000734,2025-04-08 09:53:00.000000,ACC-N0175,ACC-N0048,12097.58,USD,XFER,MOB,FR,CA,,
T-000735,2025-05-12 11:00:00.000000,ACC-N0016,ACC-N0100,10059.94,USD,DEP,ONL,AU,US,,
T-000736,2025-04-24 14:21:00.000000,ACC-N0087,ACC-N0069,10075.94,USD,XFER,ONL,CA,FR,,
T-000737,2025-05-19 07:34:00.000000,ACC-N0213,ACC-N0148,12642.88,USD,DEP,BRN,DE,DE,,
T-000738,2025-05-08 21:56:00.000000,ACC-N0187,ACC-LAY07,10315.75,USD,WD,ATM,FR,AU,,
T-000739,2025-03-07 23:51:02.964737,ACC-RCO08,ACC-N0022,8711.93,USD,CSH,ATM,US,US,Y,RAPID_CASHOUT
T-000740,2025-04-11 14:10:00.000000,ACC-STR12,ACC-N0107,9065.0,USD,XFER,BRN,US,US,Y,STRUCTURING
T-000741,2025-05-05 02:26:00.000000,ACC-N0106,ACC-STR11,11679.19,USD,DEP,ATM,FR,GB,,
T-000742,2025-05-17 10:46:00.000000,ACC-N0181,ACC-N0186,10708.23,USD,XFER,MOB,DE,DE,,
T-000743,2025-05-18 13:23:00.000000,ACC-SMF01,ACC-N0056,4428.95,USD,WD,BRN,GB,AU,,
T-000744,2025-05-14 11:40:00.000000,ACC-N0100,ACC-N0080,11663.71,USD,DEP,ATM,FR,JP,,
T-000745,2025-04-03 19:56:00.000000,ACC-N0196,ACC-N0148,8476.16,USD,XFER,ONL,CA,FR,,
T-000746,2025-05-21 03:41:00.000000,ACC-RCO10,ACC-STR02,11122.31,USD,XFER,ONL,GB,JP,,
T-000747,2025-03-24 10:50:00.000000,ACC-N0068,ACC-N0050,8626.45,USD,XFER,ONL,AU,FR,,
T-000748,2025-04-05 14:24:00.000000,ACC-N0146,ACC-N0108,13833.67,USD,WD,ATM,GB,CA,,
T-000749,2025-04-02 13:10:00.000000,ACC-N0002,ACC-N0111,6905.57,USD,XFER,MOB,DE,JP,,
T-000750,2025-04-18 22:05:00.000000,ACC-N0035,ACC-N0049,1646.17,USD,XFER,ONL,CA,JP,,
T-000751,2025-04-25 22:20:00.000000,ACC-N0213,ACC-N0202,10567.8,USD,DEP,ONL,GB,AU,,
T-000752,2025-03-19 03:03:00.000000,ACC-N0134,ACC-N0196,14612.72,USD,XFER,MOB,CA,SG,,
T-000753,2025-05-13 19:38:00.000000,ACC-N0163,ACC-SMF21,12921.66,USD,XFER,MOB,DE,DE,,
T-000754,2025-05-02 11:05:00.000000,ACC-STR06,ACC-SMF24,9882.62,USD,CSH,BRN,US,US,Y,STRUCTURING
T-000755,2025-03-13 11:35:00.000000,ACC-SMF22,ACC-N0020,10036.85,USD,XFER,ONL,SG,US,,
T-000756,2025-03-14 11:26:07.683273,ACC-RCO07,ACC-N0050,18801.44,USD,CSH,ATM,US,US,Y,RAPID_CASHOUT
T-000757,2025-05-01 19:40:00.000000,ACC-N0082,ACC-SMF01,4931.35,USD,XFER,ONL,US,GB,,
T-000758,2025-03-30 03:42:00.000000,ACC-N0057,ACC-SMF11,10669.68,USD,XFER,MOB,CA,DE,,
T-000759,2025-05-15 10:26:00.000000,ACC-N0182,ACC-N0143,6493.46,USD,XFER,ONL,SG,CA,,
T-000760,2025-03-16 13:16:00.000000,ACC-N0095,ACC-N0014,6025.86,USD,XFER,ONL,SG,GB,,
T-000761,2025-03-21 09:49:00.000000,ACC-N0027,ACC-N0190,7716.67,USD,WD,ATM,DE,JP,,
T-000762,2025-03-30 15:43:03.142809,ACC-HUB03,ACC-SMF13,7238.73,USD,XFER,ONL,US,US,Y,SMURFING
T-000763,2025-03-14 18:17:00.000000,ACC-STR10,ACC-N0204,9240.53,USD,XFER,BRN,US,US,Y,STRUCTURING
T-000764,2025-03-20 08:53:00.000000,ACC-N0210,ACC-HUB03,13248.76,USD,XFER,ONL,FR,US,,
T-000765,2025-05-13 19:46:00.000000,ACC-N0160,ACC-N0178,5329.4,USD,XFER,MOB,SG,DE,,
T-000766,2025-03-22 14:31:00.000000,ACC-N0134,ACC-STR01,10247.46,USD,WD,ATM,US,JP,,
T-000767,2025-04-13 13:33:00.000000,ACC-N0123,ACC-N0057,822.02,USD,XFER,ONL,FR,AU,,
T-000768,2025-03-28 00:15:00.000000,ACC-STR07,ACC-N0148,10837.27,USD,WD,ATM,AU,FR,,
T-000769,2025-04-18 14:09:00.000000,ACC-N0037,ACC-N0216,1879.7,USD,XFER,ONL,GB,GB,,
T-000770,2025-03-22 18:12:00.000000,ACC-N0028,ACC-N0109,12572.94,USD,XFER,MOB,US,US,,
T-000771,2025-03-13 00:31:00.000000,ACC-STR06,ACC-N0114,5478.65,USD,XFER,MOB,FR,SG,,
T-000772,2025-05-13 07:53:00.000000,ACC-N0017,ACC-LAY04,7825.16,USD,WD,ATM,US,FR,,
T-000773,2025-03-15 13:17:00.000000,ACC-N0210,ACC-N0092,5624.4,USD,XFER,MOB,DE,DE,,
T-000774,2025-04-05 05:07:00.000000,ACC-STR07,ACC-N0081,9977.78,USD,CSH,BRN,US,US,Y,STRUCTURING
T-000775,2025-05-26 01:09:00.000000,ACC-SMF23,ACC-N0004,9363.48,USD,XFER,MOB,FR,DE,,
T-000776,2025-03-07 17:17:50.962033,ACC-RCO08,ACC-N0049,8711.93,USD,CSH,ATM,US,US,Y,RAPID_CASHOUT
T-000777,2025-04-09 08:41:00.000000,ACC-N0112,ACC-N0116,1246.66,USD,XFER,ONL,CA,SG,,
T-000778,2025-03-16 06:30:00.000000,ACC-N0025,ACC-LAY03,14579.03,USD,DEP,BRN,JP,FR,,
T-000779,2025-05-14 20:05:00.000000,ACC-SMF11,ACC-STR03,6617.45,USD,DEP,BRN,SG,FR,,
T-000780,2025-04-21 22:52:00.000000,ACC-N0131,ACC-N0006,5869.11,USD,XFER,ONL,DE,AU,,
T-000781,2025-05-10 15:10:01.882281,ACC-HUB04,ACC-SMF23,7249.05,USD,XFER,ONL,US,US,Y,SMURFING
T-000782,2025-04-05 12:34:00.000000,ACC-HUB01,ACC-N0039,11043.79,USD,XFER,ONL,FR,DE,,
T-000783,2025-05-21 01:40:00.000000,ACC-LAY09,ACC-N0199,5203.08,USD,DEP,ONL,CA,GB,,
T-000784,2025-05-07 08:53:00.000000,ACC-N0064,ACC-N0018,8986.12,USD,DEP,ATM,DE,FR,,
T-000785,2025-05-19 02:40:21.843603,ACC-HUB01,ACC-SMF03,9389.27,USD,XFER,ONL,US,US,Y,SMURFING
T-000786,2025-05-16 22:05:00.000000,ACC-N0116,ACC-N0142,9856.19,USD,XFER,ONL,JP,SG,,
T-000787,2025-05-28 03:30:00.000000,ACC-N0013,ACC-SMF12,1682.79,USD,DEP,ATM,JP,CA,,
T-000788,2025-03-08 07:39:00.000000,ACC-STR08,ACC-N0112,9659.22,USD,XFER,BRN,US,US,Y,STRUCTURING
T-000789,2025-04-27 10:51:00.000000,ACC-N0143,ACC-RCO07,901.97,USD,DEP,BRN,CA,FR,,
T-000790,2025-03-24 00:24:00.000000,ACC-LAY17,ACC-LAY18,360073.91,USD,WIRE,WR,CA,JP,Y,LAYERING
T-000791,2025-04-15 19:36:00.000000,ACC-N0154,ACC-N0119,4253.98,USD,XFER,MOB,US,DE,,
T-000792,2025-04-19 21:12:00.000000,ACC-SMF22,ACC-N0095,1896.05,USD,XFER,ONL,AU,GB,,
T-000793,2025-03-20 22:00:00.000000,ACC-N0168,ACC-N0085,11229.21,USD,WD,ATM,CA,GB,,
T-000794,2025-03-01 11:21:00.000000,ACC-N0217,ACC-N0002,7760.29,USD,XFER,ONL,GB,US,,
T-000795,2025-03-21 01:43:00.000000,ACC-N0101,ACC-SMF23,14533.03,USD,XFER,ONL,DE,JP,,
T-000796,2025-05-08 11:48:00.000000,ACC-STR04,ACC-N0169,2639.65,USD,XFER,MOB,DE,FR,,
T-000797,2025-04-05 13:24:00.000000,ACC-N0085,ACC-LAY22,2334.73,USD,XFER,ONL,JP,JP,,
T-000798,2025-04-16 14:30:00.000000,ACC-N0197,ACC-N0198,13557.62,USD,XFER,ONL,GB,GB,,
T-000799,2025-04-29 11:26:00.000000,ACC-N0106,ACC-LAY24,8921.17,USD,XFER,MOB,US,GB,,
T-000800,2025-05-24 21:03:00.000000,ACC-N0124,ACC-N0198,10974.75,USD,WD,ATM,DE,US,,
T-000801,2025-05-22 10:52:00.000000,ACC-N0131,ACC-N0124,7674.16,USD,WD,BRN,FR,US,,
T-000802,2025-03-02 16:00:00.000000,ACC-N0059,ACC-STR10,7667.59,USD,DEP,ONL,JP,CA,,
T-000803,2025-05-26 12:00:00.000000,ACC-STR04,ACC-LAY19,9278.59,USD,CSH,BRN,US,US,Y,STRUCTURING
T-000804,2025-03-12 02:37:00.000000,ACC-N0210,ACC-N0189,8449.99,USD,XFER,MOB,DE,AU,,
T-000805,2025-04-30 05:08:00.000000,ACC-N0118,ACC-N0135,4254.59,USD,XFER,MOB,DE,US,,
T-000806,2025-04-28 14:39:00.000000,ACC-N0117,ACC-SMF09,12177.67,USD,XFER,ONL,DE,SG,,
T-000807,2025-05-09 11:04:00.000000,ACC-N0116,ACC-N0024,6512.19,USD,XFER,ONL,SG,DE,,
T-000808,2025-05-24 04:23:00.000000,ACC-N0029,ACC-N0175,2458.11,USD,WD,ATM,CA,GB,,
T-000809,2025-04-28 07:59:00.000000,ACC-N0205,ACC-LAY03,9287.61,USD,DEP,ONL,DE,US,,
T-000810,2025-03-31 05:14:00.000000,ACC-N0220,ACC-N0096,6922.48,USD,XFER,ONL,SG,JP,,
T-000811,2025-04-03 05:51:00.000000,ACC-SMF24,ACC-N0161,13439.76,USD,XFER,MOB,AU,DE,,
T-000812,2025-04-21 04:24:00.000000,ACC-N0074,ACC-SMF11,10315.12,USD,WD,BRN,DE,SG,,
T-000813,2025-03-06 16:02:00.000000,ACC-STR09,ACC-N0093,6578.1,USD,XFER,MOB,GB,AU,,
T-000814,2025-03-01 21:51:00.000000,ACC-N0207,ACC-N0069,1875.48,USD,XFER,ONL,FR,AU,,
T-000815,2025-05-01 21:18:00.000000,ACC-STR03,ACC-N0005,9148.06,USD,CSH,BRN,US,US,Y,STRUCTURING
T-000816,2025-05-05 02:14:00.000000,ACC-N0035,ACC-N0083,6520.61,USD,XFER,ONL,US,FR,,
T-000817,2025-04-28 15:12:00.000000,ACC-N0209,ACC-N0101,3358.35,USD,XFER,MOB,CA,SG,,
T-000818,2025-05-02 08:13:00.000000,ACC-N0119,ACC-N0214,3540.23,USD,XFER,MOB,FR,US,,
T-000819,2025-03-25 09:40:00.000000,ACC-LAY02,ACC-N0202,12221.14,USD,DEP,ATM,CA,CA,,
T-000820,2025-04-11 11:39:00.000000,ACC-N0068,ACC-N0155,5967.89,USD,DEP,BRN,JP,FR,,
T-000821,2025-04-23 05:39:00.000000,ACC-N0187,ACC-LAY15,9222.76,USD,WD,BRN,US,US,,
T-000822,2025-03-18 23:52:00.000000,ACC-N0006,ACC-N0201,1234.22,USD,XFER,ONL,DE,GB,,
T-000823,2025-04-14 13:32:00.000000,ACC-N0038,ACC-N0153,3020.54,USD,XFER,MOB,JP,AU,,
T-000824,2025-03-16 18:58:00.000000,ACC-N0166,ACC-N0021,3801.94,USD,DEP,ONL,FR,CA,,
T-000825,2025-04-24 18:44:00.000000,ACC-N0020,ACC-N0150,14759.2,USD,WD,BRN,GB,SG,,
T-000826,2025-03-12 11:06:00.000000,ACC-STR08,ACC-N0112,9191.05,USD,CSH,ATM,US,US,Y,STRUCTURING
T-000827,2025-05-12 05:24:00.000000,ACC-N0113,ACC-N0016,8467.92,USD,WD,ATM,DE,JP,,
T-000828,2025-03-04 09:46:00.000000,ACC-N0100,ACC-RCO02,8229.01,USD,DEP,ONL,AU,SG,,
T-000829,2025-04-26 18:50:00.000000,ACC-N0162,ACC-N0127,6155.91,USD,XFER,MOB,FR,CA,,
T-000830,2025-05-05 20:06:00.000000,ACC-LAY21,ACC-N0013,741.11,USD,DEP,ATM,CA,SG,,
T-000831,2025-04-19 04:17:00.000000,ACC-N0178,ACC-N0123,14850.65,USD,XFER,ONL,US,CA,,
T-000832,2025-04-08 12:20:00.000000,ACC-N0198,ACC-LAY22,8722.51,USD,XFER,ONL,AU,US,,
T-000833,2025-03-17 09:32:00.000000,ACC-N0112,ACC-N0182,9968.0,USD,XFER,ONL,JP,JP,,
T-000834,2025-05-05 11:53:00.000000,ACC-SMF18,ACC-N0135,8818.69,USD,WD,BRN,GB,GB,,
T-000835,2025-04-24 09:53:00.000000,ACC-N0029,ACC-N0147,11414.91,USD,DEP,ATM,US,CA,,
T-000836,2025-03-24 10:25:00.000000,ACC-N0157,ACC-LAY12,9143.59,USD,XFER,MOB,CA,DE,,
T-000837,2025-03-14 21:39:00.000000,ACC-N0213,ACC-N0117,8269.26,USD,WD,BRN,FR,FR,,
T-000838,2025-05-12 19:49:00.000000,ACC-RCO01,ACC-N0149,11013.36,USD,XFER,MOB,AU,DE,,
T-000839,2025-05-21 16:42:00.000000,ACC-N0048,ACC-N0187,11241.61,USD,WD,BRN,FR,JP,,
T-000840,2025-04-16 20:59:00.000000,ACC-N0179,ACC-STR11,9167.47,USD,XFER,MOB,CA,SG,,
T-000841,2025-04-28 13:04:00.000000,ACC-N0001,ACC-LAY02,10348.29,USD,WD,BRN,DE,GB,,
T-000842,2025-04-09 08:37:00.000000,ACC-N0047,ACC-N0009,5249.38,USD,WD,ATM,FR,US,,
T-000843,2025-03-31 02:31:00.000000,ACC-N0190,ACC-N0047,2390.51,USD,WD,BRN,FR,US,,
T-000844,2025-05-01 20:07:00.000000,ACC-N0206,ACC-N0010,12901.64,USD,WD,BRN,US,US,,
T-000845,2025-04-23 15:16:00.000000,ACC-STR08,ACC-N0081,2177.74,USD,WD,ATM,JP,GB,,
T-000846,2025-05-24 01:28:00.000000,ACC-LAY22,ACC-N0124,4384.91,USD,XFER,MOB,SG,FR,,
T-000847,2025-03-16 08:28:00.000000,ACC-STR10,ACC-N0204,9139.1,USD,CSH,ATM,US,US,Y,STRUCTURING
T-000848,2025-05-20 21:16:00.000000,ACC-N0062,ACC-N0146,8569.55,USD,DEP,ONL,FR,DE,,
T-000849,2025-04-14 20:55:00.000000,ACC-N0059,ACC-SMF14,8773.67,USD,WD,ATM,JP,SG,,
T-000850,2025-03-17 10:14:00.000000,ACC-N0110,ACC-N0152,4915.0,USD,XFER,MOB,FR,AU,,
T-000851,2025-04-28 04:28:00.000000,ACC-N0217,ACC-N0134,2466.75,USD,XFER,MOB,CA,FR,,
T-000852,2025-03-18 09:14:00.000000,ACC-N0071,ACC-LAY23,14730.08,USD,XFER,MOB,DE,JP,,
T-000853,2025-05-16 08:01:00.000000,ACC-N0017,ACC-N0200,1901.15,USD,WD,BRN,CA,GB,,
T-000854,2025-05-19 09:55:40.919650,ACC-HUB01,ACC-SMF02,9011.56,USD,XFER,ONL,US,US,Y,SMURFING
T-000855,2025-04-11 08:18:00.000000,ACC-LAY05,ACC-N0078,10357.73,USD,DEP,ATM,SG,US,,
T-000856,2025-03-07 20:57:00.000000,ACC-N0186,ACC-N0217,7741.97,USD,WD,BRN,JP,US,,
T-000857,2025-03-25 09:25:00.000000,ACC-STR01,ACC-SMF24,9385.8,USD,XFER,BRN,US,US,Y,STRUCTURING
T-000858,2025-03-08 22:55:00.000000,ACC-N0067,ACC-N0043,10892.53,USD,XFER,ONL,JP,AU,,
T-000859,2025-05-15 09:32:00.000000,ACC-STR02,ACC-N0162,8897.69,USD,XFER,BRN,US,US,Y,STRUCTURING
T-000860,2025-05-05 21:57:00.000000,ACC-N0219,ACC-N0213,4803.71,USD,XFER,ONL,GB,FR,,
T-000861,2025-05-17 21:31:00.000000,ACC-N0022,ACC-N0138,9768.1,USD,DEP,ONL,GB,CA,,
T-000862,2025-05-29 12:37:00.000000,ACC-SMF12,ACC-N0187,3137.99,USD,XFER,ONL,JP,CA,,
T-000863,2025-04-30 13:28:00.000000,ACC-N0108,ACC-STR09,14030.98,USD,DEP,BRN,DE,US,,
T-000864,2025-04-16 23:44:00.000000,ACC-N0104,ACC-N0001,7046.97,USD,WD,BRN,FR,JP,,
T-000865,2025-03-12 22:31:00.000000,ACC-N0175,ACC-N0144,11788.33,USD,WD,BRN,FR,SG,,
T-000866,2025-05-19 09:04:00.000000,ACC-N0139,ACC-LAY12,14730.41,USD,WD,ATM,AU,CA,,
T-000867,2025-05-23 00:16:00.000000,ACC-N0132,ACC-N0121,8240.4,USD,XFER,ONL,AU,GB,,
T-000868,2025-05-06 05:42:52.418157,ACC-RCO10,ACC-SMF01,7046.32,USD,CSH,ATM,US,US,Y,RAPID_CASHOUT
T-000869,2025-05-10 03:09:00.000000,ACC-STR08,ACC-N0171,2470.71,USD,XFER,MOB,FR,JP,,
T-000870,2025-05-03 12:57:00.000000,ACC-STR06,ACC-SMF24,8932.54,USD,CSH,ATM,US,US,Y,STRUCTURING
T-000871,2025-05-09 20:48:00.000000,ACC-LAY10,ACC-LAY19,7865.37,USD,XFER,MOB,GB,SG,,
T-000872,2025-05-10 16:33:00.000000,ACC-N0025,ACC-N0058,11929.67,USD,XFER,MOB,AU,CA,,
T-000873,2025-05-26 08:37:00.000000,ACC-N0174,ACC-N0139,1362.55,USD,XFER,ONL,FR,GB,,
T-000874,2025-03-04 17:37:00.000000,ACC-N0181,ACC-N0130,10465.35,USD,XFER,ONL,SG,GB,,
T-000875,2025-04-11 18:24:00.000000,ACC-N0053,ACC-N0169,5646.63,USD,XFER,MOB,GB,AU,,
T-000876,2025-04-07 22:49:00.000000,ACC-N0196,ACC-N0032,8822.32,USD,XFER,MOB,SG,CA,,
T-000877,2025-05-23 22:57:00.000000,ACC-N0085,ACC-LAY10,14467.93,USD,DEP,ATM,FR,CA,,
T-000878,2025-05-19 23:51:00.000000,ACC-HUB02,ACC-N0143,14791.05,USD,WD,BRN,CA,AU,,
T-000879,2025-05-06 10:36:00.000000,ACC-RCO04,ACC-N0213,10447.23,USD,DEP,ATM,CA,AU,,
T-000880,2025-04-14 14:28:00.000000,ACC-STR09,ACC-N0035,9313.05,USD,XFER,BRN,US,US,Y,STRUCTURING
T-000881,2025-03-18 01:29:00.000000,ACC-N0202,ACC-N0120,445.93,USD,WD,BRN,DE,GB,,
T-000882,2025-05-10 19:57:00.000000,ACC-N0004,ACC-N0023,5478.96,USD,DEP,ATM,FR,DE,,
T-000883,2025-03-01 14:21:00.000000,ACC-SMF09,ACC-N0139,11612.13,USD,XFER,ONL,DE,DE,,
T-000884,2025-03-07 18:28:00.000000,ACC-LAY08,ACC-N0081,5905.48,USD,DEP,ATM,DE,US,,
T-000885,2025-04-20 05:10:00.000000,ACC-N0022,ACC-N0138,9102.36,USD,XFER,ONL,SG,CA,,
T-000886,2025-03-30 05:34:00.000000,ACC-N0207,ACC-N0088,6321.69,USD,XFER,ONL,SG,CA,,
T-000887,2025-03-30 10:16:00.000000,ACC-SMF12,ACC-N0180,11758.07,USD,WD,ATM,DE,GB,,
T-000888,2025-03-14 08:08:00.000000,ACC-N0149,ACC-N0132,9237.77,USD,DEP,BRN,GB,GB,,
T-000889,2025-05-01 00:10:35.990160,ACC-RCO06,ACC-STR02,7326.82,USD,CSH,ATM,US,US,Y,RAPID_CASHOUT
T-000890,2025-03-23 19:11:00.000000,ACC-N0032,ACC-N0128,4784.98,USD,DEP,ONL,US,CA,,
T-000891,2025-05-05 09:35:00.000000,ACC-N0111,ACC-N0184,953.65,USD,XFER,MOB,SG,SG,,
T-000892,2025-03-04 21:33:00.000000,ACC-N0047,ACC-N0164,5065.81,USD,XFER,ONL,GB,SG,,
T-000893,2025-05-08 06:25:00.000000,ACC-SMF03,ACC-N0061,5195.76,USD,XFER,ONL,GB,GB,,
T-000894,2025-05-05 02:54:00.000000,ACC-N0149,ACC-N0096,5459.45,USD,DEP,ONL,GB,AU,,
T-000895,2025-05-26 18:34:00.000000,ACC-LAY05,ACC-LAY20,8796.97,USD,XFER,MOB,US,GB,,
T-000896,2025-03-14 18:38:00.000000,ACC-N0031,ACC-N0028,7699.15,USD,WD,ATM,FR,AU,,
T-000897,2025-04-29 03:28:00.000000,ACC-N0088,ACC-N0134,7549.76,USD,WD,BRN,US,GB,,
T-000898,2025-04-25 21:38:00.000000,ACC-SMF12,ACC-N0190,11061.27,USD,XFER,MOB,DE,SG,,
T-000899,2025-03-26 02:02:00.000000,ACC-N0034,ACC-N0198,6504.88,USD,XFER,MOB,AU,AU,,
T-000900,2025-05-20 11:36:00.000000,ACC-N0020,ACC-N0135,8738.09,USD,XFER,MOB,GB,SG,,
T-000901,2025-04-25 09:08:00.000000,ACC-N0202,ACC-LAY15,9488.24,USD,XFER,MOB,SG,AU,,
T-000902,2025-03-26 19:22:00.000000,ACC-STR11,ACC-N0088,9338.64,USD,CSH,BRN,US,US,Y,STRUCTURING
T-000903,2025-03-13 23:33:00.000000,ACC-N0170,ACC-SMF14,3028.2,USD,DEP,BRN,FR,SG,,
T-000904,2025-04-15 14:04:00.000000,ACC-N0168,ACC-N0139,10611.06,USD,XFER,MOB,CA,GB,,
T-000905,2025-03-10 00:32:00.000000,ACC-N0040,ACC-N0167,1629.36,USD,WD,ATM,FR,JP,,
T-000906,2025-04-27 05:26:00.000000,ACC-RCO01,ACC-SMF21,11823.81,USD,WD,BRN,DE,GB,,
T-000907,2025-05-08 01:04:00.000000,ACC-N0197,ACC-LAY07,8037.69,USD,DEP,BRN,AU,FR,,
T-000908,2025-03-23 18:55:00.000000,ACC-N0199,ACC-N0082,185.3,USD,XFER,MOB,AU,AU,,
T-000909,2025-04-30 17:01:00.000000,ACC-N0146,ACC-SMF15,5998.75,USD,XFER,MOB,US,CA,,
T-000910,2025-03-19 00:47:00.000000,ACC-N0142,ACC-N0066,12790.4,USD,WD,ATM,CA,CA,,
T-000911,2025-03-31 16:58:00.000000,ACC-N0039,ACC-SMF03,1093.5,USD,WD,ATM,AU,CA,,
T-000912,2025-03-30 21:55:00.000000,ACC-N0046,ACC-N0015,4169.08,USD,XFER,ONL,FR,CA,,
T-000913,2025-05-14 04:16:00.000000,ACC-LAY20,ACC-N0186,10695.17,USD,DEP,BRN,FR,JP,,
T-000914,2025-04-20 12:50:00.000000,ACC-N0137,ACC-N0191,8060.36,USD,DEP,ATM,DE,CA,,
T-000915,2025-05-20 07:53:00.000000,ACC-N0134,ACC-N0159,69.88,USD,XFER,MOB,JP,AU,,
T-000916,2025-04-02 15:10:00.000000,ACC-N0128,ACC-N0021,10881.94,USD,XFER,MOB,FR,JP,,
T-000917,2025-04-14 12:34:00.000000,ACC-N0171,ACC-N0147,13230.36,USD,XFER,MOB,FR,CA,,
T-000918,2025-05-25 08:27:00.000000,ACC-N0164,ACC-N0113,1592.91,USD,XFER,MOB,DE,SG,,
T-000919,2025-03-02 15:54:00.000000,ACC-N0211,ACC-SMF10,9748.09,USD,WD,ATM,DE,DE,,
T-000920,2025-04-28 00:44:00.000000,ACC-N0156,ACC-LAY03,8880.78,USD,DEP,ONL,US,GB,,
T-000921,2025-04-07 11:12:00.000000,ACC-N0102,ACC-N0098,1804.53,USD,XFER,ONL,FR,GB,,
T-000922,2025-05-26 02:41:00.000000,ACC-STR04,ACC-LAY19,9235.39,USD,XFER,ATM,US,US,Y,STRUCTURING
T-000923,2025-03-16 17:17:00.000000,ACC-STR10,ACC-N0204,8840.57,USD,CSH,BRN,US,US,Y,STRUCTURING
T-000924,2025-05-29 07:03:00.000000,ACC-N0162,ACC-RCO01,12452.65,USD,WD,ATM,FR,SG,,
T-000925,2025-05-04 07:54:00.000000,ACC-N0138,ACC-N0056,11791.92,USD,XFER,ONL,FR,DE,,
T-000926,2025-05-18 10:20:00.000000,ACC-N0160,ACC-HUB04,5621.86,USD,XFER,ONL,CA,GB,,
T-000927,2025-05-18 04:02:00.000000,ACC-N0163,ACC-N0080,14843.85,USD,DEP,BRN,CA,CA,,
T-000928,2025-05-08 05:53:00.000000,ACC-LAY18,ACC-N0195,3014.76,USD,DEP,BRN,DE,FR,,
T-000929,2025-05-18 13:27:00.000000,ACC-SMF19,ACC-N0215,11973.23,USD,DEP,ATM,CA,GB,,
T-000930,2025-04-17 18:33:00.000000,ACC-N0171,ACC-STR03,1969.08,USD,XFER,MOB,US,FR,,
T-000931,2025-03-31 13:53:00.000000,ACC-N0043,ACC-N0081,13477.2,USD,XFER,MOB,GB,US,,
T-000932,2025-04-29 23:18:00.000000,ACC-STR05,ACC-N0048,8804.88,USD,XFER,BRN,US,US,Y,STRUCTURING
T-000933,2025-04-26 06:24:00.000000,ACC-N0088,ACC-SMF04,8743.37,USD,XFER,ONL,FR,SG,,
T-000934,2025-04-12 13:06:00.000000,ACC-RCO09,ACC-N0148,6598.83,USD,DEP,BRN,CA,JP,,
T-000935,2025-05-17 02:34:00.000000,ACC-STR02,ACC-N0162,9634.96,USD,XFER,BRN,US,US,Y,STRUCTURING
T-000936,2025-04-03 02:17:00.000000,ACC-N0051,ACC-N0003,6146.99,USD,XFER,ONL,FR,FR,,
T-000937,2025-03-14 02:10:00.000000,ACC-N0103,ACC-N0072,10042.91,USD,DEP,ONL,SG,FR,,
T-000938,2025-03-24 02:03:00.000000,ACC-N0026,ACC-STR06,8344.34,USD,XFER,MOB,US,GB,,
T-000939,2025-05-06 10:37:00.000000,ACC-RCO07,ACC-N0197,6518.71,USD,XFER,MOB,US,SG,,
T-000940,2025-03-07 09:54:00.000000,ACC-N0013,ACC-N0090,10357.47,USD,WD,BRN,CA,CA,,
T-000941,2025-05-18 21:30:00.000000,ACC-N0096,ACC-N0031,9649.8,USD,XFER,ONL,GB,AU,,
T-000942,2025-03-16 15:00:00.000000,ACC-N0045,ACC-N0004,14395.8,USD,XFER,MOB,FR,DE,,
T-000943,2025-03-02 01:49:00.000000,ACC-SMF07,ACC-N0020,8716.85,USD,WD,ATM,GB,AU,,
T-000944,2025-05-19 13:00:00.000000,ACC-N0028,ACC-SMF12,5751.57,USD,WD,BRN,SG,CA,,
T-000945,2025-03-14 11:57:00.000000,ACC-N0109,ACC-N0123,14858.38,USD,XFER,ONL,CA,CA,,
T-000946,2025-05-18 11:16:00.000000,ACC-STR11,ACC-N0077,9959.43,USD,DEP,BRN,SG,SG,,
T-000947,2025-03-14 06:02:00.000000,ACC-STR09,ACC-N0060,3949.89,USD,XFER,ONL,CA,AU,,
T-000948,2025-05-24 09:47:00.000000,ACC-N0122,ACC-N0012,14620.29,USD,WD,ATM,CA,AU,,
T-000949,2025-04-30 17:02:00.000000,ACC-N0080,ACC-STR07,6835.95,USD,XFER,ONL,JP,DE,,
T-000950,2025-04-04 00:31:12.084457,ACC-RCO03,ACC-N0207,3931.17,USD,CSH,ATM,US,US,Y,RAPID_CASHOUT
T-000951,2025-05-18 04:51:00.000000,ACC-N0127,ACC-N0069,12039.19,USD,XFER,MOB,DE,US,,
T-000952,2025-03-31 07:23:00.000000,ACC-N0194,ACC-N0205,13199.55,USD,XFER,MOB,GB,DE,,
T-000953,2025-05-05 03:10:00.000000,ACC-STR03,ACC-N0005,9818.82,USD,XFER,ATM,US,US,Y,STRUCTURING
T-000954,2025-04-25 08:16:00.000000,ACC-N0139,ACC-N0033,9769.63,USD,XFER,ONL,FR,JP,,
T-000955,2025-04-09 19:17:00.000000,ACC-N0125,ACC-N0109,1873.15,USD,XFER,MOB,GB,JP,,
T-000956,2025-04-02 11:24:00.000000,ACC-N0209,ACC-N0013,10506.43,USD,XFER,MOB,AU,CA,,
T-000957,2025-03-21 20:40:00.000000,ACC-N0016,ACC-N0129,5931.59,USD,DEP,BRN,FR,AU,,
T-000958,2025-04-11 01:26:00.000000,ACC-N0031,ACC-N0030,8007.48,USD,XFER,ONL,US,SG,,
T-000959,2025-05-08 08:33:00.000000,ACC-SMF20,ACC-N0006,3681.97,USD,DEP,ONL,FR,US,,
T-000960,2025-04-23 14:30:00.000000,ACC-N0029,ACC-N0076,3908.85,USD,XFER,MOB,SG,FR,,
T-000961,2025-05-25 19:08:00.000000,ACC-N0012,ACC-N0045,3571.0,USD,XFER,ONL,SG,US,,
T-000962,2025-04-24 07:42:00.000000,ACC-N0109,ACC-N0041,5081.45,USD,XFER,MOB,CA,FR,,
T-000963,2025-03-02 09:27:00.000000,ACC-N0070,ACC-N0094,2531.3,USD,WD,BRN,JP,GB,,
T-000964,2025-05-05 07:08:00.000000,ACC-N0107,ACC-N0153,578.6,USD,WD,BRN,CA,JP,,
T-000965,2025-03-16 09:30:00.000000,ACC-N0216,ACC-N0055,13711.7,USD,WD,BRN,FR,FR,,
T-000966,2025-04-17 05:37:00.000000,ACC-HUB03,ACC-N0163,6293.89,USD,DEP,ONL,US,FR,,
T-000967,2025-05-11 22:05:00.000000,ACC-N0132,ACC-N0159,8912.02,USD,WD,BRN,SG,DE,,
T-000968,2025-04-30 00:48:00.000000,ACC-STR09,ACC-N0215,4238.75,USD,WD,ATM,GB,GB,,
T-000969,2025-04-16 00:56:00.000000,ACC-N0118,ACC-N0177,7502.55,USD,WD,BRN,DE,CA,,
T-000970,2025-04-18 19:05:00.000000,ACC-N0152,ACC-N0109,10043.66,USD,DEP,ATM,FR,SG,,
T-000971,2025-03-23 22:00:00.000000,ACC-N0068,ACC-N0092,4470.34,USD,WD,ATM,US,AU,,
T-000972,2025-05-06 06:09:00.000000,ACC-STR02,ACC-N0051,1641.72,USD,DEP,ATM,AU,DE,,
T-000973,2025-03-11 07:37:00.000000,ACC-N0070,ACC-N0162,7274.65,USD,WD,BRN,JP,DE,,
T-000974,2025-05-03 01:11:00.000000,ACC-N0050,ACC-N0036,1814.17,USD,XFER,ONL,AU,CA,,
T-000975,2025-04-06 22:06:00.000000,ACC-N0093,ACC-N0011,9823.67,USD,DEP,ATM,GB,CA,,
T-000976,2025-03-04 21:16:00.000000,ACC-N0190,ACC-LAY02,1531.9,USD,XFER,ONL,CA,SG,,
T-000977,2025-04-10 13:49:00.000000,ACC-N0197,ACC-N0165,8774.91,USD,XFER,MOB,GB,GB,,
T-000978,2025-04-04 23:10:00.000000,ACC-N0116,ACC-N0121,9899.41,USD,XFER,MOB,SG,CA,,
T-000979,2025-05-28 05:25:00.000000,ACC-N0056,ACC-N0033,1953.24,USD,WD,ATM,FR,CA,,
T-000980,2025-03-11 09:08:00.000000,ACC-N0048,ACC-N0215,937.11,USD,XFER,ONL,DE,AU,,
T-000981,2025-05-16 08:22:00.000000,ACC-N0043,ACC-HUB04,12674.01,USD,XFER,ONL,SG,GB,,
T-000982,2025-04-19 06:34:00.000000,ACC-N0181,ACC-N0062,13174.87,USD,XFER,ONL,SG,DE,,
T-000983,2025-03-25 10:09:00.000000,ACC-N0020,ACC-N0090,6572.49,USD,XFER,MOB,CA,AU,,
T-000984,2025-03-17 04:28:00.000000,ACC-N0026,ACC-N0130,11665.93,USD,XFER,MOB,DE,AU,,
T-000985,2025-03-23 06:00:00.000000,ACC-N0085,ACC-N0102,2012.26,USD,WD,BRN,DE,FR,,
T-000986,2025-04-29 04:27:00.000000,ACC-N0130,ACC-N0095,14731.02,USD,XFER,ONL,SG,SG,,
T-000987,2025-05-21 14:10:00.000000,ACC-N0220,ACC-STR10,3416.14,USD,XFER,ONL,AU,SG,,
T-000988,2025-04-17 14:37:00.000000,ACC-N0012,ACC-N0141,9124.76,USD,WD,ATM,AU,US,,
T-000989,2025-04-29 15:54:00.000000,ACC-N0086,ACC-N0079,11844.7,USD,DEP,ATM,AU,GB,,
T-000990,2025-05-17 22:39:00.000000,ACC-LAY07,ACC-N0140,1442.15,USD,XFER,MOB,SG,FR,,
T-000991,2025-04-07 11:16:00.000000,ACC-N0136,ACC-N0020,4477.25,USD,DEP,ATM,AU,AU,,
T-000992,2025-04-28 13:31:00.000000,ACC-N0063,ACC-N0189,6697.95,USD,WD,ATM,CA,SG,,
T-000993,2025-05-15 03:56:00.000000,ACC-N0179,ACC-STR02,4180.02,USD,XFER,MOB,FR,GB,,
T-000994,2025-03-06 16:56:00.000000,ACC-RCO07,ACC-N0196,10717.48,USD,XFER,ONL,DE,FR,,
T-000995,2025-03-04 05:29:00.000000,ACC-N0013,ACC-N0064,14567.27,USD,WD,ATM,JP,CA,,
T-000996,2025-05-22 21:47:00.000000,ACC-STR04,ACC-LAY19,9761.01,USD,XFER,ATM,US,US,Y,STRUCTURING
T-000997,2025-05-01 02:05:00.000000,ACC-STR06,ACC-SMF24,9243.24,USD,CSH,BRN,US,US,Y,STRUCTURING
T-000998,2025-04-02 16:28:00.000000,ACC-N0185,ACC-N0161,3198.64,USD,WD,BRN,US,GB,,
T-000999,2025-05-19 08:10:00.000000,ACC-LAY10,ACC-N0129,2100.81,USD,XFER,ONL,DE,SG,,
T-001000,2025-03-09 23:21:00.000000,ACC-N0025,ACC-N0160,14492.6,USD,XFER,MOB,CA,FR,,
T-001001,2025-04-18 22:30:00.000000,ACC-N0166,ACC-N0104,8890.96,USD,XFER,MOB,DE,US,,
T-001002,2025-05-14 00:18:00.000000,ACC-N0202,ACC-STR02,2332.48,USD,XFER,MOB,CA,CA,,
T-001003,2025-05-18 14:04:15.695509,ACC-HUB01,ACC-SMF01,8177.05,USD,XFER,ONL,US,US,Y,SMURFING
T-001004,2025-03-20 09:48:00.000000,ACC-N0036,ACC-N0037,3573.68,USD,XFER,ONL,GB,US,,
T-001005,2025-05-01 13:08:00.000000,ACC-N0088,ACC-SMF07,9279.99,USD,XFER,ONL,DE,FR,,
T-001006,2025-04-19 02:25:00.000000,ACC-STR09,ACC-N0035,9395.26,USD,XFER,BRN,US,US,Y,STRUCTURING
T-001007,2025-04-28 00:59:00.000000,ACC-N0132,ACC-N0211,12844.16,USD,XFER,MOB,US,GB,,
T-001008,2025-05-29 17:14:00.000000,ACC-N0058,ACC-N0124,7885.79,USD,XFER,ONL,FR,JP,,
T-001009,2025-04-21 17:09:00.000000,ACC-N0080,ACC-N0082,296.5,USD,XFER,ONL,GB,SG,,
T-001010,2025-03-17 19:19:44.437870,ACC-RCO01,ACC-N0096,14757.25,USD,CSH,BRN,US,US,Y,RAPID_CASHOUT
T-001011,2025-05-04 10:16:00.000000,ACC-STR07,ACC-SMF12,127.48,USD,WD,BRN,JP,US,,
T-001012,2025-05-25 20:09:00.000000,ACC-N0098,ACC-N0037,3441.37,USD,XFER,ONL,US,GB,,
T-001013,2025-05-26 23:27:00.000000,ACC-LAY15,ACC-N0215,4152.37,USD,WD,ATM,FR,GB,,
T-001014,2025-04-07 16:50:00.000000,ACC-N0205,ACC-N0173,13495.15,USD,XFER,ONL,FR,SG,,
T-001015,2025-03-02 03:34:00.000000,ACC-N0074,ACC-N0199,9030.18,USD,XFER,MOB,GB,US,,
T-001016,2025-04-18 10:14:00.000000,ACC-STR09,ACC-N0035,9711.13,USD,CSH,ATM,US,US,Y,STRUCTURING
T-001017,2025-03-03 13:06:39.961987,ACC-HUB02,ACC-SMF07,7769.23,USD,XFER,ONL,US,US,Y,SMURFING
T-001018,2025-05-25 06:01:00.000000,ACC-N0094,ACC-N0176,11631.04,USD,XFER,ONL,DE,US,,
T-001019,2025-04-25 18:43:00.000000,ACC-N0209,ACC-HUB01,11828.01,USD,WD,BRN,US,DE,,
T-001020,2025-05-15 04:12:00.000000,ACC-RCO07,ACC-N0166,3999.26,USD,WD,ATM,GB,AU,,
T-001021,2025-05-22 20:02:00.000000,ACC-N0024,ACC-N0109,6697.02,USD,XFER,MOB,JP,US,,
T-001022,2025-03-17 01:37:00.000000,ACC-LAY17,ACC-N0021,10025.69,USD,XFER,MOB,CA,US,,
T-001023,2025-04-24 04:21:00.000000,ACC-HUB01,ACC-N0152,14396.12,USD,XFER,MOB,JP,DE,,
T-001024,2025-04-22 07:52:00.000000,ACC-LAY05,ACC-N0131,1539.49,USD,DEP,ONL,SG,SG,,
T-001025,2025-05-23 17:29:00.000000,ACC-N0125,ACC-N0033,9339.15,USD,WD,BRN,FR,FR,,
T-001026,2025-05-06 08:18:00.000000,ACC-LAY09,ACC-LAY10,129133.51,USD,WIRE,WR,JP,SG,Y,LAYERING
T-001027,2025-04-18 09:09:00.000000,ACC-N0164,ACC-N0192,10442.81,USD,XFER,MOB,US,CA,,
T-001028,2025-03-06 03:16:00.000000,ACC-N0154,ACC-N0063,161.2,USD,WD,BRN,CA,GB,,
T-001029,2025-03-10 07:36:00.000000,ACC-N0026,ACC-SMF01,8210.7,USD,XFER,MOB,CA,DE,,
T-001030,2025-04-24 18:38:00.000000,ACC-N0093,ACC-N0109,1490.74,USD,WD,ATM,SG,CA,,
T-001031,2025-04-04 05:46:00.000000,ACC-N0187,ACC-N0196,8928.83,USD,DEP,ATM,US,AU,,
T-001032,2025-03-03 09:18:00.000000,ACC-N0100,ACC-N0187,7441.9,USD,XFER,ONL,DE,AU,,
T-001033,2025-04-04 18:05:00.000000,ACC-N0095,ACC-N0215,11306.31,USD,DEP,BRN,FR,DE,,
T-001034,2025-04-17 15:50:00.000000,ACC-N0201,ACC-N0199,7254.51,USD,DEP,BRN,DE,CA,,
T-001035,2025-04-01 08:49:00.000000,ACC-N0145,ACC-N0197,8833.48,USD,WD,ATM,SG,JP,,
T-001036,2025-05-27 09:10:00.000000,ACC-N0018,ACC-RCO08,10670.34,USD,XFER,ONL,DE,DE,,
T-001037,2025-04-22 08:31:00.000000,ACC-N0054,ACC-N0086,2833.48,USD,DEP,BRN,AU,AU,,
T-001038,2025-05-01 12:00:00.000000,ACC-N0045,ACC-N0094,7923.23,USD,DEP,ATM,SG,FR,,
T-001039,2025-05-02 06:19:00.000000,ACC-N0077,ACC-N0057,10829.38,USD,WD,ATM,AU,DE,,
T-001040,2025-05-11 17:36:00.873325,ACC-HUB04,ACC-SMF24,7559.35,USD,XFER,ONL,US,US,Y,SMURFING
T-001041,2025-04-14 04:22:00.000000,ACC-N0063,ACC-SMF23,13833.17,USD,DEP,BRN,FR,GB,,
T-001042,2025-05-04 21:32:00.000000,ACC-N0035,ACC-N0052,8642.68,USD,WD,BRN,JP,DE,,
T-001043,2025-04-27 06:27:00.000000,ACC-N0087,ACC-LAY11,13510.85,USD,WD,ATM,CA,CA,,
T-001044,2025-05-09 09:28:00.000000,ACC-N0068,ACC-N0046,9578.23,USD,XFER,MOB,CA,AU,,
T-001045,2025-03-29 00:10:00.000000,ACC-SMF20,ACC-SMF03,10082.76,USD,WD,ATM,SG,DE,,
T-001046,2025-05-01 03:39:24.720714,ACC-RCO06,ACC-STR07,7326.82,USD,CSH,ATM,US,US,Y,RAPID_CASHOUT
T-001047,2025-04-17 16:03:00.000000,ACC-N0091,ACC-N0061,14081.23,USD,XFER,MOB,GB,DE,,
T-001048,2025-04-14 11:26:00.000000,ACC-N0010,ACC-N0145,6005.72,USD,XFER,ONL,GB,FR,,
T-001049,2025-05-04 22:43:00.000000,ACC-LAY04,ACC-N0069,10249.44,USD,XFER,ONL,FR,US,,
T-001050,2025-04-07 02:26:00.000000,ACC-N0094,ACC-SMF18,13838.86,USD,DEP,ONL,CA,DE,,
T-001051,2025-04-29 14:49:00.000000,ACC-N0154,ACC-LAY23,1808.33,USD,XFER,MOB,GB,SG,,
T-001052,2025-03-04 12:33:00.000000,ACC-N0170,ACC-N0015,1866.48,USD,XFER,MOB,SG,CA,,
T-001053,2025-03-23 16:07:00.000000,ACC-N0142,ACC-N0122,10499.45,USD,XFER,MOB,US,JP,,
T-001054,2025-04-16 18:19:00.000000,ACC-N0075,ACC-N0070,14100.45,USD,XFER,MOB,FR,US,,
T-001055,2025-03-07 17:31:00.000000,ACC-N0109,ACC-LAY01,5807.25,USD,XFER,MOB,JP,FR,,
T-001056,2025-03-24 00:45:00.000000,ACC-N0106,ACC-N0026,12377.08,USD,DEP,ATM,SG,JP,,
T-001057,2025-05-28 22:32:00.000000,ACC-LAY17,ACC-N0045,4505.1,USD,DEP,BRN,GB,GB,,
T-001058,2025-03-28 06:18:00.000000,ACC-N0080,ACC-N0213,5864.78,USD,XFER,ONL,JP,JP,,
T-001059,2025-05-13 00:08:00.000000,ACC-N0216,ACC-SMF01,4444.47,USD,DEP,BRN,SG,US,,
T-001060,2025-04-14 10:44:00.000000,ACC-STR12,ACC-N0107,9370.59,USD,XFER,ATM,US,US,Y,STRUCTURING
T-001061,2025-05-08 05:05:00.000000,ACC-SMF22,ACC-N0128,1893.81,USD,XFER,MOB,SG,JP,,
T-001062,2025-03-09 02:02:00.000000,ACC-LAY12,ACC-LAY16,12929.31,USD,XFER,ONL,AU,JP,,
T-001063,2025-04-09 03:36:00.000000,ACC-N0176,ACC-LAY07,8686.93,USD,XFER,ONL,GB,AU,,
T-001064,2025-04-07 01:38:00.000000,ACC-N0083,ACC-SMF04,3530.71,USD,WD,ATM,GB,FR,,
T-001065,2025-04-03 03:25:00.000000,ACC-LAY01,ACC-LAY02,83672.82,USD,WIRE,WR,JP,SG,Y,LAYERING
T-001066,2025-05-25 15:59:00.000000,ACC-N0149,ACC-N0032,2659.73,USD,DEP,BRN,CA,SG,,
T-001067,2025-03-08 01:23:00.000000,ACC-STR08,ACC-N0112,9759.69,USD,XFER,BRN,US,US,Y,STRUCTURING
T-001068,2025-05-27 16:25:00.000000,ACC-N0046,ACC-N0115,5149.86,USD,WD,ATM,JP,CA,,
T-001069,2025-04-01 06:27:00.000000,ACC-N0160,ACC-SMF02,14762.26,USD,XFER,MOB,DE,GB,,
T-001070,2025-04-10 00:32:00.000000,ACC-N0114,ACC-N0021,661.32,USD,DEP,ONL,AU,JP,,
T-001071,2025-05-18 16:18:23.641710,ACC-HUB01,ACC-SMF05,7544.48,USD,XFER,ONL,US,US,Y,SMURFING
T-001072,2025-03-17 20:49:00.000000,ACC-N0091,ACC-RCO06,14636.83,USD,XFER,MOB,AU,FR,,
T-001073,2025-05-01 19:34:00.000000,ACC-N0160,ACC-N0119,1706.15,USD,XFER,ONL,AU,FR,,
T-001074,2025-03-19 19:38:00.000000,ACC-STR01,ACC-SMF24,8915.17,USD,CSH,ATM,US,US,Y,STRUCTURING
T-001075,2025-03-20 05:32:00.000000,ACC-STR01,ACC-SMF24,9422.9,USD,XFER,ATM,US,US,Y,STRUCTURING
T-001076,2025-04-11 15:09:00.000000,ACC-N0218,ACC-N0053,14247.81,USD,WD,BRN,CA,CA,,
T-001077,2025-04-01 17:17:00.000000,ACC-N0136,ACC-SMF08,9702.31,USD,XFER,ONL,FR,US,,
T-001078,2025-03-09 18:25:00.000000,ACC-N0038,ACC-LAY01,4940.22,USD,XFER,MOB,AU,DE,,
T-001079,2025-05-19 13:55:00.000000,ACC-N0206,ACC-N0083,4200.51,USD,XFER,ONL,SG,SG,,
T-001080,2025-05-06 20:18:00.000000,ACC-LAY10,ACC-LAY11,127372.17,USD,WIRE,WR,SG,AU,Y,LAYERING
T-001081,2025-05-12 13:00:00.000000,ACC-N0006,ACC-N0080,10931.64,USD,WD,BRN,SG,AU,,
T-001082,2025-05-13 10:51:00.000000,ACC-N0173,ACC-N0159,3841.02,USD,XFER,ONL,AU,JP,,
T-001083,2025-05-21 00:48:00.000000,ACC-N0113,ACC-N0087,12823.92,USD,WD,BRN,JP,DE,,
T-001084,2025-03-03 11:37:00.000000,ACC-SMF23,ACC-N0038,1179.14,USD,XFER,MOB,FR,GB,,
T-001085,2025-04-06 17:32:00.000000,ACC-N0106,ACC-N0129,14211.92,USD,XFER,ONL,JP,GB,,
T-001086,2025-05-11 08:05:00.000000,ACC-RCO10,ACC-N0007,10730.12,USD,XFER,MOB,CA,SG,,
T-001087,2025-05-01 11:23:00.000000,ACC-RCO03,ACC-N0167,10284.6,USD,XFER,ONL,JP,FR,,
T-001088,2025-03-09 09:52:00.000000,ACC-STR08,ACC-N0058,10663.92,USD,DEP,BRN,DE,FR,,
T-001089,2025-03-01 02:54:00.000000,ACC-N0128,ACC-N0204,4945.34,USD,WD,ATM,AU,DE,,
T-001090,2025-04-21 12:57:00.000000,ACC-N0141,ACC-SMF02,7998.37,USD,XFER,MOB,DE,GB,,
T-001091,2025-03-15 19:12:00.000000,ACC-N0067,ACC-SMF08,9737.48,USD,XFER,MOB,FR,SG,,
T-001092,2025-05-25 08:26:00.000000,ACC-HUB02,ACC-LAY23,4602.5,USD,XFER,MOB,GB,GB,,
T-001093,2025-04-21 11:59:00.000000,ACC-STR06,ACC-N0122,12655.05,USD,XFER,MOB,DE,DE,,
T-001094,2025-05-08 03:31:14.122118,ACC-RCO09,ACC-N0034,5692.37,USD,CSH,BRN,US,US,Y,RAPID_CASHOUT
T-001095,2025-03-02 05:15:00.000000,ACC-N0119,ACC-RCO03,13236.76,USD,XFER,MOB,GB,GB,,
T-001096,2025-04-06 10:43:00.000000,ACC-N0147,ACC-N0173,5867.46,USD,XFER,MOB,DE,AU,,
T-001097,2025-03-13 14:42:00.000000,ACC-N0139,ACC-STR03,10781.12,USD,XFER,ONL,FR,SG,,
T-001098,2025-03-18 13:56:00.000000,ACC-N0141,ACC-N0183,8619.92,USD,WD,ATM,JP,AU,,
T-001099,2025-05-09 00:42:00.000000,ACC-N0031,ACC-N0023,2799.36,USD,DEP,BRN,CA,US,,
T-001100,2025-03-09 15:18:00.000000,ACC-N0052,ACC-N0067,14902.59,USD,XFER,MOB,FR,SG,,
T-001101,2025-05-20 00:12:38.639672,ACC-HUB01,ACC-SMF04,8885.33,USD,XFER,ONL,US,US,Y,SMURFING
T-001102,2025-05-17 21:40:00.000000,ACC-N0068,ACC-N0060,7172.99,USD,DEP,ATM,AU,US,,
T-001103,2025-05-11 01:38:00.000000,ACC-N0131,ACC-N0008,1984.76,USD,XFER,ONL,FR,AU,,
T-001104,2025-05-17 17:00:00.000000,ACC-N0112,ACC-N0112,14492.88,USD,XFER,MOB,CA,DE,,
T-001105,2025-04-04 06:57:00.000000,ACC-SMF15,ACC-N0006,14276.35,USD,XFER,ONL,GB,JP,,
T-001106,2025-05-18 18:40:12.387107,ACC-HUB01,ACC-SMF03,9363.25,USD,XFER,ONL,US,US,Y,SMURFING
T-001107,2025-03-28 16:25:00.000000,ACC-LAY16,ACC-N0192,5350.16,USD,DEP,ONL,AU,AU,,
T-001108,2025-03-30 02:23:00.000000,ACC-N0071,ACC-N0139,12487.55,USD,XFER,ONL,CA,SG,,
T-001109,2025-04-28 11:48:00.000000,ACC-LAY09,ACC-N0189,1760.06,USD,XFER,MOB,US,SG,,
T-001110,2025-05-18 19:19:00.000000,ACC-N0121,ACC-LAY17,9506.67,USD,DEP,BRN,JP,AU,,
T-001111,2025-05-26 14:55:00.000000,ACC-N0130,ACC-N0064,3210.73,USD,XFER,ONL,JP,JP,,
T-001112,2025-05-22 23:10:00.000000,ACC-N0183,ACC-N0144,7723.28,USD,WD,ATM,DE,DE,,
T-001113,2025-05-22 07:53:00.000000,ACC-N0038,ACC-LAY11,1121.87,USD,DEP,ATM,GB,JP,,
T-001114,2025-04-13 13:55:00.000000,ACC-N0002,ACC-N0211,2104.37,USD,XFER,ONL,US,US,,
T-001115,2025-03-31 03:51:00.000000,ACC-N0052,ACC-N0106,9904.01,USD,XFER,ONL,GB,GB,,
T-001116,2025-04-12 20:21:00.000000,ACC-N0184,ACC-N0058,5813.17,USD,DEP,ONL,GB,CA,,
T-001117,2025-03-26 00:50:00.000000,ACC-N0141,ACC-N0079,3933.36,USD,WD,ATM,AU,JP,,
T-001118,2025-03-03 04:41:16.725061,ACC-HUB02,ACC-SMF11,8365.69,USD,XFER,ONL,US,US,Y,SMURFING
T-001119,2025-03-31 03:01:00.000000,ACC-N0184,ACC-N0147,4289.52,USD,XFER,MOB,GB,FR,,
T-001120,2025-03-13 05:21:00.000000,ACC-N0196,ACC-N0169,8204.79,USD,XFER,ONL,SG,FR,,
T-001121,2025-04-04 02:26:00.000000,ACC-STR03,ACC-N0018,8802.83,USD,DEP,BRN,GB,US,,
T-001122,2025-03-12 08:52:00.000000,ACC-N0001,ACC-N0058,10593.65,USD,WD,ATM,US,AU,,
T-001123,2025-03-24 03:00:00.000000,ACC-N0085,ACC-N0099,2146.96,USD,XFER,MOB,GB,FR,,
T-001124,2025-04-16 05:17:00.000000,ACC-N0105,ACC-LAY10,11501.18,USD,XFER,MOB,DE,SG,,
T-001125,2025-03-26 16:54:00.000000,ACC-N0054,ACC-N0096,6976.95,USD,XFER,ONL,DE,SG,,
T-001126,2025-04-22 14:01:00.000000,ACC-N0131,ACC-N0195,8391.16,USD,XFER,MOB,JP,JP,,
T-001127,2025-04-28 11:10:00.000000,ACC-N0162,ACC-N0034,4900.29,USD,XFER,MOB,DE,AU,,
T-001128,2025-04-15 01:44:00.000000,ACC-N0049,ACC-LAY12,12562.41,USD,XFER,ONL,JP,CA,,
T-001129,2025-04-02 05:27:00.000000,ACC-N0015,ACC-N0120,676.82,USD,WD,ATM,SG,GB,,
T-001130,2025-05-03 19:08:00.000000,ACC-N0202,ACC-N0102,5259.62,USD,DEP,ATM,GB,JP,,
T-001131,2025-04-16 10:08:00.000000,ACC-STR03,ACC-N0071,11952.03,USD,XFER,MOB,US,AU,,
T-001132,2025-03-20 14:31:00.000000,ACC-RCO05,ACC-STR07,2933.08,USD,XFER,MOB,US,CA,,
T-001133,2025-05-03 14:03:00.000000,ACC-N0070,ACC-N0193,1976.44,USD,WD,ATM,SG,US,,
T-001134,2025-05-26 08:18:00.000000,ACC-LAY06,ACC-N0082,4003.21,USD,WD,ATM,DE,AU,,
T-001135,2025-05-06 15:32:00.000000,ACC-N0151,ACC-N0109,4586.89,USD,WD,ATM,FR,CA,,
T-001136,2025-04-18 03:27:00.000000,ACC-N0126,ACC-RCO01,399.8,USD,WD,BRN,JP,US,,
T-001137,2025-03-26 14:13:00.000000,ACC-N0111,ACC-N0052,13374.32,USD,XFER,ONL,SG,CA,,
T-001138,2025-05-26 03:51:00.000000,ACC-N0144,ACC-N0175,8970.5,USD,DEP,ONL,US,DE,,
T-001139,2025-04-04 03:25:00.000000,ACC-LAY03,ACC-LAY04,92280.48,USD,WIRE,WR,FR,US,Y,LAYERING
T-001140,2025-03-14 23:31:16.951304,ACC-RCO07,ACC-N0203,18801.44,USD,CSH,ATM,US,US,Y,RAPID_CASHOUT
T-001141,2025-03-10 11:32:00.000000,ACC-N0016,ACC-N0036,9301.61,USD,XFER,ONL,GB,SG,,
T-001142,2025-05-25 09:37:00.000000,ACC-N0132,ACC-N0183,13043.6,USD,WD,BRN,DE,SG,,
T-001143,2025-05-13 10:57:00.000000,ACC-RCO04,ACC-N0106,7137.18,USD,WD,ATM,CA,CA,,
T-001144,2025-04-09 00:38:00.000000,ACC-N0139,ACC-RCO07,7401.11,USD,DEP,ONL,DE,CA,,
T-001145,2025-03-20 10:26:00.000000,ACC-N0005,ACC-LAY22,7948.87,USD,XFER,ONL,AU,GB,,
T-001146,2025-04-14 05:25:00.000000,ACC-N0156,ACC-N0152,5683.69,USD,XFER,MOB,DE,DE,,
T-001147,2025-03-13 00:19:00.000000,ACC-STR10,ACC-N0030,7794.98,USD,XFER,ONL,JP,DE,,
T-001148,2025-03-04 10:16:00.000000,ACC-N0058,ACC-N0107,6360.87,USD,XFER,MOB,US,US,,
T-001149,2025-05-27 01:24:00.000000,ACC-LAY17,ACC-RCO06,6066.14,USD,WD,BRN,DE,FR,,
T-001150,2025-03-14 13:10:00.000000,ACC-N0202,ACC-N0156,4669.43,USD,DEP,ATM,SG,DE,,
T-001151,2025-05-13 22:04:00.000000,ACC-N0130,ACC-N0208,14251.28,USD,WD,ATM,GB,CA,,
T-001152,2025-04-17 16:58:00.000000,ACC-N0045,ACC-SMF20,7526.25,USD,WD,BRN,GB,SG,,
T-001153,2025-04-02 08:57:00.000000,ACC-N0001,ACC-LAY04,4828.66,USD,XFER,MOB,JP,CA,,
T-001154,2025-03-10 16:47:00.000000,ACC-N0104,ACC-SMF14,2198.62,USD,DEP,ONL,FR,CA,,
T-001155,2025-04-10 17:12:00.000000,ACC-RCO07,ACC-N0206,513.95,USD,DEP,ATM,SG,CA,,
T-001156,2025-03-09 16:43:00.000000,ACC-N0090,ACC-N0148,6043.79,USD,DEP,ATM,SG,GB,,
T-001157,2025-04-04 19:31:00.000000,ACC-N0054,ACC-N0083,8428.54,USD,DEP,BRN,FR,US,,
T-001158,2025-05-15 19:10:00.000000,ACC-N0097,ACC-N0047,11021.46,USD,XFER,MOB,AU,AU,,
T-001159,2025-05-16 12:27:00.000000,ACC-N0135,ACC-N0057,5112.95,USD,WD,ATM,AU,FR,,
T-001160,2025-04-28 22:35:00.000000,ACC-N0149,ACC-N0180,11341.33,USD,WD,ATM,FR,SG,,
T-001161,2025-04-29 07:31:00.000000,ACC-N0179,ACC-N0191,9521.02,USD,XFER,MOB,AU,JP,,
T-001162,2025-05-17 01:03:00.000000,ACC-N0074,ACC-N0112,10672.4,USD,WD,ATM,AU,SG,,
T-001163,2025-03-21 10:45:00.000000,ACC-STR01,ACC-SMF24,9308.67,USD,CSH,BRN,US,US,Y,STRUCTURING
T-001164,2025-03-01 11:13:00.000000,ACC-SMF04,ACC-N0059,3158.34,USD,WD,ATM,GB,JP,,
T-001165,2025-04-18 12:22:00.000000,ACC-N0210,ACC-SMF04,13217.25,USD,XFER,MOB,CA,GB,,
T-001166,2025-05-22 17:04:00.000000,ACC-N0128,ACC-N0191,5615.8,USD,XFER,MOB,FR,SG,,
T-001167,2025-04-12 15:16:00.000000,ACC-SMF23,ACC-N0178,1725.56,USD,DEP,BRN,GB,AU,,
T-001168,2025-05-23 19:46:00.000000,ACC-LAY08,ACC-STR07,13839.6,USD,WD,ATM,AU,JP,,
T-001169,2025-05-23 02:38:00.000000,ACC-RCO08,ACC-N0063,9504.61,USD,WD,BRN,DE,US,,
T-001170,2025-03-02 00:20:45.750114,ACC-HUB02,ACC-SMF09,8852.64,USD,XFER,ONL,US,US,Y,SMURFING
T-001171,2025-04-14 06:45:00.000000,ACC-N0030,ACC-N0162,8744.19,USD,WD,BRN,FR,AU,,
T-001172,2025-05-19 22:27:00.000000,ACC-N0019,ACC-N0190,7524.72,USD,DEP,ATM,JP,DE,,
T-001173,2025-05-26 22:12:00.000000,ACC-N0137,ACC-N0166,11528.07,USD,WD,ATM,GB,GB,,
T-001174,2025-03-11 13:35:00.000000,ACC-N0148,ACC-N0113,5129.74,USD,XFER,ONL,AU,AU,,
T-001175,2025-05-29 20:58:00.000000,ACC-N0175,ACC-N0154,4797.57,USD,XFER,MOB,FR,AU,,
T-001176,2025-04-23 21:51:00.000000,ACC-N0099,ACC-LAY10,14049.72,USD,DEP,ONL,AU,SG,,
T-001177,2025-04-15 05:20:00.000000,ACC-STR12,ACC-N0107,9849.64,USD,CSH,BRN,US,US,Y,STRUCTURING
T-001178,2025-03-15 02:12:00.000000,ACC-N0185,ACC-N0216,4828.64,USD,WD,BRN,CA,SG,,
T-001179,2025-05-15 12:00:00.000000,ACC-N0005,ACC-N0083,12324.02,USD,XFER,MOB,DE,AU,,
T-001180,2025-04-05 09:49:00.000000,ACC-STR07,ACC-N0081,9899.38,USD,XFER,BRN,US,US,Y,STRUCTURING
T-001181,2025-03-26 19:53:00.000000,ACC-N0030,ACC-N0148,5690.67,USD,XFER,MOB,GB,DE,,
T-001182,2025-04-02 18:51:00.000000,ACC-LAY08,ACC-N0052,12923.44,USD,XFER,MOB,DE,FR,,
T-001183,2025-03-09 12:21:00.000000,ACC-LAY20,ACC-N0063,3060.0,USD,XFER,ONL,GB,SG,,
T-001184,2025-05-24 07:16:00.000000,ACC-N0002,ACC-SMF10,10710.09,USD,XFER,ONL,US,US,,
T-001185,2025-03-17 04:22:00.000000,ACC-N0212,ACC-STR03,4334.41,USD,DEP,ATM,FR,CA,,
T-001186,2025-05-01 04:50:00.000000,ACC-N0161,ACC-SMF22,1053.54,USD,DEP,ATM,FR,FR,,
T-001187,2025-05-28 11:50:00.000000,ACC-N0092,ACC-N0073,12101.07,USD,DEP,BRN,SG,GB,,
T-001188,2025-04-23 17:17:00.000000,ACC-LAY20,ACC-RCO05,11922.48,USD,DEP,ATM,CA,CA,,
T-001189,2025-04-20 17:54:00.000000,ACC-N0047,ACC-N0162,5589.2,USD,XFER,MOB,US,JP,,
T-001190,2025-04-07 18:21:00.000000,ACC-STR07,ACC-N0081,9010.76,USD,CSH,ATM,US,US,Y,STRUCTURING
T-001191,2025-04-21 13:45:00.000000,ACC-N0146,ACC-N0209,8176.86,USD,DEP,ONL,CA,US,,
T-001192,2025-05-12 02:57:00.000000,ACC-N0095,ACC-STR06,11840.26,USD,XFER,ONL,CA,GB,,
T-001193,2025-04-27 14:20:00.000000,ACC-N0178,ACC-HUB04,8130.05,USD,WD,BRN,DE,JP,,
T-001194,2025-05-29 12:11:00.000000,ACC-LAY07,ACC-SMF14,1586.97,USD,DEP,ATM,AU,AU,,
T-001195,2025-04-10 15:21:00.000000,ACC-N0058,ACC-N0044,4724.99,USD,WD,BRN,CA,FR,,
T-001196,2025-03-09 18:46:00.000000,ACC-N0202,ACC-N0062,8337.33,USD,XFER,ONL,US,DE,,
T-001197,2025-03-29 16:49:00.000000,ACC-N0124,ACC-N0079,8619.96,USD,DEP,ATM,JP,FR,,
T-001198,2025-04-09 19:24:00.000000,ACC-SMF01,ACC-N0132,12218.13,USD,WD,BRN,SG,US,,
T-001199,2025-04-01 06:12:00.000000,ACC-N0057,ACC-N0173,5197.3,USD,WD,ATM,SG,DE,,
T-001200,2025-04-09 11:31:00.000000,ACC-N0045,ACC-N0150,3414.76,USD,XFER,MOB,AU,US,,
T-001201,2025-04-25 23:07:00.000000,ACC-N0194,ACC-N0066,8079.64,USD,XFER,ONL,JP,DE,,
T-001202,2025-03-12 21:46:00.000000,ACC-N0064,ACC-N0141,1632.66,USD,XFER,MOB,JP,FR,,
T-001203,2025-04-13 10:45:00.000000,ACC-N0177,ACC-LAY18,7844.35,USD,DEP,BRN,FR,AU,,
T-001204,2025-03-24 22:53:00.000000,ACC-SMF13,ACC-N0144,9134.13,USD,XFER,ONL,US,US,,
T-001205,2025-04-20 02:07:00.000000,ACC-N0207,ACC-LAY11,11590.12,USD,DEP,ATM,GB,DE,,
T-001206,2025-05-04 14:31:00.000000,ACC-N0130,ACC-N0046,9366.23,USD,WD,ATM,CA,AU,,
T-001207,2025-03-09 17:02:00.000000,ACC-N0135,ACC-HUB01,107.19,USD,WD,ATM,AU,SG,,
T-001208,2025-04-27 18:59:00.000000,ACC-N0078,ACC-SMF09,3922.32,USD,XFER,MOB,US,SG,,
T-001209,2025-05-09 03:43:00.000000,ACC-N0003,ACC-N0071,5333.67,USD,XFER,ONL,GB,US,,
T-001210,2025-03-18 19:24:00.000000,ACC-N0179,ACC-N0089,6058.13,USD,XFER,ONL,AU,US,,
T-001211,2025-04-09 07:48:00.000000,ACC-N0095,ACC-LAY13,13357.47,USD,WD,BRN,GB,GB,,
T-001212,2025-05-14 06:09:00.000000,ACC-N0059,ACC-N0065,5340.93,USD,WD,ATM,JP,DE,,
T-001213,2025-04-10 04:32:00.000000,ACC-N0203,ACC-N0025,8551.7,USD,XFER,MOB,US,AU,,
T-001214,2025-04-22 02:47:00.000000,ACC-N0095,ACC-RCO06,11976.13,USD,DEP,ATM,GB,AU,,
T-001215,2025-05-19 20:02:00.000000,ACC-N0017,ACC-N0083,789.79,USD,XFER,MOB,FR,DE,,
T-001216,2025-03-31 09:33:00.000000,ACC-RCO10,ACC-N0001,6415.08,USD,XFER,ONL,JP,GB,,
T-001217,2025-05-07 23:55:00.000000,ACC-N0118,ACC-RCO01,1801.65,USD,WD,ATM,CA,CA,,
T-001218,2025-04-30 21:43:00.000000,ACC-N0192,ACC-N0052,77.87,USD,DEP,BRN,DE,CA,,
T-001219,2025-05-09 06:42:00.000000,ACC-SMF17,ACC-SMF02,10180.54,USD,XFER,ONL,DE,SG,,
T-001220,2025-05-07 14:33:00.000000,ACC-LAY21,ACC-N0218,14833.02,USD,DEP,BRN,SG,GB,,
T-001221,2025-05-22 10:43:00.000000,ACC-LAY06,ACC-STR05,6888.44,USD,XFER,ONL,JP,GB,,
T-001222,2025-04-02 13:40:00.000000,ACC-HUB01,ACC-HUB02,12841.98,USD,XFER,MOB,CA,FR,,
T-001223,2025-03-18 11:24:00.000000,ACC-N0059,ACC-N0034,4368.99,USD,XFER,MOB,CA,AU,,
T-001224,2025-05-11 01:47:00.000000,ACC-N0004,ACC-LAY01,12482.49,USD,XFER,ONL,GB,FR,,
T-001225,2025-05-23 11:46:00.000000,ACC-N0190,ACC-N0070,12629.74,USD,WD,BRN,US,CA,,
T-001226,2025-05-06 11:13:29.534218,ACC-RCO10,ACC-N0190,7046.32,USD,CSH,ATM,US,US,Y,RAPID_CASHOUT
T-001227,2025-03-08 03:44:00.000000,ACC-N0212,ACC-N0090,11260.99,USD,XFER,ONL,US,GB,,
T-001228,2025-05-08 15:56:00.000000,ACC-N0132,ACC-N0163,61.76,USD,XFER,MOB,SG,CA,,
T-001229,2025-03-24 22:29:00.000000,ACC-N0061,ACC-N0073,8448.36,USD,WD,ATM,CA,GB,,
T-001230,2025-04-25 15:10:00.000000,ACC-SMF16,ACC-N0152,468.35,USD,XFER,MOB,DE,SG,,
T-001231,2025-04-04 18:50:00.000000,ACC-N0130,ACC-N0081,1438.04,USD,XFER,ONL,GB,FR,,
T-001232,2025-05-09 06:11:00.000000,ACC-N0134,ACC-N0093,4541.23,USD,XFER,MOB,FR,SG,,
T-001233,2025-04-30 15:33:57.918442,ACC-RCO06,ACC-N0009,7326.82,USD,CSH,BRN,US,US,Y,RAPID_CASHOUT
T-001234,2025-05-06 18:00:00.000000,ACC-N0136,ACC-N0012,8710.14,USD,WD,BRN,AU,AU,,
T-001235,2025-05-02 16:02:00.000000,ACC-N0037,ACC-N0115,1792.57,USD,DEP,ONL,AU,SG,,
T-001236,2025-05-12 08:36:50.713931,ACC-HUB04,ACC-SMF20,7068.96,USD,XFER,ONL,US,US,Y,SMURFING
T-001237,2025-03-29 07:34:00.000000,ACC-HUB01,ACC-N0217,14958.19,USD,WD,BRN,US,GB,,
T-001238,2025-05-18 02:06:00.000000,ACC-HUB04,ACC-N0040,2301.94,USD,XFER,MOB,US,CA,,
T-001239,2025-05-25 08:57:00.000000,ACC-N0011,ACC-N0154,7412.03,USD,WD,BRN,FR,GB,,
T-001240,2025-04-06 11:52:00.000000,ACC-N0068,ACC-N0023,12738.26,USD,XFER,MOB,SG,US,,
T-001241,2025-03-19 22:58:00.000000,ACC-N0093,ACC-STR04,1897.1,USD,WD,ATM,GB,CA,,
T-001242,2025-05-10 20:09:00.000000,ACC-N0107,ACC-N0167,1439.27,USD,WD,ATM,AU,CA,,
T-001243,2025-04-25 19:50:00.000000,ACC-STR01,ACC-N0203,2992.18,USD,XFER,ONL,FR,SG,,
T-001244,2025-05-11 16:00:00.000000,ACC-SMF14,ACC-N0094,7386.88,USD,XFER,ONL,AU,US,,
T-001245,2025-03-29 05:30:00.000000,ACC-N0081,ACC-N0022,5377.54,USD,DEP,ATM,SG,US,,
T-001246,2025-04-16 17:50:00.000000,ACC-N0173,ACC-N0118,8340.36,USD,XFER,ONL,US,FR,,
T-001247,2025-05-13 14:57:00.000000,ACC-N0129,ACC-N0201,10012.63,USD,DEP,ONL,CA,SG,,
T-001248,2025-03-24 09:14:00.000000,ACC-N0196,ACC-N0029,8119.83,USD,WD,ATM,JP,GB,,
T-001249,2025-04-28 13:05:00.000000,ACC-N0179,ACC-N0217,14754.76,USD,WD,ATM,GB,CA,,
T-001250,2025-05-19 03:03:34.632592,ACC-HUB01,ACC-SMF05,8117.65,USD,XFER,ONL,US,US,Y,SMURFING
T-001251,2025-04-05 01:21:00.000000,ACC-LAY01,ACC-N0174,9338.39,USD,WD,ATM,JP,US,,
T-001252,2025-05-05 17:23:00.000000,ACC-N0099,ACC-N0152,3997.47,USD,WD,ATM,DE,GB,,
T-001253,2025-04-04 03:57:00.000000,ACC-N0048,ACC-N0155,1465.61,USD,DEP,BRN,AU,CA,,
T-001254,2025-05-03 12:44:00.000000,ACC-N0154,ACC-N0139,9545.94,USD,XFER,MOB,AU,SG,,
T-001255,2025-04-21 22:32:00.000000,ACC-N0176,ACC-N0201,14419.53,USD,XFER,ONL,DE,FR,,
T-001256,2025-04-20 12:53:00.000000,ACC-N0036,ACC-N0182,12431.75,USD,WD,BRN,GB,US,,
T-001257,2025-03-12 20:10:32.467954,ACC-RCO04,ACC-LAY14,8433.8,USD,CSH,BRN,US,US,Y,RAPID_CASHOUT
T-001258,2025-04-11 09:14:00.000000,ACC-SMF06,ACC-N0152,7867.96,USD,XFER,ONL,GB,US,,
T-001259,2025-04-30 05:29:00.000000,ACC-N0212,ACC-N0215,1220.48,USD,XFER,ONL,DE,US,,
T-001260,2025-05-20 13:34:00.000000,ACC-N0100,ACC-N0113,4486.06,USD,XFER,MOB,SG,DE,,
T-001261,2025-04-20 18:59:00.000000,ACC-N0010,ACC-N0016,2165.0,USD,XFER,ONL,FR,US,,
T-001262,2025-05-03 13:47:00.000000,ACC-N0188,ACC-N0020,3487.43,USD,XFER,MOB,DE,JP,,
T-001263,2025-04-15 02:15:00.000000,ACC-LAY17,ACC-N0080,6548.87,USD,WD,BRN,JP,DE,,
T-001264,2025-05-29 03:56:00.000000,ACC-LAY14,ACC-N0110,5836.55,USD,XFER,MOB,GB,GB,,
T-001265,2025-04-29 07:34:00.000000,ACC-STR12,ACC-N0046,7396.35,USD,DEP,ONL,GB,GB,,
T-001266,2025-05-17 16:10:00.000000,ACC-N0152,ACC-N0175,4678.02,USD,WD,ATM,DE,JP,,
T-001267,2025-03-14 20:46:00.000000,ACC-N0010,ACC-N0155,8803.5,USD,XFER,MOB,JP,JP,,
T-001268,2025-05-01 09:26:00.000000,ACC-N0177,ACC-N0173,4061.37,USD,DEP,ATM,JP,CA,,
T-001269,2025-04-23 02:51:00.000000,ACC-RCO05,ACC-SMF11,8856.32,USD,DEP,ONL,GB,GB,,
T-001270,2025-03-29 19:16:00.000000,ACC-N0039,ACC-N0067,12282.66,USD,DEP,BRN,FR,US,,
T-001271,2025-05-03 09:56:00.000000,ACC-N0037,ACC-N0104,798.33,USD,DEP,BRN,GB,US,,
T-001272,2025-03-27 09:06:00.000000,ACC-N0059,ACC-N0069,12586.74,USD,XFER,ONL,AU,JP,,
T-001273,2025-05-11 08:40:00.000000,ACC-SMF09,ACC-N0126,13260.56,USD,DEP,BRN,DE,CA,,
T-001274,2025-03-12 16:37:27.159750,ACC-RCO04,ACC-N0132,8433.8,USD,CSH,BRN,US,US,Y,RAPID_CASHOUT
T-001275,2025-04-09 01:15:00.000000,ACC-N0066,ACC-N0220,7531.72,USD,WD,BRN,SG,CA,,
T-001276,2025-03-13 15:49:00.000000,ACC-N0080,ACC-N0093,6744.19,USD,WD,BRN,FR,AU,,
T-001277,2025-05-22 01:38:00.000000,ACC-N0037,ACC-N0089,4404.31,USD,XFER,MOB,US,FR,,
T-001278,2025-05-29 18:09:00.000000,ACC-N0055,ACC-N0007,1615.02,USD,XFER,MOB,DE,JP,,
T-001279,2025-05-24 04:01:00.000000,ACC-N0179,ACC-N0011,4750.61,USD,XFER,ONL,CA,US,,
T-001280,2025-03-24 01:17:00.000000,ACC-N0158,ACC-LAY20,5986.0,USD,DEP,ONL,US,JP,,
T-001281,2025-04-03 15:25:00.000000,ACC-LAY02,ACC-LAY03,88224.23,USD,WIRE,WR,SG,FR,Y,LAYERING
T-001282,2025-04-03 05:51:00.000000,ACC-RCO05,ACC-SMF16,1339.27,USD,XFER,ONL,JP,DE,,
T-001283,2025-03-22 11:01:00.000000,ACC-N0209,ACC-N0098,4208.62,USD,XFER,MOB,GB,FR,,
T-001284,2025-04-30 10:25:00.000000,ACC-N0007,ACC-N0028,3761.79,USD,WD,BRN,CA,JP,,
T-001285,2025-04-22 22:54:00.000000,ACC-RCO06,ACC-N0055,1190.05,USD,WD,BRN,JP,SG,,
T-001286,2025-05-07 14:09:00.000000,ACC-N0076,ACC-N0029,5326.77,USD,DEP,ONL,JP,GB,,
T-001287,2025-05-10 17:22:00.000000,ACC-STR02,ACC-N0162,9707.76,USD,CSH,ATM,US,US,Y,STRUCTURING
T-001288,2025-05-06 20:48:37.596351,ACC-RCO10,ACC-N0067,7046.32,USD,CSH,BRN,US,US,Y,RAPID_CASHOUT
T-001289,2025-04-16 08:53:00.000000,ACC-N0103,ACC-N0023,12906.49,USD,XFER,MOB,GB,FR,,
T-001290,2025-04-30 00:42:00.000000,ACC-N0067,ACC-N0070,6198.98,USD,WD,ATM,DE,CA,,
T-001291,2025-03-21 06:13:00.000000,ACC-N0086,ACC-N0219,13250.9,USD,WD,ATM,JP,US,,
T-001292,2025-03-02 22:23:00.000000,ACC-LAY07,ACC-LAY14,8874.58,USD,XFER,ONL,GB,SG,,
T-001293,2025-03-03 14:39:00.000000,ACC-N0048,ACC-N0216,4526.87,USD,DEP,ATM,SG,GB,,
T-001294,2025-05-21 11:19:00.000000,ACC-N0074,ACC-N0067,13972.15,USD,XFER,ONL,US,GB,,
T-001295,2025-05-08 01:52:16.574239,ACC-RCO09,ACC-SMF08,5692.37,USD,CSH,BRN,US,US,Y,RAPID_CASHOUT
T-001296,2025-03-13 06:15:00.000000,ACC-N0197,ACC-N0073,1727.73,USD,XFER,ONL,SG,GB,,
T-001297,2025-05-10 22:56:00.000000,ACC-N0131,ACC-N0072,1782.83,USD,WD,BRN,CA,JP,,
T-001298,2025-03-09 15:47:00.000000,ACC-N0155,ACC-N0122,3933.94,USD,DEP,ATM,AU,JP,,
T-001299,2025-04-04 06:17:00.000000,ACC-N0113,ACC-LAY13,10006.32,USD,XFER,MOB,SG,SG,,
T-001300,2025-05-13 15:35:00.000000,ACC-N0199,ACC-N0113,3725.63,USD,XFER,MOB,JP,DE,,
T-001301,2025-05-21 03:19:00.000000,ACC-N0198,ACC-N0004,4708.91,USD,DEP,ONL,US,AU,,
T-001302,2025-04-03 14:06:00.000000,ACC-LAY24,ACC-RCO03,16830.21,USD,WIRE,WR,AU,US,Y,RAPID_CASHOUT
T-001303,2025-05-10 06:54:00.000000,ACC-N0117,ACC-N0067,12169.98,USD,XFER,ONL,GB,AU,,
T-001304,2025-04-12 10:42:00.000000,ACC-N0188,ACC-N0011,3349.82,USD,WD,ATM,JP,CA,,
T-001305,2025-03-21 07:23:00.000000,ACC-N0156,ACC-N0145,352.86,USD,XFER,ONL,GB,SG,,
T-001306,2025-04-16 20:08:00.000000,ACC-N0006,ACC-N0152,8540.33,USD,WD,BRN,US,GB,,
T-001307,2025-03-14 18:36:00.000000,ACC-LAY22,ACC-STR06,1622.7,USD,DEP,ONL,SG,FR,,
T-001308,2025-05-06 03:28:00.000000,ACC-N0094,ACC-RCO03,10974.67,USD,DEP,ONL,SG,GB,,
T-001309,2025-04-21 20:12:00.000000,ACC-N0017,ACC-N0169,7711.01,USD,XFER,MOB,FR,DE,,
T-001310,2025-05-17 11:47:00.000000,ACC-RCO06,ACC-SMF08,7190.92,USD,WD,BRN,CA,CA,,
T-001311,2025-03-03 20:42:49.511450,ACC-HUB02,ACC-SMF08,8051.42,USD,XFER,ONL,US,US,Y,SMURFING
T-001312,2025-03-04 20:29:00.000000,ACC-N0172,ACC-SMF23,693.1,USD,XFER,ONL,AU,DE,,
T-001313,2025-03-08 01:00:00.000000,ACC-STR08,ACC-N0112,9480.42,USD,CSH,ATM,US,US,Y,STRUCTURING
T-001314,2025-04-08 06:01:00.000000,ACC-N0069,ACC-N0001,4458.32,USD,WD,BRN,CA,US,,
T-001315,2025-03-02 02:53:49.644950,ACC-HUB02,ACC-SMF12,8207.51,USD,XFER,ONL,US,US,Y,SMURFING
T-001316,2025-05-07 08:18:00.000000,ACC-LAY11,ACC-LAY12,132502.9,USD,WIRE,WR,AU,GB,Y,LAYERING
T-001317,2025-03-25 10:55:00.000000,ACC-LAY21,ACC-LAY22,288239.19,USD,WIRE,WR,US,GB,Y,LAYERING
T-001318,2025-04-05 12:03:00.000000,ACC-N0007,ACC-HUB03,867.85,USD,XFER,ONL,JP,GB,,
T-001319,2025-03-30 06:51:00.000000,ACC-N0214,ACC-SMF23,8609.64,USD,WD,ATM,DE,SG,,
T-001320,2025-04-21 08:26:30.383819,ACC-RCO05,ACC-N0193,9954.17,USD,CSH,BRN,US,US,Y,RAPID_CASHOUT
T-001321,2025-05-08 11:34:00.000000,ACC-N0192,ACC-N0022,2830.23,USD,XFER,MOB,AU,US,,
T-001322,2025-03-12 21:22:00.000000,ACC-N0070,ACC-N0123,4405.25,USD,XFER,MOB,CA,FR,,
T-001323,2025-04-13 06:06:00.000000,ACC-STR12,ACC-N0107,9925.18,USD,CSH,BRN,US,US,Y,STRUCTURING
T-001324,2025-04-21 10:55:00.000000,ACC-LAY11,ACC-N0028,12662.45,USD,DEP,ATM,CA,GB,,
T-001325,2025-05-15 10:02:00.000000,ACC-N0040,ACC-N0121,8055.9,USD,XFER,MOB,US,GB,,
T-001326,2025-04-21 07:10:49.562157,ACC-RCO05,ACC-N0131,9954.17,USD,CSH,BRN,US,US,Y,RAPID_CASHOUT
T-001327,2025-04-24 14:01:00.000000,ACC-N0197,ACC-N0100,8836.68,USD,DEP,BRN,FR,DE,,
T-001328,2025-04-04 11:10:00.000000,ACC-STR10,ACC-N0158,5627.04,USD,XFER,ONL,SG,DE,,
T-001329,2025-05-02 21:32:00.000000,ACC-N0096,ACC-N0162,1223.67,USD,XFER,ONL,SG,CA,,
T-001330,2025-03-06 22:51:00.000000,ACC-SMF01,ACC-N0138,64.69,USD,XFER,ONL,FR,AU,,
T-001331,2025-04-09 07:23:00.000000,ACC-N0016,ACC-N0020,13508.4,USD,XFER,MOB,DE,FR,,
T-001332,2025-03-19 09:29:00.000000,ACC-LAY17,ACC-STR05,1895.68,USD,WD,ATM,US,DE,,
T-001333,2025-05-20 15:17:00.000000,ACC-SMF12,ACC-N0138,82.6,USD,WD,BRN,CA,FR,,
T-001334,2025-05-08 15:54:00.000000,ACC-SMF03,ACC-SMF04,4089.77,USD,XFER,MOB,FR,CA,,
T-001335,2025-05-09 00:31:00.000000,ACC-N0051,ACC-N0110,426.08,USD,XFER,ONL,JP,JP,,
T-001336,2025-04-20 13:47:00.000000,ACC-N0217,ACC-N0098,3454.52,USD,DEP,BRN,GB,US,,
T-001337,2025-03-26 03:05:00.000000,ACC-N0011,ACC-N0132,7766.81,USD,XFER,MOB,FR,GB,,
T-001338,2025-03-31 05:26:00.000000,ACC-N0197,ACC-N0042,8136.4,USD,DEP,ATM,FR,AU,,
T-001339,2025-05-08 02:33:00.000000,ACC-N0007,ACC-N0150,3763.83,USD,XFER,ONL,DE,SG,,
T-001340,2025-05-02 03:03:00.000000,ACC-N0060,ACC-N0050,1665.89,USD,DEP,ONL,AU,JP,,
T-001341,2025-05-08 10:11:00.000000,ACC-N0025,ACC-N0179,240.23,USD,WD,ATM,AU,DE,,
T-001342,2025-04-01 19:52:00.000000,ACC-N0199,ACC-N0076,10347.06,USD,WD,BRN,CA,AU,,
T-001343,2025-03-05 05:21:00.000000,ACC-N0077,ACC-N0175,10065.57,USD,XFER,ONL,FR,GB,,
T-001344,2025-03-14 15:42:00.000000,ACC-N0166,ACC-N0165,8324.51,USD,DEP,ONL,CA,FR,,
T-001345,2025-03-24 15:26:00.000000,ACC-N0190,ACC-N0147,4782.39,USD,XFER,MOB,CA,US,,
T-001346,2025-05-01 22:53:00.000000,ACC-N0092,ACC-N0094,2607.73,USD,XFER,ONL,SG,SG,,
T-001347,2025-04-28 20:54:00.000000,ACC-N0194,ACC-N0166,215.57,USD,DEP,ATM,SG,US,,
T-001348,2025-05-10 18:21:00.000000,ACC-STR02,ACC-N0162,8966.39,USD,XFER,BRN,US,US,Y,STRUCTURING
T-001349,2025-03-27 03:18:00.000000,ACC-LAY23,ACC-N0101,2162.5,USD,XFER,MOB,AU,JP,,
T-001350,2025-04-21 10:59:00.000000,ACC-N0017,ACC-SMF08,9589.09,USD,XFER,ONL,AU,FR,,
T-001351,2025-05-21 03:59:00.000000,ACC-LAY06,ACC-N0179,8433.47,USD,XFER,ONL,SG,SG,,
T-001352,2025-03-03 09:36:01.485552,ACC-HUB02,ACC-SMF11,7412.18,USD,XFER,ONL,US,US,Y,SMURFING
T-001353,2025-05-13 16:19:00.000000,ACC-SMF22,ACC-N0068,14693.5,USD,DEP,BRN,GB,US,,
T-001354,2025-05-17 18:11:00.000000,ACC-N0150,ACC-N0134,2617.63,USD,WD,ATM,DE,US,,
T-001355,2025-04-16 04:55:00.000000,ACC-N0055,ACC-N0187,2464.78,USD,XFER,MOB,GB,US,,
T-001356,2025-04-11 00:35:00.000000,ACC-N0111,ACC-N0075,2215.61,USD,XFER,MOB,DE,AU,,
T-001357,2025-05-04 00:29:00.000000,ACC-N0028,ACC-RCO03,4729.86,USD,XFER,ONL,JP,AU,,
T-001358,2025-04-20 21:54:00.000000,ACC-LAY19,ACC-N0195,1739.79,USD,DEP,ATM,AU,DE,,
T-001359,2025-03-20 15:24:00.000000,ACC-N0137,ACC-HUB01,6100.95,USD,WD,BRN,CA,CA,,
T-001360,2025-04-05 08:50:00.000000,ACC-N0013,ACC-LAY12,7156.96,USD,WD,BRN,FR,AU,,
T-001361,2025-04-11 10:26:00.000000,ACC-STR12,ACC-N0107,9651.04,USD,XFER,BRN,US,US,Y,STRUCTURING
T-001362,2025-04-02 15:28:00.000000,ACC-SMF14,ACC-SMF03,6815.62,USD,XFER,ONL,DE,SG,,
T-001363,2025-04-29 15:52:00.000000,ACC-N0173,ACC-N0034,13963.88,USD,XFER,MOB,GB,CA,,
T-001364,2025-05-24 16:02:00.000000,ACC-N0207,ACC-N0165,7677.51,USD,WD,BRN,CA,SG,,
T-001365,2025-03-10 16:41:00.000000,ACC-LAY09,ACC-STR05,9835.43,USD,DEP,ONL,US,CA,,
T-001366,2025-05-28 00:15:00.000000,ACC-SMF05,ACC-N0065,13155.14,USD,XFER,ONL,DE,AU,,
T-001367,2025-03-29 21:52:24.270733,ACC-HUB03,ACC-SMF16,8225.97,USD,XFER,ONL,US,US,Y,SMURFING
T-001368,2025-03-26 04:46:00.000000,ACC-N0020,ACC-STR04,2525.92,USD,DEP,ONL,JP,US,,
T-001369,2025-04-02 12:54:00.000000,ACC-LAY06,ACC-N0108,14360.13,USD,DEP,BRN,FR,FR,,
T-001370,2025-04-27 07:29:00.000000,ACC-STR05,ACC-N0048,9686.3,USD,CSH,BRN,US,US,Y,STRUCTURING
T-001371,2025-05-20 03:04:00.000000,ACC-LAY08,ACC-N0163,9755.87,USD,DEP,ATM,JP,AU,,
T-001372,2025-05-06 23:13:00.000000,ACC-HUB01,ACC-N0139,14010.73,USD,XFER,ONL,SG,AU,,
T-001373,2025-03-07 11:49:00.000000,ACC-N0185,ACC-N0027,9470.83,USD,WD,BRN,DE,DE,,
T-001374,2025-03-21 03:55:00.000000,ACC-N0123,ACC-N0018,8122.29,USD,XFER,ONL,FR,AU,,
T-001375,2025-03-11 10:37:00.000000,ACC-N0126,ACC-N0053,6371.54,USD,XFER,ONL,FR,GB,,
T-001376,2025-03-12 16:32:00.000000,ACC-N0090,ACC-LAY18,2507.87,USD,XFER,ONL,GB,CA,,
T-001377,2025-04-17 09:25:00.000000,ACC-N0003,ACC-RCO05,4020.14,USD,DEP,ONL,CA,JP,,
T-001378,2025-03-08 18:47:00.000000,ACC-N0139,ACC-LAY13,12704.73,USD,XFER,MOB,US,SG,,
T-001379,2025-04-04 07:00:00.000000,ACC-STR04,ACC-N0097,12146.27,USD,XFER,ONL,SG,DE,,
T-001380,2025-04-16 22:46:00.000000,ACC-N0143,ACC-N0186,13821.06,USD,XFER,MOB,GB,SG,,
T-001381,2025-05-06 18:46:00.000000,ACC-N0133,ACC-LAY13,11972.05,USD,XFER,MOB,SG,GB,,
T-001382,2025-04-24 23:32:00.000000,ACC-N0004,ACC-N0008,2879.71,USD,DEP,ATM,CA,CA,,
T-001383,2025-04-29 22:13:00.000000,ACC-N0115,ACC-N0050,2137.1,USD,WD,ATM,CA,US,,
T-001384,2025-04-09 03:01:00.000000,ACC-N0214,ACC-HUB02,5479.11,USD,WD,ATM,CA,JP,,
T-001385,2025-03-19 17:41:00.000000,ACC-N0120,ACC-N0166,14409.52,USD,DEP,BRN,DE,SG,,
T-001386,2025-03-10 19:00:00.000000,ACC-STR08,ACC-N0112,9323.32,USD,CSH,BRN,US,US,Y,STRUCTURING
T-001387,2025-05-16 17:14:00.000000,ACC-N0187,ACC-N0131,3637.1,USD,WD,BRN,FR,CA,,
T-001388,2025-03-03 14:33:00.000000,ACC-SMF13,ACC-N0129,3830.38,USD,WD,BRN,GB,SG,,
T-001389,2025-04-10 15:13:00.000000,ACC-N0212,ACC-N0182,12647.86,USD,XFER,MOB,CA,GB,,
T-001390,2025-03-28 01:31:00.000000,ACC-N0120,ACC-N0207,3278.48,USD,DEP,ATM,DE,AU,,
T-001391,2025-05-22 11:44:00.000000,ACC-LAY23,ACC-N0075,74.63,USD,DEP,ATM,SG,US,,
T-001392,2025-04-15 05:36:00.000000,ACC-LAY18,ACC-N0100,1595.87,USD,WD,BRN,JP,US,,
T-001393,2025-05-03 02:57:00.000000,ACC-STR03,ACC-N0005,9129.96,USD,XFER,ATM,US,US,Y,STRUCTURING
T-001394,2025-03-02 17:49:00.000000,ACC-N0126,ACC-SMF10,9291.41,USD,DEP,ONL,AU,JP,,
T-001395,2025-03-29 09:50:00.000000,ACC-N0205,ACC-N0117,13835.15,USD,XFER,MOB,DE,CA,,
T-001396,2025-04-14 08:56:00.000000,ACC-RCO01,ACC-RCO05,2482.04,USD,WD,ATM,CA,JP,,
T-001397,2025-03-13 23:44:00.000000,ACC-STR05,ACC-N0179,3161.86,USD,DEP,ATM,JP,CA,,
T-001398,2025-05-07 13:52:00.000000,ACC-N0199,ACC-N0186,13488.79,USD,DEP,ATM,CA,CA,,
T-001399,2025-03-12 14:56:00.000000,ACC-N0027,ACC-N0184,1691.4,USD,WD,BRN,DE,US,,
T-001400,2025-03-26 13:56:00.000000,ACC-STR12,ACC-N0034,11463.95,USD,XFER,ONL,SG,DE,,
T-001401,2025-04-27 18:38:00.000000,ACC-N0027,ACC-LAY10,9348.99,USD,XFER,ONL,GB,DE,,
T-001402,2025-03-03 19:03:00.000000,ACC-RCO03,ACC-HUB01,12575.06,USD,XFER,ONL,CA,US,,
T-001403,2025-03-22 02:20:00.000000,ACC-LAY19,ACC-LAY21,6187.09,USD,XFER,MOB,AU,SG,,
T-001404,2025-04-27 15:52:00.000000,ACC-N0106,ACC-N0022,5562.41,USD,WD,BRN,CA,SG,,
T-001405,2025-04-03 07:34:00.000000,ACC-SMF16,ACC-N0092,8990.01,USD,WD,ATM,FR,CA,,
T-001406,2025-03-26 13:28:00.000000,ACC-N0071,ACC-N0179,4959.51,USD,XFER,ONL,JP,US,,
T-001407,2025-05-09 12:30:00.000000,ACC-N0207,ACC-LAY24,14441.13,USD,WD,BRN,JP,CA,,
T-001408,2025-04-11 08:01:00.000000,ACC-RCO10,ACC-RCO01,4962.82,USD,XFER,MOB,SG,DE,,
T-001409,2025-04-11 14:19:00.000000,ACC-N0107,ACC-N0134,6070.4,USD,DEP,BRN,FR,CA,,
T-001410,2025-05-19 18:05:42.804822,ACC-HUB01,ACC-SMF01,9481.8,USD,XFER,ONL,US,US,Y,SMURFING
T-001411,2025-03-28 16:44:00.000000,ACC-SMF01,ACC-N0197,135.47,USD,WD,BRN,FR,DE,,
T-001412,2025-03-26 06:38:00.000000,ACC-N0110,ACC-N0195,4009.18,USD,XFER,MOB,DE,CA,,
T-001413,2025-05-20 19:33:00.000000,ACC-N0162,ACC-N0076,4660.02,USD,DEP,ONL,GB,US,,
T-001414,2025-04-30 03:01:00.000000,ACC-N0133,ACC-N0142,4777.98,USD,DEP,BRN,GB,DE,,
T-001415,2025-03-07 08:40:00.000000,ACC-N0121,ACC-LAY07,681.21,USD,XFER,ONL,GB,AU,,
T-001416,2025-04-14 22:58:00.000000,ACC-N0144,ACC-N0180,9994.82,USD,DEP,BRN,DE,SG,,
T-001417,2025-05-20 12:41:00.000000,ACC-N0122,ACC-STR11,5220.5,USD,XFER,ONL,CA,FR,,
T-001418,2025-04-02 03:41:00.000000,ACC-N0209,ACC-N0132,6756.58,USD,XFER,ONL,GB,AU,,
T-001419,2025-03-10 22:40:00.000000,ACC-STR10,ACC-N0204,9504.93,USD,XFER,ATM,US,US,Y,STRUCTURING
T-001420,2025-04-04 13:49:00.000000,ACC-N0062,ACC-N0036,12630.84,USD,DEP,BRN,DE,US,,
T-001421,2025-05-12 05:31:00.000000,ACC-N0153,ACC-STR09,1029.2,USD,XFER,ONL,AU,CA,,
T-001422,2025-03-01 10:28:00.000000,ACC-N0022,ACC-N0012,4738.65,USD,XFER,MOB,FR,GB,,
T-001423,2025-04-11 09:38:00.000000,ACC-N0140,ACC-N0034,7044.59,USD,WD,ATM,DE,FR,,
T-001424,2025-04-09 22:38:00.000000,ACC-N0089,ACC-RCO02,7888.66,USD,DEP,ONL,JP,SG,,
T-001425,2025-05-27 20:43:00.000000,ACC-SMF07,ACC-N0119,12094.99,USD,DEP,BRN,US,CA,,
T-001426,2025-05-07 22:40:00.000000,ACC-N0001,ACC-N0019,6364.67,USD,WD,BRN,JP,SG,,
T-001427,2025-05-11 00:51:10.590091,ACC-HUB04,ACC-SMF19,8412.49,USD,XFER,ONL,US,US,Y,SMURFING
T-001428,2025-04-23 05:43:00.000000,ACC-N0144,ACC-N0178,1196.24,USD,XFER,MOB,GB,FR,,
T-001429,2025-04-25 05:12:00.000000,ACC-N0144,ACC-STR08,12135.75,USD,DEP,ATM,SG,FR,,
T-001430,2025-05-14 14:40:00.000000,ACC-N0123,ACC-N0012,14508.21,USD,WD,ATM,AU,FR,,
T-001431,2025-04-29 16:42:00.000000,ACC-STR06,ACC-SMF24,9647.7,USD,CSH,ATM,US,US,Y,STRUCTURING
T-001432,2025-04-25 14:11:00.000000,ACC-N0210,ACC-N0206,7770.88,USD,XFER,MOB,GB,CA,,
T-001433,2025-05-06 11:40:00.000000,ACC-N0182,ACC-N0163,231.12,USD,XFER,MOB,FR,CA,,
T-001434,2025-04-10 11:57:00.000000,ACC-N0214,ACC-LAY01,12611.31,USD,WD,ATM,FR,CA,,
T-001435,2025-04-25 18:35:00.000000,ACC-SMF03,ACC-LAY05,3275.16,USD,XFER,ONL,US,US,,
T-001436,2025-04-15 22:18:00.000000,ACC-RCO07,ACC-N0109,10605.81,USD,DEP,ATM,JP,DE,,
T-001437,2025-04-12 06:52:00.000000,ACC-N0059,ACC-RCO09,9351.49,USD,XFER,MOB,GB,GB,,
T-001438,2025-03-02 22:19:14.292298,ACC-RCO02,ACC-SMF08,12738.92,USD,CSH,ATM,US,US,Y,RAPID_CASHOUT
T-001439,2025-05-20 03:32:00.000000,ACC-N0173,ACC-N0024,1973.65,USD,XFER,MOB,JP,AU,,
T-001440,2025-03-07 05:46:00.000000,ACC-SMF06,ACC-N0025,2252.11,USD,XFER,MOB,US,DE,,
T-001441,2025-04-06 18:13:00.000000,ACC-LAY09,ACC-N0106,421.31,USD,WD,ATM,FR,GB,,
T-001442,2025-03-12 02:45:00.000000,ACC-N0168,ACC-N0197,12552.28,USD,WD,ATM,SG,CA,,
T-001443,2025-03-26 22:31:00.000000,ACC-N0167,ACC-N0203,8219.97,USD,DEP,ONL,AU,GB,,
T-001444,2025-05-05 09:37:00.000000,ACC-N0114,ACC-N0113,9626.52,USD,DEP,BRN,GB,GB,,
T-001445,2025-05-09 16:55:00.000000,ACC-SMF18,ACC-N0148,11743.54,USD,XFER,MOB,AU,DE,,
T-001446,2025-04-30 05:22:00.000000,ACC-STR05,ACC-N0048,9295.81,USD,CSH,ATM,US,US,Y,STRUCTURING
T-001447,2025-03-10 07:14:00.000000,ACC-N0055,ACC-N0180,3500.35,USD,DEP,BRN,AU,SG,,
T-001448,2025-04-01 03:10:00.000000,ACC-N0148,ACC-N0080,7526.99,USD,XFER,ONL,AU,US,,
T-001449,2025-04-27 09:50:00.000000,ACC-N0099,ACC-N0109,9281.47,USD,WD,BRN,SG,SG,,
T-001450,2025-05-14 08:36:00.000000,ACC-N0159,ACC-N0089,4501.68,USD,WD,ATM,US,CA,,
T-001451,2025-03-28 20:44:00.000000,ACC-SMF23,ACC-HUB01,11939.89,USD,XFER,MOB,GB,SG,,
T-001452,2025-04-06 00:02:00.000000,ACC-SMF23,ACC-STR11,8116.43,USD,XFER,ONL,US,FR,,
T-001453,2025-03-02 14:31:00.000000,ACC-N0068,ACC-N0147,5183.5,USD,XFER,MOB,US,DE,,
T-001454,2025-03-14 02:09:00.000000,ACC-LAY18,ACC-N0142,6888.83,USD,WD,BRN,GB,AU,,
T-001455,2025-04-19 18:46:00.000000,ACC-N0145,ACC-LAY21,11806.8,USD,XFER,MOB,GB,AU,,
T-001456,2025-05-27 02:57:00.000000,ACC-SMF01,ACC-N0077,8241.4,USD,WD,BRN,US,US,,
T-001457,2025-05-14 06:09:00.000000,ACC-N0140,ACC-N0089,3908.71,USD,XFER,MOB,AU,AU,,
T-001458,2025-03-03 00:57:00.000000,ACC-N0123,ACC-N0093,9979.73,USD,XFER,ONL,SG,FR,,
T-001459,2025-03-09 23:11:00.000000,ACC-N0179,ACC-RCO09,6915.19,USD,WD,BRN,JP,JP,,
T-001460,2025-03-21 00:23:00.000000,ACC-N0167,ACC-N0075,3663.55,USD,DEP,BRN,FR,JP,,
T-001461,2025-05-01 20:29:00.000000,ACC-STR06,ACC-SMF24,8985.58,USD,CSH,ATM,US,US,Y,STRUCTURING
T-001462,2025-04-25 22:51:00.000000,ACC-N0104,ACC-STR02,5493.93,USD,WD,ATM,GB,DE,,
T-001463,2025-04-29 09:46:00.000000,ACC-N0054,ACC-N0148,9686.75,USD,XFER,MOB,DE,FR,,
T-001464,2025-04-19 07:37:00.000000,ACC-LAY05,ACC-RCO07,13634.38,USD,XFER,MOB,CA,SG,,
T-001465,2025-04-10 00:21:00.000000,ACC-N0049,ACC-SMF13,2453.14,USD,XFER,MOB,DE,AU,,
T-001466,2025-04-10 04:12:00.000000,ACC-N0189,ACC-N0185,4246.26,USD,WD,BRN,CA,GB,,
T-001467,2025-03-13 05:39:00.000000,ACC-STR08,ACC-N0112,9782.46,USD,CSH,BRN,US,US,Y,STRUCTURING
T-001468,2025-04-13 13:39:00.000000,ACC-N0190,ACC-N0076,2475.88,USD,XFER,MOB,US,SG,,
T-001469,2025-05-12 15:49:00.000000,ACC-N0069,ACC-N0084,4346.19,USD,XFER,ONL,SG,JP,,
T-001470,2025-04-21 19:35:00.000000,ACC-N0139,ACC-N0080,13514.96,USD,DEP,BRN,GB,FR,,
T-001471,2025-03-12 18:53:00.000000,ACC-N0182,ACC-N0220,3588.03,USD,WD,ATM,GB,AU,,
T-001472,2025-04-08 03:17:00.000000,ACC-N0190,ACC-SMF19,4135.4,USD,XFER,MOB,AU,GB,,
T-001473,2025-03-04 19:24:00.000000,ACC-N0019,ACC-N0219,3811.06,USD,DEP,BRN,SG,AU,,
T-001474,2025-05-09 08:58:00.000000,ACC-N0191,ACC-N0205,3318.13,USD,WD,ATM,GB,AU,,
T-001475,2025-03-13 11:38:00.000000,ACC-N0054,ACC-N0182,7235.3,USD,XFER,ONL,JP,DE,,
T-001476,2025-03-21 13:50:00.000000,ACC-N0028,ACC-N0075,8010.81,USD,DEP,BRN,AU,SG,,
T-001477,2025-05-09 20:33:00.000000,ACC-N0098,ACC-N0067,14758.16,USD,DEP,ATM,FR,DE,,
T-001478,2025-05-20 14:00:00.000000,ACC-N0068,ACC-N0172,10675.52,USD,XFER,MOB,GB,US,,
T-001479,2025-04-16 18:10:00.000000,ACC-N0132,ACC-N0159,8788.91,USD,XFER,MOB,CA,AU,,
T-001480,2025-05-22 06:18:00.000000,ACC-N0116,ACC-N0107,1602.47,USD,DEP,BRN,SG,FR,,
T-001481,2025-04-12 09:20:00.000000,ACC-N0203,ACC-SMF15,583.73,USD,XFER,ONL,FR,AU,,
T-001482,2025-04-26 06:26:00.000000,ACC-N0154,ACC-SMF05,9014.25,USD,DEP,ATM,DE,JP,,
T-001483,2025-03-27 21:21:00.000000,ACC-N0216,ACC-N0006,7380.21,USD,DEP,BRN,US,FR,,
T-001484,2025-05-05 20:04:00.000000,ACC-SMF11,ACC-N0164,11943.71,USD,WD,ATM,JP,DE,,
T-001485,2025-04-08 08:04:00.000000,ACC-N0149,ACC-N0189,9457.82,USD,XFER,ONL,FR,JP,,
T-001486,2025-03-05 14:55:00.000000,ACC-LAY16,ACC-SMF01,8655.15,USD,WD,ATM,GB,SG,,
T-001487,2025-03-22 11:04:00.000000,ACC-N0110,ACC-STR06,8515.61,USD,XFER,MOB,DE,US,,
T-001488,2025-03-31 10:41:08.470861,ACC-HUB03,ACC-SMF15,7008.31,USD,XFER,ONL,US,US,Y,SMURFING
T-001489,2025-04-05 15:34:00.000000,ACC-STR04,ACC-N0205,7661.91,USD,XFER,MOB,SG,SG,,
T-001490,2025-03-29 16:57:00.000000,ACC-SMF12,ACC-N0003,14347.93,USD,XFER,MOB,AU,SG,,
T-001491,2025-03-01 12:24:00.000000,ACC-N0021,ACC-N0151,7602.95,USD,XFER,ONL,GB,AU,,
T-001492,2025-03-14 06:09:00.000000,ACC-N0156,ACC-RCO07,79189.43,USD,WIRE,WR,CA,US,Y,RAPID_CASHOUT
T-001493,2025-04-27 18:15:00.000000,ACC-N0129,ACC-LAY12,3859.99,USD,DEP,BRN,FR,SG,,
T-001494,2025-05-04 16:10:00.000000,ACC-LAY11,ACC-LAY05,9396.42,USD,WD,BRN,DE,US,,
T-001495,2025-04-20 14:21:00.000000,ACC-N0171,ACC-N0196,14234.64,USD,WD,BRN,GB,DE,,
T-001496,2025-04-02 06:49:00.000000,ACC-N0037,ACC-N0115,10265.69,USD,WD,ATM,AU,GB,,
T-001497,2025-04-26 22:23:00.000000,ACC-N0026,ACC-N0037,5879.19,USD,WD,BRN,GB,JP,,
T-001498,2025-04-17 19:11:00.000000,ACC-N0009,ACC-SMF08,5086.58,USD,XFER,MOB,FR,SG,,
T-001499,2025-05-19 20:34:00.000000,ACC-N0132,ACC-N0098,13135.96,USD,XFER,ONL,SG,DE,,
T-001500,2025-03-07 15:06:00.000000,ACC-N0159,ACC-SMF22,10882.9,USD,XFER,MOB,AU,AU,,
T-001501,2025-03-06 04:24:00.000000,ACC-N0107,ACC-N0117,5512.12,USD,XFER,ONL,JP,FR,,
T-001502,2025-04-27 12:58:00.000000,ACC-N0042,ACC-N0082,14039.17,USD,XFER,MOB,JP,JP,,
T-001503,2025-03-02 09:55:00.000000,ACC-N0045,ACC-N0087,10862.72,USD,DEP,BRN,GB,US,,
T-001504,2025-03-03 05:01:04.917159,ACC-HUB02,ACC-SMF08,7066.83,USD,XFER,ONL,US,US,Y,SMURFING
T-001505,2025-05-15 19:20:00.000000,ACC-N0076,ACC-N0161,7686.52,USD,DEP,ONL,FR,DE,,
T-001506,2025-04-19 13:10:00.000000,ACC-N0144,ACC-N0039,7995.8,USD,DEP,ONL,FR,GB,,
T-001507,2025-05-21 17:17:00.000000,ACC-N0158,ACC-N0155,1356.2,USD,DEP,BRN,US,FR,,
T-001508,2025-03-23 22:57:00.000000,ACC-N0169,ACC-N0033,4150.27,USD,WD,BRN,GB,DE,,
T-001509,2025-04-04 00:29:00.000000,ACC-STR07,ACC-N0081,9936.9,USD,XFER,ATM,US,US,Y,STRUCTURING
T-001510,2025-05-06 04:05:00.000000,ACC-N0173,ACC-N0010,4358.81,USD,WD,ATM,CA,AU,,
T-001511,2025-04-22 11:12:00.000000,ACC-N0150,ACC-N0156,12973.43,USD,XFER,ONL,US,GB,,
T-001512,2025-04-18 07:50:00.000000,ACC-N0178,ACC-LAY07,9040.46,USD,DEP,BRN,DE,CA,,
T-001513,2025-04-25 18:38:00.000000,ACC-N0159,ACC-N0191,1003.49,USD,XFER,ONL,JP,SG,,
T-001514,2025-05-01 03:32:00.000000,ACC-N0042,ACC-LAY21,13062.09,USD,XFER,MOB,FR,SG,,
T-001515,2025-03-26 20:05:00.000000,ACC-HUB04,ACC-N0054,9269.88,USD,XFER,MOB,JP,JP,,
T-001516,2025-05-25 13:05:00.000000,ACC-RCO01,ACC-N0137,9427.46,USD,DEP,ONL,AU,US,,
T-001517,2025-05-22 07:39:00.000000,ACC-N0189,ACC-LAY13,2403.43,USD,WD,BRN,FR,JP,,
T-001518,2025-03-27 06:51:00.000000,ACC-N0088,ACC-SMF10,2635.28,USD,WD,ATM,CA,JP,,
T-001519,2025-04-05 14:58:00.000000,ACC-N0019,ACC-SMF22,2024.72,USD,XFER,ONL,AU,JP,,
T-001520,2025-05-24 18:35:00.000000,ACC-N0155,ACC-RCO05,1588.73,USD,DEP,ATM,US,DE,,
T-001521,2025-03-16 16:13:00.000000,ACC-LAY13,ACC-LAY14,122832.03,USD,WIRE,WR,JP,AU,Y,LAYERING
T-001522,2025-05-03 09:46:00.000000,ACC-N0101,ACC-N0057,11918.65,USD,DEP,ATM,CA,GB,,
T-001523,2025-04-13 19:25:00.000000,ACC-N0179,ACC-N0204,6251.29,USD,WD,BRN,JP,GB,,
T-001524,2025-04-29 10:12:00.000000,ACC-STR05,ACC-N0094,13608.51,USD,XFER,ONL,CA,AU,,
T-001525,2025-03-09 21:37:00.000000,ACC-N0097,ACC-N0152,9619.5,USD,WD,BRN,US,CA,,
T-001526,2025-05-22 11:52:00.000000,ACC-RCO08,ACC-N0179,13874.86,USD,XFER,MOB,JP,FR,,
T-001527,2025-03-01 01:42:00.000000,ACC-N0031,ACC-SMF12,529.79,USD,XFER,ONL,JP,DE,,
T-001528,2025-04-26 09:01:00.000000,ACC-N0190,ACC-RCO02,4008.79,USD,XFER,MOB,JP,DE,,
T-001529,2025-04-18 14:15:00.000000,ACC-N0078,ACC-N0077,2044.96,USD,XFER,MOB,FR,JP,,
T-001530,2025-03-04 03:07:00.000000,ACC-N0193,ACC-LAY19,13841.71,USD,XFER,MOB,JP,DE,,
T-001531,2025-03-14 23:25:00.000000,ACC-STR10,ACC-N0204,8979.12,USD,XFER,BRN,US,US,Y,STRUCTURING
T-001532,2025-04-17 17:49:00.000000,ACC-N0200,ACC-RCO08,8128.47,USD,DEP,BRN,FR,US,,
T-001533,2025-03-18 08:06:00.000000,ACC-N0217,ACC-N0216,894.32,USD,XFER,ONL,DE,CA,,
T-001534,2025-04-29 01:50:00.000000,ACC-N0064,ACC-N0193,13750.95,USD,XFER,MOB,FR,FR,,
T-001535,2025-03-01 22:41:00.000000,ACC-N0069,ACC-HUB02,164473.2,USD,WIRE,WR,US,US,Y,SMURFING
T-001536,2025-03-18 10:24:00.000000,ACC-SMF06,ACC-N0032,4581.61,USD,DEP,ATM,DE,FR,,
T-001537,2025-03-30 03:54:00.000000,ACC-N0088,ACC-N0132,6048.65,USD,DEP,BRN,SG,AU,,
T-001538,2025-03-28 00:52:00.000000,ACC-SMF05,ACC-N0062,7668.27,USD,XFER,ONL,GB,DE,,
T-001539,2025-03-19 05:30:00.000000,ACC-LAY12,ACC-N0101,4463.44,USD,WD,ATM,AU,CA,,
T-001540,2025-05-10 08:43:00.000000,ACC-N0060,ACC-RCO09,6683.44,USD,DEP,BRN,JP,US,,
T-001541,2025-05-20 04:20:00.000000,ACC-N0154,ACC-N0039,2270.69,USD,DEP,ONL,JP,SG,,
T-001542,2025-05-03 08:31:00.000000,ACC-N0057,ACC-N0179,12281.45,USD,WD,ATM,AU,AU,,
T-001543,2025-04-27 20:39:00.000000,ACC-N0076,ACC-SMF19,11008.4,USD,DEP,BRN,CA,SG,,
T-001544,2025-03-05 03:07:00.000000,ACC-N0093,ACC-N0052,1272.26,USD,XFER,MOB,AU,GB,,
T-001545,2025-05-26 00:06:00.000000,ACC-N0177,ACC-N0186,2257.17,USD,XFER,ONL,US,DE,,
T-001546,2025-04-23 10:57:00.000000,ACC-N0176,ACC-N0063,14358.2,USD,XFER,MOB,DE,US,,
T-001547,2025-03-12 14:06:00.000000,ACC-N0169,ACC-LAY02,11731.27,USD,WD,BRN,CA,JP,,
T-001548,2025-04-28 03:59:00.000000,ACC-HUB02,ACC-LAY24,10828.82,USD,XFER,MOB,FR,DE,,
T-001549,2025-04-16 06:21:00.000000,ACC-SMF05,ACC-N0005,14609.05,USD,XFER,ONL,AU,GB,,
T-001550,2025-05-29 23:33:00.000000,ACC-N0134,ACC-N0092,10892.51,USD,WD,ATM,US,US,,
T-001551,2025-05-11 14:33:16.655850,ACC-HUB04,ACC-SMF23,7542.84,USD,XFER,ONL,US,US,Y,SMURFING
T-001552,2025-03-26 03:31:00.000000,ACC-N0061,ACC-N0012,13450.63,USD,WD,BRN,GB,JP,,
T-001553,2025-03-31 15:21:44.072838,ACC-HUB03,ACC-SMF18,9300.37,USD,XFER,ONL,US,US,Y,SMURFING
T-001554,2025-04-19 13:05:00.000000,ACC-STR09,ACC-N0035,9184.57,USD,CSH,ATM,US,US,Y,STRUCTURING
T-001555,2025-04-28 15:00:00.000000,ACC-N0019,ACC-N0180,12754.96,USD,XFER,ONL,GB,FR,,
T-001556,2025-04-13 08:03:00.000000,ACC-RCO09,ACC-STR07,2400.86,USD,WD,BRN,US,SG,,
T-001557,2025-04-28 09:48:00.000000,ACC-N0120,ACC-N0056,3200.52,USD,DEP,BRN,CA,CA,,
T-001558,2025-04-01 21:58:00.000000,ACC-N0111,ACC-LAY15,10617.0,USD,XFER,MOB,US,DE,,
T-001559,2025-03-25 16:40:00.000000,ACC-RCO04,ACC-STR02,10381.92,USD,XFER,MOB,JP,US,,
T-001560,2025-04-09 06:19:00.000000,ACC-STR12,ACC-N0107,9365.38,USD,CSH,BRN,US,US,Y,STRUCTURING
T-001561,2025-05-23 13:13:00.000000,ACC-LAY09,ACC-LAY20,11445.75,USD,WD,BRN,SG,CA,,
T-001562,2025-05-10 10:34:00.000000,ACC-N0007,ACC-N0154,10176.05,USD,WD,BRN,DE,JP,,
T-001563,2025-05-28 18:27:00.000000,ACC-N0093,ACC-N0160,6891.41,USD,WD,BRN,JP,AU,,
T-001564,2025-05-24 11:49:00.000000,ACC-N0023,ACC-N0193,12663.52,USD,XFER,MOB,SG,JP,,
T-001565,2025-03-23 23:20:00.000000,ACC-SMF14,ACC-N0076,8446.81,USD,DEP,ONL,US,AU,,
T-001566,2025-03-01 02:39:00.000000,ACC-N0116,ACC-N0065,14861.41,USD,WD,BRN,DE,CA,,
T-001567,2025-04-05 15:09:00.000000,ACC-RCO06,ACC-STR02,7100.88,USD,DEP,BRN,GB,JP,,
T-001568,2025-03-21 18:15:00.000000,ACC-N0065,ACC-SMF05,13243.34,USD,WD,BRN,AU,JP,,
T-001569,2025-03-20 09:31:00.000000,ACC-N0056,ACC-N0204,12879.06,USD,XFER,MOB,FR,DE,,
T-001570,2025-03-10 17:41:00.000000,ACC-N0061,ACC-N0114,10987.78,USD,XFER,ONL,US,GB,,
T-001571,2025-04-11 22:04:00.000000,ACC-N0179,ACC-N0084,13467.86,USD,XFER,MOB,JP,AU,,
T-001572,2025-05-24 17:19:00.000000,ACC-N0065,ACC-N0182,1492.42,USD,XFER,ONL,JP,GB,,
T-001573,2025-04-05 00:34:00.000000,ACC-SMF10,ACC-N0041,8373.73,USD,XFER,MOB,SG,US,,
T-001574,2025-04-25 01:30:00.000000,ACC-N0016,ACC-N0205,201.24,USD,WD,ATM,JP,DE,,
T-001575,2025-03-15 20:40:00.000000,ACC-N0035,ACC-SMF03,14735.5,USD,DEP,BRN,CA,GB,,
T-001576,2025-03-20 22:40:00.000000,ACC-N0179,ACC-RCO09,4406.42,USD,DEP,ATM,AU,CA,,
T-001577,2025-04-23 20:12:00.000000,ACC-N0079,ACC-N0074,2195.4,USD,WD,BRN,AU,US,,
T-001578,2025-04-27 22:27:00.000000,ACC-N0041,ACC-LAY11,647.4,USD,DEP,ATM,US,AU,,
T-001579,2025-04-03 11:30:00.000000,ACC-N0106,ACC-RCO06,390.29,USD,XFER,ONL,AU,AU,,
T-001580,2025-05-09 04:24:00.000000,ACC-SMF17,ACC-N0179,5904.35,USD,XFER,ONL,GB,US,,
T-001581,2025-04-08 13:25:00.000000,ACC-STR07,ACC-N0136,2012.77,USD,WD,ATM,SG,FR,,
T-001582,2025-04-17 21:16:00.000000,ACC-N0145,ACC-LAY06,2232.47,USD,XFER,MOB,CA,GB,,
T-001583,2025-04-02 20:27:00.000000,ACC-N0061,ACC-LAY15,13895.91,USD,WD,BRN,FR,US,,
T-001584,2025-05-01 11:12:00.000000,ACC-STR03,ACC-N0005,9150.06,USD,XFER,BRN,US,US,Y,STRUCTURING
T-001585,2025-04-18 04:28:00.000000,ACC-SMF19,ACC-N0123,165.14,USD,XFER,MOB,SG,CA,,
T-001586,2025-03-12 16:32:00.000000,ACC-STR08,ACC-N0112,9395.19,USD,CSH,ATM,US,US,Y,STRUCTURING
T-001587,2025-03-05 23:40:00.000000,ACC-N0140,ACC-N0137,13947.23,USD,WD,BRN,AU,DE,,
T-001588,2025-05-23 17:51:00.000000,ACC-LAY07,ACC-N0031,2848.03,USD,WD,ATM,SG,CA,,
T-001589,2025-04-05 21:56:00.000000,ACC-N0218,ACC-N0109,3618.74,USD,WD,BRN,US,DE,,
T-001590,2025-05-18 14:30:00.000000,ACC-N0213,ACC-N0197,4285.82,USD,XFER,MOB,CA,FR,,
T-001591,2025-03-14 11:38:00.000000,ACC-N0115,ACC-N0202,8343.53,USD,XFER,MOB,FR,GB,,
T-001592,2025-03-07 03:17:00.000000,ACC-N0090,ACC-RCO10,11765.66,USD,WD,ATM,SG,FR,,
T-001593,2025-03-13 23:46:00.000000,ACC-N0105,ACC-N0174,3064.55,USD,XFER,MOB,GB,FR,,
T-001594,2025-03-09 06:54:00.000000,ACC-LAY07,ACC-N0211,869.94,USD,WD,ATM,JP,JP,,
T-001595,2025-03-15 22:55:00.000000,ACC-RCO05,ACC-STR02,10479.03,USD,XFER,ONL,AU,GB,,
T-001596,2025-04-21 09:58:00.000000,ACC-N0099,ACC-N0028,4550.58,USD,XFER,ONL,CA,AU,,
T-001597,2025-03-22 04:54:00.000000,ACC-N0127,ACC-N0027,5252.37,USD,XFER,MOB,US,JP,,
T-001598,2025-05-26 07:00:00.000000,ACC-N0023,ACC-N0052,10997.8,USD,DEP,ONL,JP,JP,,
T-001599,2025-04-12 01:29:00.000000,ACC-N0099,ACC-LAY04,13781.59,USD,XFER,MOB,DE,GB,,
T-001600,2025-03-22 18:00:00.000000,ACC-N0025,ACC-SMF08,11583.23,USD,XFER,MOB,FR,GB,,
T-001601,2025-04-04 12:08:00.000000,ACC-N0053,ACC-N0106,1455.42,USD,XFER,MOB,SG,DE,,
T-001602,2025-03-19 11:05:00.000000,ACC-LAY06,ACC-SMF08,3932.34,USD,XFER,ONL,US,CA,,
T-001603,2025-03-24 12:55:00.000000,ACC-N0164,ACC-N0212,5168.73,USD,WD,ATM,US,US,,
T-001604,2025-05-07 17:49:00.000000,ACC-N0175,ACC-RCO09,23715.39,USD,WIRE,WR,US,US,Y,RAPID_CASHOUT
T-001605,2025-05-12 01:36:00.000000,ACC-N0153,ACC-N0130,9768.77,USD,DEP,ATM,CA,DE,,
T-001606,2025-03-01 10:48:00.000000,ACC-N0195,ACC-N0040,11484.65,USD,XFER,MOB,JP,GB,,
T-001607,2025-04-17 00:37:00.000000,ACC-N0207,ACC-N0117,3943.97,USD,DEP,BRN,AU,US,,
T-001608,2025-04-22 22:00:00.000000,ACC-N0219,ACC-N0040,10191.08,USD,XFER,ONL,US,SG,,
T-001609,2025-04-20 00:14:00.000000,ACC-N0062,ACC-RCO06,10311.01,USD,XFER,ONL,DE,FR,,
T-001610,2025-04-11 23:40:00.000000,ACC-N0208,ACC-RCO04,11324.09,USD,DEP,ATM,JP,CA,,
T-001611,2025-05-09 02:28:00.000000,ACC-N0140,ACC-N0135,12974.89,USD,DEP,ONL,AU,US,,
T-001612,2025-04-24 15:27:00.000000,ACC-N0024,ACC-HUB03,13479.99,USD,WD,BRN,US,US,,
T-001613,2025-05-03 19:16:00.000000,ACC-N0024,ACC-RCO05,13336.62,USD,XFER,MOB,US,JP,,
T-001614,2025-03-18 17:45:00.000000,ACC-N0045,ACC-N0098,3918.05,USD,XFER,ONL,FR,CA,,
T-001615,2025-05-18 15:12:00.000000,ACC-N0042,ACC-LAY03,4128.96,USD,DEP,BRN,GB,FR,,
T-001616,2025-05-19 05:21:00.000000,ACC-N0187,ACC-N0180,14910.35,USD,XFER,MOB,CA,AU,,
T-001617,2025-05-12 13:21:00.000000,ACC-LAY12,ACC-RCO07,14577.88,USD,WD,ATM,FR,SG,,
T-001618,2025-05-04 03:07:00.000000,ACC-SMF24,ACC-N0111,5115.9,USD,XFER,ONL,US,AU,,
T-001619,2025-03-16 16:07:00.000000,ACC-N0074,ACC-N0152,11979.59,USD,WD,ATM,AU,SG,,
T-001620,2025-03-30 04:16:00.000000,ACC-N0143,ACC-LAY24,8102.57,USD,WD,ATM,CA,DE,,
T-001621,2025-03-23 17:41:00.000000,ACC-SMF02,ACC-SMF11,3246.22,USD,XFER,MOB,GB,US,,
T-001622,2025-04-23 01:45:00.000000,ACC-N0007,ACC-N0131,4722.25,USD,XFER,ONL,JP,GB,,
T-001623,2025-03-02 16:53:00.000000,ACC-N0194,ACC-HUB01,5816.58,USD,DEP,ATM,GB,DE,,
T-001624,2025-04-20 10:22:00.000000,ACC-N0114,ACC-N0073,10648.6,USD,WD,BRN,FR,GB,,
T-001625,2025-03-11 09:25:00.000000,ACC-LAY01,ACC-N0040,12983.84,USD,XFER,ONL,DE,CA,,
T-001626,2025-05-02 14:12:00.000000,ACC-N0055,ACC-N0118,3628.94,USD,WD,ATM,GB,CA,,
T-001627,2025-03-30 16:55:53.702529,ACC-HUB03,ACC-SMF14,7786.24,USD,XFER,ONL,US,US,Y,SMURFING
T-001628,2025-04-23 03:42:00.000000,ACC-N0046,ACC-N0139,3781.9,USD,DEP,ATM,AU,SG,,
T-001629,2025-05-27 09:22:00.000000,ACC-N0117,ACC-N0086,9280.55,USD,XFER,MOB,FR,DE,,
T-001630,2025-04-07 02:32:00.000000,ACC-N0176,ACC-LAY02,1546.26,USD,XFER,MOB,US,US,,
T-001631,2025-04-10 12:58:00.000000,ACC-LAY11,ACC-N0104,12529.53,USD,DEP,ATM,GB,DE,,
T-001632,2025-03-06 20:23:00.000000,ACC-N0012,ACC-N0084,3163.67,USD,WD,BRN,US,AU,,
T-001633,2025-03-31 08:46:53.538844,ACC-HUB03,ACC-SMF17,7547.07,USD,XFER,ONL,US,US,Y,SMURFING
T-001634,2025-03-15 09:26:00.000000,ACC-SMF24,ACC-N0212,3058.98,USD,DEP,BRN,SG,DE,,
T-001635,2025-05-02 19:27:00.000000,ACC-N0020,ACC-N0020,4337.37,USD,DEP,ATM,JP,AU,,
T-001636,2025-05-04 15:42:00.000000,ACC-LAY22,ACC-SMF02,9210.4,USD,DEP,BRN,JP,SG,,
T-001637,2025-03-05 19:45:00.000000,ACC-N0147,ACC-N0196,8039.13,USD,XFER,ONL,SG,FR,,
T-001638,2025-04-23 08:07:00.000000,ACC-LAY10,ACC-SMF18,5829.07,USD,WD,BRN,DE,GB,,
T-001639,2025-03-10 08:05:00.000000,ACC-SMF13,ACC-N0126,7215.84,USD,XFER,ONL,SG,CA,,
T-001640,2025-03-15 19:03:00.000000,ACC-N0102,ACC-SMF09,13883.51,USD,WD,ATM,AU,FR,,
T-001641,2025-03-14 04:50:00.000000,ACC-SMF20,ACC-N0142,6083.89,USD,XFER,MOB,AU,SG,,
T-001642,2025-05-19 01:05:00.000000,ACC-N0175,ACC-N0015,12749.0,USD,WD,ATM,FR,GB,,
T-001643,2025-03-30 01:12:00.000000,ACC-RCO10,ACC-N0034,10670.95,USD,WD,BRN,GB,FR,,
T-001644,2025-03-10 12:14:00.000000,ACC-N0051,ACC-N0143,2971.04,USD,XFER,MOB,US,DE,,
T-001645,2025-05-23 09:49:00.000000,ACC-N0161,ACC-N0006,1105.96,USD,WD,BRN,DE,AU,,
T-001646,2025-03-17 01:36:00.000000,ACC-RCO08,ACC-N0014,8872.99,USD,WD,BRN,SG,DE,,
T-001647,2025-03-17 02:03:00.000000,ACC-STR10,ACC-N0204,9841.4,USD,CSH,ATM,US,US,Y,STRUCTURING
T-001648,2025-03-12 10:06:00.000000,ACC-N0112,ACC-LAY17,1321.57,USD,XFER,ONL,GB,US,,
T-001649,2025-04-03 11:25:00.000000,ACC-STR06,ACC-N0090,8396.19,USD,XFER,MOB,DE,JP,,
T-001650,2025-04-09 15:36:00.000000,ACC-N0159,ACC-N0091,9867.95,USD,WD,ATM,AU,AU,,
T-001651,2025-04-22 18:53:00.000000,ACC-N0114,ACC-N0030,5632.05,USD,XFER,MOB,SG,FR,,
T-001652,2025-03-31 10:48:41.467746,ACC-HUB03,ACC-SMF14,7012.77,USD,XFER,ONL,US,US,Y,SMURFING
T-001653,2025-03-11 23:00:00.000000,ACC-N0121,ACC-N0054,4884.85,USD,XFER,MOB,DE,FR,,
T-001654,2025-05-24 00:36:00.000000,ACC-N0206,ACC-SMF04,13608.13,USD,WD,BRN,US,JP,,
T-001655,2025-03-19 17:54:00.000000,ACC-LAY09,ACC-N0158,4789.85,USD,DEP,BRN,AU,US,,
T-001656,2025-05-28 17:01:00.000000,ACC-N0021,ACC-RCO02,14785.04,USD,XFER,MOB,AU,SG,,
T-001657,2025-04-27 22:35:00.000000,ACC-N0064,ACC-N0157,9106.65,USD,XFER,ONL,DE,JP,,
T-001658,2025-04-11 06:00:00.000000,ACC-SMF18,ACC-N0211,5828.05,USD,WD,ATM,SG,CA,,
T-001659,2025-04-12 23:48:00.000000,ACC-SMF23,ACC-SMF15,9028.88,USD,WD,ATM,DE,DE,,
T-001660,2025-03-20 04:45:00.000000,ACC-N0105,ACC-N0030,6882.44,USD,XFER,ONL,GB,DE,,
T-001661,2025-04-05 16:42:00.000000,ACC-STR02,ACC-LAY12,4937.58,USD,DEP,BRN,US,AU,,
T-001662,2025-03-26 21:00:00.000000,ACC-N0213,ACC-N0218,6559.29,USD,XFER,ONL,FR,JP,,
T-001663,2025-05-05 09:10:00.000000,ACC-N0176,ACC-N0156,14545.04,USD,XFER,MOB,JP,FR,,
T-001664,2025-04-19 09:18:00.000000,ACC-HUB03,ACC-LAY23,12306.5,USD,XFER,ONL,AU,FR,,
T-001665,2025-04-24 17:45:00.000000,ACC-N0106,ACC-N0055,465.41,USD,DEP,ATM,CA,GB,,
T-001666,2025-05-17 09:25:00.000000,ACC-N0099,ACC-N0184,13411.23,USD,WD,BRN,DE,US,,
T-001667,2025-04-12 00:20:00.000000,ACC-N0116,ACC-RCO07,10783.02,USD,WD,ATM,AU,FR,,
T-001668,2025-05-20 18:52:00.000000,ACC-N0094,ACC-N0212,6359.94,USD,WD,BRN,SG,DE,,
T-001669,2025-05-17 04:59:00.000000,ACC-N0132,ACC-N0061,5094.65,USD,XFER,MOB,US,US,,
T-001670,2025-04-13 19:40:00.000000,ACC-STR12,ACC-N0107,8831.83,USD,XFER,BRN,US,US,Y,STRUCTURING
T-001671,2025-03-20 23:11:00.000000,ACC-N0019,ACC-N0007,10296.97,USD,WD,ATM,CA,FR,,
T-001672,2025-04-10 00:59:00.000000,ACC-N0152,ACC-N0075,11601.0,USD,DEP,ONL,DE,US,,
T-001673,2025-05-23 19:38:00.000000,ACC-N0142,ACC-N0203,7948.66,USD,WD,ATM,DE,AU,,
T-001674,2025-04-28 12:24:00.000000,ACC-N0161,ACC-N0197,6221.62,USD,XFER,MOB,US,CA,,
T-001675,2025-04-15 00:17:00.000000,ACC-SMF04,ACC-N0109,10575.39,USD,XFER,MOB,AU,CA,,
T-001676,2025-05-16 21:42:00.000000,ACC-N0042,ACC-N0097,1999.14,USD,XFER,ONL,US,GB,,
T-001677,2025-04-07 10:09:00.000000,ACC-SMF17,ACC-LAY05,3938.57,USD,DEP,ATM,AU,US,,
T-001678,2025-05-14 17:57:00.000000,ACC-N0204,ACC-HUB02,2454.85,USD,DEP,ATM,CA,JP,,
T-001679,2025-05-06 20:03:00.000000,ACC-N0164,ACC-N0121,4869.81,USD,XFER,ONL,JP,GB,,
T-001680,2025-05-22 04:09:00.000000,ACC-RCO03,ACC-N0179,7153.16,USD,XFER,ONL,SG,CA,,
T-001681,2025-04-26 05:08:00.000000,ACC-SMF07,ACC-N0215,13109.1,USD,DEP,ATM,SG,DE,,
T-001682,2025-03-19 00:09:00.000000,ACC-N0207,ACC-N0195,10949.01,USD,WD,ATM,GB,FR,,
T-001683,2025-03-20 09:10:00.000000,ACC-N0127,ACC-N0029,12683.15,USD,XFER,MOB,DE,US,,
T-001684,2025-04-27 06:51:00.000000,ACC-SMF08,ACC-SMF05,8014.99,USD,XFER,ONL,DE,FR,,
T-001685,2025-03-07 08:56:00.000000,ACC-N0037,ACC-N0020,1565.02,USD,WD,BRN,GB,GB,,
T-001686,2025-03-28 17:50:00.000000,ACC-N0052,ACC-STR12,7725.4,USD,XFER,MOB,AU,JP,,
T-001687,2025-04-19 20:00:00.000000,ACC-N0106,ACC-N0052,270.75,USD,DEP,BRN,FR,JP,,
T-001688,2025-03-30 04:45:56.202185,ACC-HUB03,ACC-SMF17,7047.06,USD,XFER,ONL,US,US,Y,SMURFING
T-001689,2025-03-26 10:55:00.000000,ACC-LAY23,ACC-LAY24,268304.17,USD,WIRE,WR,FR,AU,Y,LAYERING
T-001690,2025-05-12 04:11:00.000000,ACC-LAY07,ACC-LAY08,281156.03,USD,WIRE,WR,CA,GB,Y,LAYERING
T-001691,2025-05-17 17:56:00.000000,ACC-N0046,ACC-N0066,11515.88,USD,XFER,ONL,GB,SG,,
T-001692,2025-05-25 00:35:00.000000,ACC-N0013,ACC-N0220,9593.4,USD,XFER,ONL,DE,CA,,
T-001693,2025-03-27 17:45:00.000000,ACC-STR11,ACC-N0088,8905.48,USD,CSH,BRN,US,US,Y,STRUCTURING
T-001694,2025-03-05 08:53:00.000000,ACC-N0080,ACC-N0127,5866.28,USD,XFER,ONL,GB,FR,,
T-001695,2025-03-05 07:28:00.000000,ACC-SMF14,ACC-HUB02,12251.33,USD,WD,ATM,FR,SG,,
T-001696,2025-03-18 23:05:00.000000,ACC-N0096,ACC-N0006,947.64,USD,XFER,ONL,AU,JP,,
T-001697,2025-03-12 11:05:00.000000,ACC-N0155,ACC-N0060,8129.45,USD,DEP,ATM,JP,DE,,
T-001698,2025-05-03 00:50:00.000000,ACC-N0061,ACC-N0216,6885.2,USD,DEP,ATM,JP,DE,,
T-001699,2025-04-29 19:28:00.000000,ACC-N0001,ACC-N0066,5579.41,USD,XFER,ONL,GB,US,,
T-001700,2025-04-03 21:38:36.103512,ACC-RCO03,ACC-N0071,3931.17,USD,CSH,BRN,US,US,Y,RAPID_CASHOUT
T-001701,2025-04-26 15:47:00.000000,ACC-N0170,ACC-N0083,11416.85,USD,XFER,ONL,CA,JP,,
T-001702,2025-05-14 17:33:00.000000,ACC-N0144,ACC-N0060,6436.55,USD,DEP,BRN,JP,FR,,
T-001703,2025-05-27 06:05:00.000000,ACC-N0186,ACC-N0047,5791.96,USD,XFER,ONL,US,FR,,
T-001704,2025-03-17 23:11:00.000000,ACC-LAY13,ACC-N0213,9563.36,USD,WD,ATM,FR,GB,,
T-001705,2025-03-10 17:28:00.000000,ACC-N0047,ACC-N0170,5416.19,USD,DEP,ATM,DE,AU,,
T-001706,2025-05-26 15:43:00.000000,ACC-N0036,ACC-N0195,8381.78,USD,XFER,ONL,AU,AU,,
T-001707,2025-03-06 06:17:00.000000,ACC-STR12,ACC-N0075,9618.98,USD,WD,ATM,FR,DE,,
T-001708,2025-03-19 00:36:00.000000,ACC-LAY12,ACC-N0148,6280.76,USD,DEP,BRN,US,US,,
T-001709,2025-03-20 20:48:00.000000,ACC-N0053,ACC-N0030,2828.69,USD,WD,ATM,US,FR,,
T-001710,2025-03-25 08:36:00.000000,ACC-LAY11,ACC-N0162,11842.01,USD,WD,BRN,DE,JP,,
